{
  "type": "FeatureCollection",
  "name": "Comuni catastali area Melegnano",
  "features": [
    {
      "type": "Feature",
      "properties": {
        "name": "Carpiano",
        "istat_code": "015050",
        "administrative_unit": "B820",
        "sheet_count": 13,
        "source": "Agenzia Entrate WFS CP:CadastralZoning, fogli catastali raggruppati per comune"
      },
      "geometry": {
        "type": "Polygon",
        "coordinates": [
          [
            [
              9.24768012,
              45.33740106
            ],
            [
              9.24771705,
              45.33737306
            ],
            [
              9.24774614,
              45.33733287
            ],
            [
              9.24773992,
              45.33732497
            ],
            [
              9.24824457,
              45.33689461
            ],
            [
              9.24870274,
              45.33650454
            ],
            [
              9.24892349,
              45.33631713
            ],
            [
              9.2489957,
              45.33625468
            ],
            [
              9.24904297,
              45.33622024
            ],
            [
              9.2491482,
              45.33614112
            ],
            [
              9.24920593,
              45.3361028
            ],
            [
              9.24936256,
              45.33596344
            ],
            [
              9.24968097,
              45.33569191
            ],
            [
              9.24971075,
              45.33566391
            ],
            [
              9.2497736,
              45.33562447
            ],
            [
              9.25020485,
              45.33526838
            ],
            [
              9.2507276,
              45.33483511
            ],
            [
              9.25168883,
              45.33401575
            ],
            [
              9.25173232,
              45.33402117
            ],
            [
              9.25176566,
              45.33398989
            ],
            [
              9.25171975,
              45.33395636
            ],
            [
              9.2515994,
              45.33388951
            ],
            [
              9.25079591,
              45.33344183
            ],
            [
              9.25056496,
              45.3333142
            ],
            [
              9.25030592,
              45.33318677
            ],
            [
              9.25027611,
              45.33317041
            ],
            [
              9.2506124,
              45.33298349
            ],
            [
              9.25076045,
              45.33289613
            ],
            [
              9.25089536,
              45.33285936
            ],
            [
              9.25119196,
              45.33280545
            ],
            [
              9.25132799,
              45.33277876
            ],
            [
              9.2514523,
              45.33275183
            ],
            [
              9.25170862,
              45.33266325
            ],
            [
              9.25203325,
              45.33248254
            ],
            [
              9.25216866,
              45.33240646
            ],
            [
              9.2522389,
              45.33238643
            ],
            [
              9.25230683,
              45.33238553
            ],
            [
              9.25237118,
              45.33242649
            ],
            [
              9.25254458,
              45.33256684
            ],
            [
              9.25267044,
              45.33266466
            ],
            [
              9.25275016,
              45.33270767
            ],
            [
              9.25286022,
              45.33272843
            ],
            [
              9.25296671,
              45.33270559
            ],
            [
              9.25305619,
              45.33267423
            ],
            [
              9.25328803,
              45.33258764
            ],
            [
              9.25349361,
              45.33248467
            ],
            [
              9.25377201,
              45.33236563
            ],
            [
              9.25400775,
              45.33226532
            ],
            [
              9.2541185,
              45.33221829
            ],
            [
              9.25423106,
              45.3321925
            ],
            [
              9.2543299,
              45.33217297
            ],
            [
              9.2545228,
              45.33215918
            ],
            [
              9.25460827,
              45.33213559
            ],
            [
              9.2547562,
              45.33209111
            ],
            [
              9.25484552,
              45.33206288
            ],
            [
              9.25500682,
              45.33196634
            ],
            [
              9.25534441,
              45.33174274
            ],
            [
              9.25572239,
              45.3314836
            ],
            [
              9.25579756,
              45.33145289
            ],
            [
              9.25593871,
              45.33139402
            ],
            [
              9.25612054,
              45.33136044
            ],
            [
              9.25633496,
              45.33132126
            ],
            [
              9.25643973,
              45.33129141
            ],
            [
              9.25663463,
              45.33120338
            ],
            [
              9.25692168,
              45.33105897
            ],
            [
              9.2571396,
              45.33093623
            ],
            [
              9.25738742,
              45.33083491
            ],
            [
              9.25751585,
              45.33078115
            ],
            [
              9.25773862,
              45.33071626
            ],
            [
              9.25790287,
              45.3306244
            ],
            [
              9.25808715,
              45.33050863
            ],
            [
              9.25851496,
              45.3302857
            ],
            [
              9.25876558,
              45.33017416
            ],
            [
              9.25921722,
              45.329977
            ],
            [
              9.25967398,
              45.32978052
            ],
            [
              9.2597631,
              45.32974247
            ],
            [
              9.2598293,
              45.32973842
            ],
            [
              9.25991018,
              45.32976092
            ],
            [
              9.26070108,
              45.3301407
            ],
            [
              9.26076591,
              45.33015249
            ],
            [
              9.26079271,
              45.33013965
            ],
            [
              9.26080303,
              45.3301329
            ],
            [
              9.26082953,
              45.33012323
            ],
            [
              9.26087996,
              45.33008073
            ],
            [
              9.26090065,
              45.33006162
            ],
            [
              9.26146135,
              45.32961341
            ],
            [
              9.26205285,
              45.32912747
            ],
            [
              9.2620863,
              45.32914645
            ],
            [
              9.26214561,
              45.32917505
            ],
            [
              9.26218465,
              45.32919399
            ],
            [
              9.26327044,
              45.3297076
            ],
            [
              9.26452754,
              45.33028796
            ],
            [
              9.26507867,
              45.33054653
            ],
            [
              9.26517943,
              45.33046121
            ],
            [
              9.26547137,
              45.33023366
            ],
            [
              9.26580778,
              45.32997747
            ],
            [
              9.26595255,
              45.32986747
            ],
            [
              9.2660213,
              45.32982648
            ],
            [
              9.26608005,
              45.32979849
            ],
            [
              9.26618626,
              45.32977202
            ],
            [
              9.26650562,
              45.32971602
            ],
            [
              9.26659182,
              45.32969799
            ],
            [
              9.26676444,
              45.32966565
            ],
            [
              9.26703994,
              45.32961157
            ],
            [
              9.26717894,
              45.32960715
            ],
            [
              9.26742325,
              45.32964964
            ],
            [
              9.2676384,
              45.32973449
            ],
            [
              9.26767319,
              45.3297174
            ],
            [
              9.26769183,
              45.32970636
            ],
            [
              9.26792158,
              45.3298652
            ],
            [
              9.26804801,
              45.32995517
            ],
            [
              9.26812425,
              45.33001441
            ],
            [
              9.26821659,
              45.33008604
            ],
            [
              9.26832089,
              45.33016826
            ],
            [
              9.26835784,
              45.3301981
            ],
            [
              9.268405332413195,
              45.330235666318124
            ],
            [
              9.26824149,
              45.33010419
            ],
            [
              9.26827152,
              45.33007936
            ],
            [
              9.26832409,
              45.33003837
            ],
            [
              9.2683027,
              45.33001613
            ],
            [
              9.26929019,
              45.32923671
            ],
            [
              9.26959221,
              45.3290306
            ],
            [
              9.2703739,
              45.32842626
            ],
            [
              9.27041535,
              45.32843485
            ],
            [
              9.2704097,
              45.32844021
            ],
            [
              9.27042915,
              45.3284454
            ],
            [
              9.27043737,
              45.32843718
            ],
            [
              9.27147,
              45.32895734
            ],
            [
              9.27149427,
              45.32895633
            ],
            [
              9.2715327,
              45.32892448
            ],
            [
              9.27153067,
              45.32891811
            ],
            [
              9.27236868,
              45.32821066
            ],
            [
              9.27231544,
              45.32818145
            ],
            [
              9.27230241,
              45.32819339
            ],
            [
              9.27209001,
              45.32805056
            ],
            [
              9.27145468,
              45.32762356
            ],
            [
              9.2708521,
              45.3272205
            ],
            [
              9.27085709,
              45.32721291
            ],
            [
              9.27082701,
              45.32719363
            ],
            [
              9.27079287,
              45.32716502
            ],
            [
              9.27084808,
              45.32708622
            ],
            [
              9.27121279,
              45.32677959
            ],
            [
              9.27168193,
              45.32636723
            ],
            [
              9.27261112,
              45.32555049
            ],
            [
              9.27266436,
              45.32551563
            ],
            [
              9.27271505,
              45.32551895
            ],
            [
              9.2727693,
              45.32552726
            ],
            [
              9.27281921,
              45.32555256
            ],
            [
              9.27286008,
              45.32559169
            ],
            [
              9.27289316,
              45.32563906
            ],
            [
              9.27326784,
              45.32584725
            ],
            [
              9.27428838,
              45.32643069
            ],
            [
              9.27441651,
              45.32646972
            ],
            [
              9.27443285,
              45.32646652
            ],
            [
              9.27471405,
              45.32619297
            ],
            [
              9.27511116,
              45.32591531
            ],
            [
              9.27548227,
              45.3256741
            ],
            [
              9.27480202,
              45.32526821
            ],
            [
              9.27428635,
              45.324954
            ],
            [
              9.27406139,
              45.32481905
            ],
            [
              9.27373509,
              45.32462724
            ],
            [
              9.27361068,
              45.32457098
            ],
            [
              9.27361268,
              45.324567
            ],
            [
              9.27398708,
              45.3242233
            ],
            [
              9.27409906,
              45.32412789
            ],
            [
              9.27461599,
              45.32361332
            ],
            [
              9.27467901,
              45.32365218
            ],
            [
              9.27510908,
              45.32389502
            ],
            [
              9.27545609,
              45.32409555
            ],
            [
              9.27567222,
              45.32420935
            ],
            [
              9.27596641,
              45.32437238
            ],
            [
              9.27624935,
              45.3245337
            ],
            [
              9.27657801,
              45.32473258
            ],
            [
              9.27664467,
              45.32477321
            ],
            [
              9.27672038,
              45.32483043
            ],
            [
              9.27676137,
              45.3248626
            ],
            [
              9.27680104,
              45.32483802
            ],
            [
              9.27708908,
              45.32463857
            ],
            [
              9.27714929,
              45.32459751
            ],
            [
              9.27725322,
              45.32453146
            ],
            [
              9.27740826,
              45.32442115
            ],
            [
              9.27751985,
              45.32447706
            ],
            [
              9.27792928,
              45.32468223
            ],
            [
              9.27797133,
              45.32473942
            ],
            [
              9.27826161,
              45.32482425
            ],
            [
              9.27834611,
              45.32486473
            ],
            [
              9.27840215,
              45.32488308
            ],
            [
              9.27835611,
              45.32491723
            ],
            [
              9.27831118,
              45.32498883
            ],
            [
              9.27809706,
              45.32522276
            ],
            [
              9.27801231,
              45.32530642
            ],
            [
              9.27797523,
              45.3253432
            ],
            [
              9.27794641,
              45.32539364
            ],
            [
              9.27792432,
              45.32545133
            ],
            [
              9.27794935,
              45.32571405
            ],
            [
              9.27792758,
              45.32578818
            ],
            [
              9.27780992,
              45.32595898
            ],
            [
              9.2776304,
              45.32619914
            ],
            [
              9.27747894,
              45.32639798
            ],
            [
              9.27739054,
              45.32651677
            ],
            [
              9.27726577,
              45.32666397
            ],
            [
              9.27722462,
              45.32672702
            ],
            [
              9.27716937,
              45.32678553
            ],
            [
              9.27692791,
              45.32697968
            ],
            [
              9.27681395,
              45.32706333
            ],
            [
              9.27669303,
              45.32717365
            ],
            [
              9.27672358,
              45.32719672
            ],
            [
              9.27680017,
              45.32723231
            ],
            [
              9.27683067,
              45.32724483
            ],
            [
              9.27689859,
              45.32726758
            ],
            [
              9.27692897,
              45.32726892
            ],
            [
              9.27735223,
              45.32742988
            ],
            [
              9.27905612,
              45.32810846
            ],
            [
              9.27928721,
              45.32820931
            ],
            [
              9.27932123,
              45.32822636
            ],
            [
              9.27935469,
              45.32823981
            ],
            [
              9.279394141143113,
              45.32825825046069
            ],
            [
              9.27940514,
              45.32824703
            ],
            [
              9.27947749,
              45.3282754
            ],
            [
              9.27964857,
              45.32808282
            ],
            [
              9.27982697,
              45.32790175
            ],
            [
              9.28018637,
              45.32752778
            ],
            [
              9.28049453,
              45.32723131
            ],
            [
              9.28130059,
              45.32760056
            ],
            [
              9.28140497,
              45.32764838
            ],
            [
              9.28126542,
              45.32779676
            ],
            [
              9.28126496,
              45.32779723
            ],
            [
              9.28047657,
              45.32864225
            ],
            [
              9.28063932,
              45.32870046
            ],
            [
              9.28095446,
              45.32888531
            ],
            [
              9.28126868,
              45.32907345
            ],
            [
              9.28173517,
              45.32935515
            ],
            [
              9.28190157,
              45.32945484
            ],
            [
              9.2819535,
              45.32949152
            ],
            [
              9.28205154,
              45.32958508
            ],
            [
              9.28200114,
              45.3296806
            ],
            [
              9.28188947,
              45.32988329
            ],
            [
              9.2818244,
              45.32999926
            ],
            [
              9.28177624,
              45.3300893
            ],
            [
              9.28169071,
              45.33025444
            ],
            [
              9.28165992,
              45.33031127
            ],
            [
              9.28160706,
              45.33039935
            ],
            [
              9.28166607,
              45.33042052
            ],
            [
              9.28207078,
              45.33031187
            ],
            [
              9.28244187,
              45.33020643
            ],
            [
              9.28258272,
              45.33016569
            ],
            [
              9.28268327,
              45.3301397
            ],
            [
              9.28335372,
              45.32997029
            ],
            [
              9.28338306,
              45.32996569
            ],
            [
              9.28355686,
              45.32992155
            ],
            [
              9.28350588,
              45.33022644
            ],
            [
              9.2833455,
              45.33023317
            ],
            [
              9.28316576,
              45.3302884
            ],
            [
              9.28290632,
              45.33033488
            ],
            [
              9.28284261,
              45.3303473
            ],
            [
              9.28278251,
              45.33036512
            ],
            [
              9.28248848,
              45.330449
            ],
            [
              9.28231818,
              45.33050122
            ],
            [
              9.28208218,
              45.33057591
            ],
            [
              9.28196172,
              45.33062374
            ],
            [
              9.28190316,
              45.33062325
            ],
            [
              9.28184926,
              45.33063867
            ],
            [
              9.28156574,
              45.33070746
            ],
            [
              9.28143715,
              45.33077201
            ],
            [
              9.28133618,
              45.33083747
            ],
            [
              9.28125681,
              45.33088863
            ],
            [
              9.28119067,
              45.33094457
            ],
            [
              9.28109641,
              45.33102816
            ],
            [
              9.28106647,
              45.33105145
            ],
            [
              9.28112703,
              45.33109078
            ],
            [
              9.28122553,
              45.33116159
            ],
            [
              9.28125038,
              45.33117804
            ],
            [
              9.28138696,
              45.33126173
            ],
            [
              9.28154082,
              45.33136578
            ],
            [
              9.28178428,
              45.33152991
            ],
            [
              9.28224283,
              45.3318446
            ],
            [
              9.28231333,
              45.33189395
            ],
            [
              9.28240656,
              45.33187513
            ],
            [
              9.28246643,
              45.33185129
            ],
            [
              9.28250162,
              45.33183353
            ],
            [
              9.28270986,
              45.33162695
            ],
            [
              9.28318345,
              45.33110148
            ],
            [
              9.28324703,
              45.33110363
            ],
            [
              9.28347569,
              45.33120261
            ],
            [
              9.28375232,
              45.33131872
            ],
            [
              9.28401403,
              45.33143211
            ],
            [
              9.28407801,
              45.33145698
            ],
            [
              9.28413057,
              45.33147012
            ],
            [
              9.2841812,
              45.33148853
            ],
            [
              9.28423364,
              45.33148255
            ],
            [
              9.28428739,
              45.33145741
            ],
            [
              9.28446051,
              45.33129172
            ],
            [
              9.28458789,
              45.33122398
            ],
            [
              9.28463348,
              45.33123065
            ],
            [
              9.28465547,
              45.33123956
            ],
            [
              9.28474336,
              45.33128325
            ],
            [
              9.28493784,
              45.3313805
            ],
            [
              9.28498279,
              45.33140307
            ],
            [
              9.28507363,
              45.33143954
            ],
            [
              9.28525286,
              45.33151934
            ],
            [
              9.28547303,
              45.33162138
            ],
            [
              9.28555964,
              45.33163561
            ],
            [
              9.28563682,
              45.33160505
            ],
            [
              9.28575318,
              45.33152888
            ],
            [
              9.28595438,
              45.33141424
            ],
            [
              9.28634067,
              45.33121719
            ],
            [
              9.28644924,
              45.33117569
            ],
            [
              9.28675433,
              45.33110715
            ],
            [
              9.28688091,
              45.33103938
            ],
            [
              9.28700997,
              45.33096483
            ],
            [
              9.28704868,
              45.33093179
            ],
            [
              9.28710293,
              45.33088345
            ],
            [
              9.28713666,
              45.3308119
            ],
            [
              9.28718843,
              45.33072045
            ],
            [
              9.28720832,
              45.33068272
            ],
            [
              9.28722353,
              45.33063501
            ],
            [
              9.28723785,
              45.33059763
            ],
            [
              9.28724131,
              45.33049465
            ],
            [
              9.28724093,
              45.33041269
            ],
            [
              9.28723901,
              45.33037635
            ],
            [
              9.28730907,
              45.33020481
            ],
            [
              9.28723474,
              45.33021385
            ],
            [
              9.28711469,
              45.33022279
            ],
            [
              9.28708806,
              45.33023884
            ],
            [
              9.2870622,
              45.33022288
            ],
            [
              9.2870265,
              45.33017293
            ],
            [
              9.28694372,
              45.33013394
            ],
            [
              9.28702025,
              45.33003423
            ],
            [
              9.28710856,
              45.32995084
            ],
            [
              9.28728253,
              45.32985322
            ],
            [
              9.28737798,
              45.32979673
            ],
            [
              9.28741751,
              45.32977434
            ],
            [
              9.28751265,
              45.32969082
            ],
            [
              9.28754692,
              45.32965619
            ],
            [
              9.28761255,
              45.32959385
            ],
            [
              9.28767405,
              45.32952828
            ],
            [
              9.28777021,
              45.32946394
            ],
            [
              9.28817923,
              45.32932912
            ],
            [
              9.28826743,
              45.3292728
            ],
            [
              9.2883049,
              45.32924254
            ],
            [
              9.28845986,
              45.32912533
            ],
            [
              9.28851636,
              45.32908442
            ],
            [
              9.28861596,
              45.32901535
            ],
            [
              9.28872639,
              45.32895201
            ],
            [
              9.28880675,
              45.32892723
            ],
            [
              9.28898733,
              45.3290802
            ],
            [
              9.28904512,
              45.32912916
            ],
            [
              9.28907043,
              45.32914697
            ],
            [
              9.28909008,
              45.32916301
            ],
            [
              9.28912109,
              45.32918833
            ],
            [
              9.28915318,
              45.32921833
            ],
            [
              9.2891863,
              45.32924867
            ],
            [
              9.28928737,
              45.32935302
            ],
            [
              9.28940507,
              45.32950785
            ],
            [
              9.28943747,
              45.32955154
            ],
            [
              9.28954839,
              45.32965671
            ],
            [
              9.28964236,
              45.32975089
            ],
            [
              9.28964798,
              45.32975693
            ],
            [
              9.28970619,
              45.32980726
            ],
            [
              9.2897303,
              45.32982607
            ],
            [
              9.28974489,
              45.32983797
            ],
            [
              9.28977958,
              45.32986373
            ],
            [
              9.28986252,
              45.32992643
            ],
            [
              9.29011037,
              45.33011294
            ],
            [
              9.290164,
              45.3301533
            ],
            [
              9.2902194,
              45.33019655
            ],
            [
              9.29024882,
              45.33021754
            ],
            [
              9.290338256482404,
              45.33028578438713
            ],
            [
              9.29027961,
              45.33023984
            ],
            [
              9.29020355,
              45.33017787
            ],
            [
              9.28996876,
              45.32999528
            ],
            [
              9.28982471,
              45.32988285
            ],
            [
              9.28966682,
              45.3297604
            ],
            [
              9.28961855,
              45.32971526
            ],
            [
              9.2895465,
              45.32964647
            ],
            [
              9.28943819,
              45.32954491
            ],
            [
              9.28927162,
              45.32932381
            ],
            [
              9.28917561,
              45.32922131
            ],
            [
              9.28902924,
              45.32910398
            ],
            [
              9.28889669,
              45.32899525
            ],
            [
              9.28881138,
              45.32891951
            ],
            [
              9.2888772,
              45.32891349
            ],
            [
              9.28897581,
              45.32892322
            ],
            [
              9.28898246,
              45.32892355
            ],
            [
              9.28911642,
              45.32888305
            ],
            [
              9.28913725,
              45.32888024
            ],
            [
              9.28921793,
              45.32886934
            ],
            [
              9.28932276,
              45.32889201
            ],
            [
              9.28941145,
              45.32893963
            ],
            [
              9.28947959,
              45.32897072
            ],
            [
              9.28958737,
              45.32896749
            ],
            [
              9.28995006,
              45.32896419
            ],
            [
              9.2901488,
              45.32896649
            ],
            [
              9.29023462,
              45.32896623
            ],
            [
              9.29040087,
              45.32899105
            ],
            [
              9.29059902,
              45.32898793
            ],
            [
              9.2906663,
              45.3289678
            ],
            [
              9.29075568,
              45.328965
            ],
            [
              9.29084614,
              45.32897344
            ],
            [
              9.29108169,
              45.32898288
            ],
            [
              9.29123655,
              45.3289889
            ],
            [
              9.29136076,
              45.32899538
            ],
            [
              9.29169063,
              45.32898392
            ],
            [
              9.29172694,
              45.32898707
            ],
            [
              9.29178339,
              45.32900999
            ],
            [
              9.29188896,
              45.3290378
            ],
            [
              9.29194413,
              45.32903837
            ],
            [
              9.29207909,
              45.32904662
            ],
            [
              9.29214695,
              45.32903992
            ],
            [
              9.29224643,
              45.32902879
            ],
            [
              9.29229229,
              45.32902072
            ],
            [
              9.29243502,
              45.32899395
            ],
            [
              9.29249536,
              45.32899882
            ],
            [
              9.29259985,
              45.32902268
            ],
            [
              9.29267399,
              45.32902787
            ],
            [
              9.29281045,
              45.3290343
            ],
            [
              9.29293925,
              45.32904041
            ],
            [
              9.29301589,
              45.32904235
            ],
            [
              9.29334542,
              45.32904713
            ],
            [
              9.29360634,
              45.32903623
            ],
            [
              9.29376893,
              45.32904837
            ],
            [
              9.29377759,
              45.3290469
            ],
            [
              9.29384715,
              45.32905281
            ],
            [
              9.29399957,
              45.32906859
            ],
            [
              9.29436137,
              45.32903827
            ],
            [
              9.2945916,
              45.32902639
            ],
            [
              9.29470801,
              45.32902028
            ],
            [
              9.29487697,
              45.32901002
            ],
            [
              9.29504958,
              45.32900077
            ],
            [
              9.29519004,
              45.32899416
            ],
            [
              9.29532385,
              45.32898538
            ],
            [
              9.29560474,
              45.32903847
            ],
            [
              9.29568473,
              45.32903622
            ],
            [
              9.29583708,
              45.32903199
            ],
            [
              9.29593799,
              45.3290111
            ],
            [
              9.29603609,
              45.32901442
            ],
            [
              9.29611917,
              45.32905691
            ],
            [
              9.29613537,
              45.32909517
            ],
            [
              9.29634298,
              45.32912833
            ],
            [
              9.29647567,
              45.32909292
            ],
            [
              9.2965402,
              45.32909389
            ],
            [
              9.29669891,
              45.32910245
            ],
            [
              9.29702834,
              45.32905507
            ],
            [
              9.29736996,
              45.32904234
            ],
            [
              9.29756519,
              45.32911917
            ],
            [
              9.29757031,
              45.32911839
            ],
            [
              9.29768728,
              45.32913797
            ],
            [
              9.29777921,
              45.32915605
            ],
            [
              9.29781805,
              45.32916643
            ],
            [
              9.29786511,
              45.32919658
            ],
            [
              9.29780243,
              45.32938554
            ],
            [
              9.29773861,
              45.32938571
            ],
            [
              9.29772613,
              45.32943746
            ],
            [
              9.29780602,
              45.32945312
            ],
            [
              9.2978062,
              45.32948913
            ],
            [
              9.29778732,
              45.3295116
            ],
            [
              9.29784567,
              45.3295366
            ],
            [
              9.29793767,
              45.32953441
            ],
            [
              9.29821742,
              45.32957043
            ],
            [
              9.2982536,
              45.32957561
            ],
            [
              9.29827859,
              45.32957499
            ],
            [
              9.29854111,
              45.32959331
            ],
            [
              9.29880308,
              45.32961306
            ],
            [
              9.29902738,
              45.32962834
            ],
            [
              9.29910536,
              45.32963333
            ],
            [
              9.29932404,
              45.32964932
            ],
            [
              9.29951571,
              45.32966014
            ],
            [
              9.29959058,
              45.32967268
            ],
            [
              9.29968596,
              45.3296709
            ],
            [
              9.29976958,
              45.32967267
            ],
            [
              9.29979729,
              45.32965565
            ],
            [
              9.29990166,
              45.32955434
            ],
            [
              9.30014589,
              45.32933917
            ],
            [
              9.30025799,
              45.3292112
            ],
            [
              9.3002788,
              45.32916325
            ],
            [
              9.30025817,
              45.32913236
            ],
            [
              9.30018723,
              45.3290661
            ],
            [
              9.30008139,
              45.32896558
            ],
            [
              9.30002175,
              45.32891041
            ],
            [
              9.30001464,
              45.3288152
            ],
            [
              9.30004945,
              45.32875258
            ],
            [
              9.30009113,
              45.32876258
            ],
            [
              9.30015212,
              45.32877131
            ],
            [
              9.30021762,
              45.32865388
            ],
            [
              9.30030937,
              45.32849852
            ],
            [
              9.30038292,
              45.32836638
            ],
            [
              9.30048419,
              45.32818356
            ],
            [
              9.30058947,
              45.32798882
            ],
            [
              9.30062978,
              45.32791664
            ],
            [
              9.30064337,
              45.32789077
            ],
            [
              9.30071743,
              45.32775496
            ],
            [
              9.30073055,
              45.32773418
            ],
            [
              9.30077843,
              45.32765164
            ],
            [
              9.30099269,
              45.32729622
            ],
            [
              9.30102507,
              45.32719026
            ],
            [
              9.30104484,
              45.32714686
            ],
            [
              9.30109583,
              45.3271445
            ],
            [
              9.30117083,
              45.32715359
            ],
            [
              9.30132901,
              45.32717462
            ],
            [
              9.3014928,
              45.32719813
            ],
            [
              9.30165151,
              45.32722275
            ],
            [
              9.30173877,
              45.32723648
            ],
            [
              9.3019225,
              45.32726713
            ],
            [
              9.30219504,
              45.32731474
            ],
            [
              9.30223891,
              45.32731926
            ],
            [
              9.30230523,
              45.32732621
            ],
            [
              9.30235014,
              45.32733254
            ],
            [
              9.30245133,
              45.32737394
            ],
            [
              9.30251789,
              45.32739562
            ],
            [
              9.30257126,
              45.3274105
            ],
            [
              9.30260942,
              45.32742006
            ],
            [
              9.30274476,
              45.32741896
            ],
            [
              9.3028038,
              45.32740216
            ],
            [
              9.30282714,
              45.32738189
            ],
            [
              9.30285204,
              45.32736847
            ],
            [
              9.30288843,
              45.32731138
            ],
            [
              9.30296371,
              45.32718931
            ],
            [
              9.3030536,
              45.32703943
            ],
            [
              9.30312436,
              45.32692147
            ],
            [
              9.30315815,
              45.32685244
            ],
            [
              9.30320257,
              45.32676436
            ],
            [
              9.30321415,
              45.32673986
            ],
            [
              9.30324364,
              45.32665782
            ],
            [
              9.30326588,
              45.32662567
            ],
            [
              9.30332476,
              45.32663444
            ],
            [
              9.30340806,
              45.32663375
            ],
            [
              9.30351832,
              45.32666629
            ],
            [
              9.30373513,
              45.32672647
            ],
            [
              9.30401083,
              45.32679721
            ],
            [
              9.30411434,
              45.32682414
            ],
            [
              9.30422861,
              45.32685383
            ],
            [
              9.30427013,
              45.32686596
            ],
            [
              9.30430242,
              45.32687567
            ],
            [
              9.30433416,
              45.32687932
            ],
            [
              9.30441987,
              45.32686295
            ],
            [
              9.30446011,
              45.32683857
            ],
            [
              9.30448211,
              45.32679251
            ],
            [
              9.30453719,
              45.32668676
            ],
            [
              9.30463917,
              45.32652337
            ],
            [
              9.30471508,
              45.32640714
            ],
            [
              9.30476637,
              45.3263281
            ],
            [
              9.30486087,
              45.32618078
            ],
            [
              9.30491818,
              45.32609316
            ],
            [
              9.3049272,
              45.32607672
            ],
            [
              9.30501614,
              45.32593619
            ],
            [
              9.30508249,
              45.32583286
            ],
            [
              9.30512321,
              45.32577097
            ],
            [
              9.30514594,
              45.3257466
            ],
            [
              9.30516263,
              45.32572974
            ],
            [
              9.30519528,
              45.32572996
            ],
            [
              9.30522643,
              45.3257363
            ],
            [
              9.30532707,
              45.32576213
            ],
            [
              9.30545389,
              45.32581341
            ],
            [
              9.30552446,
              45.3258419
            ],
            [
              9.3055855,
              45.32587448
            ],
            [
              9.30574839,
              45.32599056
            ],
            [
              9.305768,
              45.32600127
            ],
            [
              9.30585028,
              45.32606082
            ],
            [
              9.30589561,
              45.32607278
            ],
            [
              9.30603162,
              45.32611896
            ],
            [
              9.30612746,
              45.32615631
            ],
            [
              9.30617962,
              45.32617959
            ],
            [
              9.30621941,
              45.32619557
            ],
            [
              9.30631555,
              45.32623996
            ],
            [
              9.30636812,
              45.32626651
            ],
            [
              9.30641606,
              45.32628285
            ],
            [
              9.30649522,
              45.32631405
            ],
            [
              9.30658549,
              45.32634923
            ],
            [
              9.30681578,
              45.32634246
            ],
            [
              9.30697158,
              45.32636765
            ],
            [
              9.3071372,
              45.32641247
            ],
            [
              9.30726146,
              45.32644441
            ],
            [
              9.30740595,
              45.32648908
            ],
            [
              9.30755039,
              45.32653309
            ],
            [
              9.30762325,
              45.32655119
            ],
            [
              9.3077004,
              45.32657209
            ],
            [
              9.3077704,
              45.32659158
            ],
            [
              9.30784713,
              45.32662724
            ],
            [
              9.30789628,
              45.32670394
            ],
            [
              9.30802537,
              45.32702973
            ],
            [
              9.30800989,
              45.32713666
            ],
            [
              9.30801049,
              45.32717663
            ],
            [
              9.30801567,
              45.32719182
            ],
            [
              9.30801661,
              45.32726377
            ],
            [
              9.30807034,
              45.32731891
            ],
            [
              9.30809333,
              45.32733047
            ],
            [
              9.30811732,
              45.32734202
            ],
            [
              9.30813826,
              45.32735287
            ],
            [
              9.30822218,
              45.32737904
            ],
            [
              9.30828838,
              45.32740439
            ],
            [
              9.30848945,
              45.32745257
            ],
            [
              9.30864472,
              45.32749519
            ],
            [
              9.30879617,
              45.32753644
            ],
            [
              9.30890507,
              45.32757957
            ],
            [
              9.30892258,
              45.32758789
            ],
            [
              9.30899548,
              45.32759896
            ],
            [
              9.30902995,
              45.32761244
            ],
            [
              9.30905768,
              45.32761592
            ],
            [
              9.30909108,
              45.32762514
            ],
            [
              9.30913723,
              45.32762777
            ],
            [
              9.30917994,
              45.32764381
            ],
            [
              9.3092088,
              45.32766112
            ],
            [
              9.30918041,
              45.32769065
            ],
            [
              9.30900026,
              45.32784645
            ],
            [
              9.30868118,
              45.32809368
            ],
            [
              9.30854005,
              45.32820656
            ],
            [
              9.30836107,
              45.32834625
            ],
            [
              9.30814197,
              45.32851814
            ],
            [
              9.30805546,
              45.32862126
            ],
            [
              9.30789014,
              45.32876901
            ],
            [
              9.3077702,
              45.32888669
            ],
            [
              9.307679,
              45.32898155
            ],
            [
              9.30762409,
              45.32903439
            ],
            [
              9.30749754,
              45.3291699
            ],
            [
              9.30727605,
              45.32939377
            ],
            [
              9.3071904,
              45.32947961
            ],
            [
              9.30693465,
              45.32971622
            ],
            [
              9.3068988,
              45.3297494
            ],
            [
              9.30676117,
              45.32987753
            ],
            [
              9.30645441,
              45.33016793
            ],
            [
              9.30638365,
              45.33024089
            ],
            [
              9.30618161,
              45.33044008
            ],
            [
              9.30611902,
              45.33050557
            ],
            [
              9.30610659,
              45.33051852
            ],
            [
              9.30609792,
              45.33052563
            ],
            [
              9.30559799,
              45.33083734
            ],
            [
              9.30508769,
              45.3311663
            ],
            [
              9.30451308,
              45.3314883
            ],
            [
              9.30429001,
              45.33161338
            ],
            [
              9.30377224,
              45.33194489
            ],
            [
              9.30370394,
              45.33198485
            ],
            [
              9.30363318,
              45.33205983
            ],
            [
              9.3035461,
              45.33213775
            ],
            [
              9.30323176,
              45.33257995
            ],
            [
              9.30298136,
              45.33288009
            ],
            [
              9.30287408,
              45.33304362
            ],
            [
              9.30285269,
              45.33307474
            ],
            [
              9.30268586,
              45.33330814
            ],
            [
              9.30253576,
              45.33350468
            ],
            [
              9.30249303,
              45.33355934
            ],
            [
              9.30244518,
              45.33361438
            ],
            [
              9.30243095,
              45.33363933
            ],
            [
              9.30241931,
              45.33367834
            ],
            [
              9.30238142,
              45.33371232
            ],
            [
              9.30226447,
              45.33374938
            ],
            [
              9.30177952,
              45.33388
            ],
            [
              9.30159652,
              45.33393275
            ],
            [
              9.30134467,
              45.33400288
            ],
            [
              9.30119428,
              45.3340441
            ],
            [
              9.30095011,
              45.33411206
            ],
            [
              9.30077577,
              45.33416409
            ],
            [
              9.30033465,
              45.3342885
            ],
            [
              9.30009159,
              45.33434913
            ],
            [
              9.29977103,
              45.3344473
            ],
            [
              9.29970337,
              45.33446992
            ],
            [
              9.29959116,
              45.33450356
            ],
            [
              9.29939429,
              45.33456116
            ],
            [
              9.29937701,
              45.33456779
            ],
            [
              9.29940412,
              45.3345925
            ],
            [
              9.29957545,
              45.33474107
            ],
            [
              9.29983732,
              45.33496299
            ],
            [
              9.30005672,
              45.33514985
            ],
            [
              9.30028738,
              45.33534458
            ],
            [
              9.30018299,
              45.33542135
            ],
            [
              9.29946307,
              45.33587141
            ],
            [
              9.29880528,
              45.3362635
            ],
            [
              9.29867694,
              45.33633417
            ],
            [
              9.29857717,
              45.33638912
            ],
            [
              9.29830231,
              45.33617814
            ],
            [
              9.29823117,
              45.33612386
            ],
            [
              9.298194854822604,
              45.336095921393316
            ],
            [
              9.29836846,
              45.3362321
            ],
            [
              9.29847893,
              45.33631692
            ],
            [
              9.29855353,
              45.33637237
            ],
            [
              9.29859623,
              45.33640422
            ],
            [
              9.29874903,
              45.33652014
            ],
            [
              9.29890954,
              45.33663963
            ],
            [
              9.29899805,
              45.33670834
            ],
            [
              9.29926404,
              45.33690907
            ],
            [
              9.29932784,
              45.33695845
            ],
            [
              9.29941581,
              45.33702356
            ],
            [
              9.29944352,
              45.33703783
            ],
            [
              9.29936962,
              45.33705586
            ],
            [
              9.29927531,
              45.33708206
            ],
            [
              9.299274469037906,
              45.33708229364722
            ],
            [
              9.29933261,
              45.3370694
            ],
            [
              9.29937451,
              45.33705957
            ],
            [
              9.29945007,
              45.3370398
            ],
            [
              9.29952274,
              45.33709728
            ],
            [
              9.29963928,
              45.33718878
            ],
            [
              9.29973827,
              45.33726296
            ],
            [
              9.29983366,
              45.33733608
            ],
            [
              9.29995533,
              45.33742529
            ],
            [
              9.30012078,
              45.33754534
            ],
            [
              9.3002584,
              45.33764314
            ],
            [
              9.3003604,
              45.3377112
            ],
            [
              9.30045064,
              45.33777708
            ],
            [
              9.30067417,
              45.33794347
            ],
            [
              9.30079549,
              45.33803197
            ],
            [
              9.30096661,
              45.33815816
            ],
            [
              9.30105842,
              45.33822749
            ],
            [
              9.30122328,
              45.33834656
            ],
            [
              9.30139368,
              45.33847523
            ],
            [
              9.30152222,
              45.33857552
            ],
            [
              9.30162016,
              45.33864893
            ],
            [
              9.30177519,
              45.33876325
            ],
            [
              9.30190474,
              45.33886032
            ],
            [
              9.30206388,
              45.33897604
            ],
            [
              9.30217249,
              45.33905258
            ],
            [
              9.30234896,
              45.3391792
            ],
            [
              9.30249025,
              45.33928867
            ],
            [
              9.30263407,
              45.3393956
            ],
            [
              9.30271008,
              45.33945349
            ],
            [
              9.30279564,
              45.33951991
            ],
            [
              9.3029179,
              45.33961767
            ],
            [
              9.3030026,
              45.33968502
            ],
            [
              9.30306905,
              45.33973265
            ],
            [
              9.30313451,
              45.33978863
            ],
            [
              9.30323698,
              45.33986082
            ],
            [
              9.30332221,
              45.33992346
            ],
            [
              9.30345215,
              45.34001988
            ],
            [
              9.30373991,
              45.34022864
            ],
            [
              9.30399569,
              45.3404113
            ],
            [
              9.30419554,
              45.34055555
            ],
            [
              9.30429353,
              45.3406293
            ],
            [
              9.30444251,
              45.34074181
            ],
            [
              9.3046309,
              45.34088091
            ],
            [
              9.30481006,
              45.34101139
            ],
            [
              9.30494522,
              45.34111348
            ],
            [
              9.30507576,
              45.34120945
            ],
            [
              9.30519455,
              45.34130255
            ],
            [
              9.30532302,
              45.34139312
            ],
            [
              9.30546944,
              45.34150239
            ],
            [
              9.30561379,
              45.34160843
            ],
            [
              9.30575813,
              45.34171158
            ],
            [
              9.30588199,
              45.34179674
            ],
            [
              9.3059629,
              45.34185893
            ],
            [
              9.30605705,
              45.34192613
            ],
            [
              9.30616561,
              45.34200881
            ],
            [
              9.30630485,
              45.34211053
            ],
            [
              9.30643333,
              45.34220217
            ],
            [
              9.30652138,
              45.34226722
            ],
            [
              9.30661969,
              45.342342
            ],
            [
              9.30669495,
              45.34239916
            ],
            [
              9.30683369,
              45.34250304
            ],
            [
              9.30697091,
              45.34260728
            ],
            [
              9.30708823,
              45.34269425
            ],
            [
              9.30706873,
              45.3427574
            ],
            [
              9.30699667,
              45.34275221
            ],
            [
              9.30699784,
              45.3427749
            ],
            [
              9.30698131,
              45.34278842
            ],
            [
              9.30687481,
              45.34287561
            ],
            [
              9.30675327,
              45.34297199
            ],
            [
              9.3066338,
              45.34306982
            ],
            [
              9.30645638,
              45.34321709
            ],
            [
              9.30630393,
              45.34335171
            ],
            [
              9.30612497,
              45.34349393
            ],
            [
              9.30603707,
              45.34357622
            ],
            [
              9.30596439,
              45.3436383
            ],
            [
              9.30588818,
              45.34370974
            ],
            [
              9.30576974,
              45.34381081
            ],
            [
              9.3057174,
              45.34385808
            ],
            [
              9.30562652,
              45.34395081
            ],
            [
              9.30550708,
              45.34405332
            ],
            [
              9.30544503,
              45.34410169
            ],
            [
              9.30538043,
              45.34414828
            ],
            [
              9.30534891,
              45.3441739
            ],
            [
              9.30529704,
              45.3442147
            ],
            [
              9.30521155,
              45.34427391
            ],
            [
              9.30515768,
              45.34432047
            ],
            [
              9.30513582,
              45.34433816
            ],
            [
              9.30507078,
              45.34440059
            ],
            [
              9.30499913,
              45.34446266
            ],
            [
              9.30494631,
              45.34451498
            ],
            [
              9.30488731,
              45.34455976
            ],
            [
              9.30482424,
              45.34460705
            ],
            [
              9.3047096,
              45.34466235
            ],
            [
              9.30461025,
              45.34471152
            ],
            [
              9.30459087,
              45.34471875
            ],
            [
              9.30446431,
              45.34474562
            ],
            [
              9.30435967,
              45.34476525
            ],
            [
              9.30418311,
              45.34481129
            ],
            [
              9.30405493,
              45.34482881
            ],
            [
              9.30391911,
              45.34484921
            ],
            [
              9.30368327,
              45.34489212
            ],
            [
              9.3034255,
              45.34494226
            ],
            [
              9.30336677,
              45.34495281
            ],
            [
              9.30321564,
              45.34497576
            ],
            [
              9.30305074,
              45.34500449
            ],
            [
              9.30291088,
              45.34503175
            ],
            [
              9.30278478,
              45.34505466
            ],
            [
              9.30260967,
              45.34508449
            ],
            [
              9.30255554,
              45.34509251
            ],
            [
              9.30242584,
              45.34511002
            ],
            [
              9.30223332,
              45.345137
            ],
            [
              9.30214493,
              45.3451429
            ],
            [
              9.30198415,
              45.34517415
            ],
            [
              9.30183298,
              45.34519315
            ],
            [
              9.30167725,
              45.34521754
            ],
            [
              9.30164511,
              45.34522552
            ],
            [
              9.30158549,
              45.34525371
            ],
            [
              9.30154922,
              45.34525846
            ],
            [
              9.30153302,
              45.34520465
            ],
            [
              9.30151377,
              45.34517969
            ],
            [
              9.30146624,
              45.34519542
            ],
            [
              9.30133986,
              45.34525296
            ],
            [
              9.30118041,
              45.34532788
            ],
            [
              9.3010174,
              45.34540466
            ],
            [
              9.30092723,
              45.34545141
            ],
            [
              9.3008354,
              45.34549547
            ],
            [
              9.30076234,
              45.34552321
            ],
            [
              9.30059126,
              45.34559287
            ],
            [
              9.30050805,
              45.34562894
            ],
            [
              9.30041975,
              45.34566793
            ],
            [
              9.30036364,
              45.34569523
            ],
            [
              9.30029315,
              45.34572367
            ],
            [
              9.30020485,
              45.34576158
            ],
            [
              9.30015741,
              45.34578414
            ],
            [
              9.30013404,
              45.34580227
            ],
            [
              9.30007982,
              45.34588034
            ],
            [
              9.30005773,
              45.34591286
            ],
            [
              9.29999688,
              45.34599637
            ],
            [
              9.29990028,
              45.34612291
            ],
            [
              9.29980715,
              45.34624813
            ],
            [
              9.29969959,
              45.3463879
            ],
            [
              9.29961387,
              45.34650413
            ],
            [
              9.29951192,
              45.34663847
            ],
            [
              9.29940232,
              45.34677896
            ],
            [
              9.29927851,
              45.34693794
            ],
            [
              9.29922831,
              45.34700743
            ],
            [
              9.29919589,
              45.34705595
            ],
            [
              9.29914267,
              45.34713341
            ],
            [
              9.29908686,
              45.34720583
            ],
            [
              9.29903411,
              45.34727751
            ],
            [
              9.29900272,
              45.34732782
            ],
            [
              9.29898914,
              45.34736506
            ],
            [
              9.29869872,
              45.3473629
            ],
            [
              9.29834386,
              45.34735734
            ],
            [
              9.29810356,
              45.34735787
            ],
            [
              9.29789548,
              45.34735972
            ],
            [
              9.29779526,
              45.34735902
            ],
            [
              9.29774622,
              45.34736498
            ],
            [
              9.29771966,
              45.34736905
            ],
            [
              9.29770482,
              45.34736802
            ],
            [
              9.29768286,
              45.347371
            ],
            [
              9.29761699,
              45.34738532
            ],
            [
              9.297576884713438,
              45.34739242778907
            ],
            [
              9.29756881,
              45.34741158
            ],
            [
              9.29748417,
              45.34752354
            ],
            [
              9.29745268,
              45.34756809
            ],
            [
              9.29735172,
              45.34768268
            ],
            [
              9.29719077,
              45.34788311
            ],
            [
              9.29704751,
              45.34807044
            ],
            [
              9.29699824,
              45.34812413
            ],
            [
              9.29697184,
              45.34816755
            ],
            [
              9.29695441,
              45.34816588
            ],
            [
              9.29691918,
              45.3482317
            ],
            [
              9.29691216,
              45.34824041
            ],
            [
              9.29691593,
              45.34825156
            ],
            [
              9.29678566,
              45.34842078
            ],
            [
              9.29669196,
              45.34857207
            ],
            [
              9.29666111,
              45.34865626
            ],
            [
              9.29668506,
              45.3486806
            ],
            [
              9.29672948,
              45.34870517
            ],
            [
              9.29688869,
              45.34876999
            ],
            [
              9.29804774,
              45.34928444
            ],
            [
              9.29828094,
              45.34939705
            ],
            [
              9.299329,
              45.34985244
            ],
            [
              9.29862961,
              45.35081997
            ],
            [
              9.29800667,
              45.3516774
            ],
            [
              9.29740182,
              45.3525156
            ],
            [
              9.29739709,
              45.35253941
            ],
            [
              9.29742147,
              45.3525587
            ],
            [
              9.2976131,
              45.35263339
            ],
            [
              9.29755872,
              45.35271848
            ],
            [
              9.29748406,
              45.35290641
            ],
            [
              9.29746385,
              45.3529534
            ],
            [
              9.29740255,
              45.35305293
            ],
            [
              9.29737607,
              45.35309169
            ],
            [
              9.29723576,
              45.35330386
            ],
            [
              9.29718942,
              45.35340978
            ],
            [
              9.2970971,
              45.35361405
            ],
            [
              9.29697297,
              45.35387548
            ],
            [
              9.29694776,
              45.35392972
            ],
            [
              9.29675676,
              45.35429325
            ],
            [
              9.29657381,
              45.35465025
            ],
            [
              9.29641361,
              45.35495915
            ],
            [
              9.29625549,
              45.35527019
            ],
            [
              9.29617534,
              45.35540482
            ],
            [
              9.29596124,
              45.35567482
            ],
            [
              9.29578664,
              45.35585624
            ],
            [
              9.29548555,
              45.35615639
            ],
            [
              9.29551129,
              45.35616666
            ],
            [
              9.29631181,
              45.35650379
            ],
            [
              9.29630799,
              45.35655175
            ],
            [
              9.2962791,
              45.3565726
            ],
            [
              9.29627399,
              45.35666191
            ],
            [
              9.29624265,
              45.3567169
            ],
            [
              9.29619535,
              45.35682788
            ],
            [
              9.29608118,
              45.35698005
            ],
            [
              9.29597975,
              45.35709824
            ],
            [
              9.29592723,
              45.35714114
            ],
            [
              9.29541806,
              45.35758187
            ],
            [
              9.29493001,
              45.35796874
            ],
            [
              9.29455137,
              45.35828563
            ],
            [
              9.29433999,
              45.35844173
            ],
            [
              9.29405886,
              45.35868119
            ],
            [
              9.2936395,
              45.35898325
            ],
            [
              9.29337719,
              45.35918547
            ],
            [
              9.29311354,
              45.35940065
            ],
            [
              9.29307307,
              45.35942905
            ],
            [
              9.29301894,
              45.35940672
            ],
            [
              9.29298304,
              45.35943257
            ],
            [
              9.29297321,
              45.35942758
            ],
            [
              9.29288303,
              45.35948263
            ],
            [
              9.29260645,
              45.35972061
            ],
            [
              9.29243833,
              45.35986341
            ],
            [
              9.29227591,
              45.36000763
            ],
            [
              9.29207554,
              45.36014958
            ],
            [
              9.29207258,
              45.36015501
            ],
            [
              9.29206687,
              45.3601518
            ],
            [
              9.29202654,
              45.36018813
            ],
            [
              9.2920343,
              45.36019348
            ],
            [
              9.29199282,
              45.36022332
            ],
            [
              9.29192917,
              45.36027457
            ],
            [
              9.29080244,
              45.35952631
            ],
            [
              9.29041526,
              45.35929691
            ],
            [
              9.28984144,
              45.35895564
            ],
            [
              9.28969953,
              45.358824
            ],
            [
              9.28931268,
              45.35858342
            ],
            [
              9.28861382,
              45.3581075
            ],
            [
              9.28859187,
              45.35808027
            ],
            [
              9.28871243,
              45.35797132
            ],
            [
              9.28905672,
              45.35764925
            ],
            [
              9.28925571,
              45.35745542
            ],
            [
              9.28933045,
              45.35739364
            ],
            [
              9.28890563,
              45.35711548
            ],
            [
              9.28807224,
              45.35658174
            ],
            [
              9.28700784,
              45.35591194
            ],
            [
              9.28686015,
              45.35583295
            ],
            [
              9.2868638,
              45.35580554
            ],
            [
              9.28677332,
              45.35578093
            ],
            [
              9.28678923,
              45.35572209
            ],
            [
              9.28679159,
              45.35570873
            ],
            [
              9.28675305,
              45.35570107
            ],
            [
              9.28691413,
              45.35525523
            ],
            [
              9.28699739,
              45.35498783
            ],
            [
              9.287046374854867,
              45.35483050649016
            ],
            [
              9.28699533,
              45.35498272
            ],
            [
              9.28699264,
              45.35499075
            ],
            [
              9.28689611,
              45.35530376
            ],
            [
              9.28684456,
              45.35542154
            ],
            [
              9.28675703,
              45.35566953
            ],
            [
              9.28674378,
              45.35569998
            ],
            [
              9.28676148,
              45.35571457
            ],
            [
              9.28676117,
              45.35572234
            ],
            [
              9.286759108741096,
              45.355722321513376
            ],
            [
              9.28676082,
              45.35572265
            ],
            [
              9.2867419,
              45.35575127
            ],
            [
              9.28673439,
              45.35579059
            ],
            [
              9.28669541,
              45.3559296
            ],
            [
              9.28667388,
              45.35601217
            ],
            [
              9.28661782,
              45.3561335
            ],
            [
              9.28661057,
              45.35616959
            ],
            [
              9.28655834,
              45.35634922
            ],
            [
              9.28649924,
              45.35651344
            ],
            [
              9.28649093,
              45.35654773
            ],
            [
              9.28646605,
              45.35665346
            ],
            [
              9.28640763,
              45.35677197
            ],
            [
              9.286373,
              45.35684558
            ],
            [
              9.28637763,
              45.35685172
            ],
            [
              9.28631733,
              45.35711409
            ],
            [
              9.28627543,
              45.35722144
            ],
            [
              9.28621418,
              45.35737838
            ],
            [
              9.28619028,
              45.35745369
            ],
            [
              9.28615268,
              45.3575722
            ],
            [
              9.28608371,
              45.3577762
            ],
            [
              9.28605459,
              45.35789241
            ],
            [
              9.2860245,
              45.35801295
            ],
            [
              9.28600894,
              45.35805682
            ],
            [
              9.28596495,
              45.35814104
            ],
            [
              9.28596713,
              45.35814933
            ],
            [
              9.28589699,
              45.35837464
            ],
            [
              9.28582247,
              45.35861084
            ],
            [
              9.28579749,
              45.35867284
            ],
            [
              9.28575822,
              45.35876352
            ],
            [
              9.28570261,
              45.3589728
            ],
            [
              9.28561155,
              45.35911023
            ],
            [
              9.28560622,
              45.35912726
            ],
            [
              9.2855231,
              45.35928229
            ],
            [
              9.28547783,
              45.35935917
            ],
            [
              9.28547954,
              45.35937032
            ],
            [
              9.28547659,
              45.35937863
            ],
            [
              9.2854571,
              45.35937696
            ],
            [
              9.2853584,
              45.35955627
            ],
            [
              9.28517857,
              45.35982546
            ],
            [
              9.28492762,
              45.36020209
            ],
            [
              9.28486948,
              45.36028605
            ],
            [
              9.2848354,
              45.36033671
            ],
            [
              9.28478572,
              45.36040003
            ],
            [
              9.28475871,
              45.36043844
            ],
            [
              9.28470264,
              45.36053426
            ],
            [
              9.2846707,
              45.36050947
            ],
            [
              9.28439677,
              45.36035796
            ],
            [
              9.28389189,
              45.36116405
            ],
            [
              9.2831946,
              45.36088901
            ],
            [
              9.28296301,
              45.36109128
            ],
            [
              9.28246394,
              45.36150976
            ],
            [
              9.28233947,
              45.36161025
            ],
            [
              9.28212807,
              45.36178234
            ],
            [
              9.28204156,
              45.3618292
            ],
            [
              9.28197446,
              45.3618356
            ],
            [
              9.28179085,
              45.36185008
            ],
            [
              9.28171553,
              45.3619194
            ],
            [
              9.28155301,
              45.36204802
            ],
            [
              9.28133779,
              45.36230264
            ],
            [
              9.28127369,
              45.36241503
            ],
            [
              9.28121147,
              45.36264596
            ],
            [
              9.28119306,
              45.36265745
            ],
            [
              9.2811505,
              45.36266065
            ],
            [
              9.28113843,
              45.3626755
            ],
            [
              9.28111243,
              45.36269604
            ],
            [
              9.28114063,
              45.36272736
            ],
            [
              9.28118953,
              45.36277286
            ],
            [
              9.28129203,
              45.36284744
            ],
            [
              9.28149328,
              45.36292368
            ],
            [
              9.28154814,
              45.36295496
            ],
            [
              9.28165739,
              45.36300595
            ],
            [
              9.28171509,
              45.36307782
            ],
            [
              9.28167591,
              45.3630966
            ],
            [
              9.28162952,
              45.36312256
            ],
            [
              9.28157381,
              45.36314784
            ],
            [
              9.28154443,
              45.36316944
            ],
            [
              9.28129219,
              45.36322951
            ],
            [
              9.28120027,
              45.36324869
            ],
            [
              9.28116188,
              45.36326228
            ],
            [
              9.28108678,
              45.36331902
            ],
            [
              9.28100883,
              45.36331109
            ],
            [
              9.28084256,
              45.36333867
            ],
            [
              9.28080666,
              45.36336053
            ],
            [
              9.28075342,
              45.36341248
            ],
            [
              9.28065346,
              45.36346022
            ],
            [
              9.28055259,
              45.3635141
            ],
            [
              9.28044193,
              45.36359392
            ],
            [
              9.28034064,
              45.36365247
            ],
            [
              9.28017687,
              45.3637366
            ],
            [
              9.28008703,
              45.36377852
            ],
            [
              9.27998329,
              45.36390615
            ],
            [
              9.27979572,
              45.36403573
            ],
            [
              9.27958677,
              45.36417086
            ],
            [
              9.2795229,
              45.36423673
            ],
            [
              9.2793783,
              45.36433583
            ],
            [
              9.27939226,
              45.36434545
            ],
            [
              9.27938208,
              45.36434911
            ],
            [
              9.27937153,
              45.36435997
            ],
            [
              9.27934817,
              45.36436983
            ],
            [
              9.27931301,
              45.36434631
            ],
            [
              9.27928616,
              45.36436017
            ],
            [
              9.27927676,
              45.3643779
            ],
            [
              9.27929744,
              45.36439252
            ],
            [
              9.27933204,
              45.36441351
            ],
            [
              9.27931435,
              45.36442446
            ],
            [
              9.27918307,
              45.36433716
            ],
            [
              9.27910766,
              45.36429016
            ],
            [
              9.27909119,
              45.3642838
            ],
            [
              9.2790162,
              45.36423175
            ],
            [
              9.27898275,
              45.3642176
            ],
            [
              9.27873082,
              45.36409696
            ],
            [
              9.27860523,
              45.36404099
            ],
            [
              9.2784426,
              45.36396699
            ],
            [
              9.27839551,
              45.36394919
            ],
            [
              9.27819391,
              45.36386591
            ],
            [
              9.2782046,
              45.36385488
            ],
            [
              9.27821907,
              45.36383542
            ],
            [
              9.2782606,
              45.3637673
            ],
            [
              9.27827232,
              45.36377186
            ],
            [
              9.27828538,
              45.36377132
            ],
            [
              9.27837868,
              45.36359459
            ],
            [
              9.27847881,
              45.3634882
            ],
            [
              9.27864763,
              45.36323458
            ],
            [
              9.27882473,
              45.36299022
            ],
            [
              9.27886505,
              45.36292116
            ],
            [
              9.27897333,
              45.36275257
            ],
            [
              9.27902736,
              45.36267837
            ],
            [
              9.27905856,
              45.3626468
            ],
            [
              9.27908395,
              45.36260448
            ],
            [
              9.27910591,
              45.36257012
            ],
            [
              9.27912942,
              45.36253718
            ],
            [
              9.2792538,
              45.3624886
            ],
            [
              9.27926892,
              45.36247515
            ],
            [
              9.27940684,
              45.36240991
            ],
            [
              9.27948999,
              45.36236995
            ],
            [
              9.27960016,
              45.36232689
            ],
            [
              9.27963818,
              45.36230857
            ],
            [
              9.27970188,
              45.36226628
            ],
            [
              9.27976174,
              45.36223948
            ],
            [
              9.27979275,
              45.36223057
            ],
            [
              9.27992611,
              45.36216681
            ],
            [
              9.27999167,
              45.36212519
            ],
            [
              9.28001435,
              45.36211007
            ],
            [
              9.28012857,
              45.36205022
            ],
            [
              9.28027168,
              45.36198097
            ],
            [
              9.28045273,
              45.3618919
            ],
            [
              9.28061821,
              45.36181643
            ],
            [
              9.28068052,
              45.36176467
            ],
            [
              9.28065026,
              45.36175539
            ],
            [
              9.28012891,
              45.36157622
            ],
            [
              9.27992181,
              45.36148867
            ],
            [
              9.27989363,
              45.36148119
            ],
            [
              9.27900022,
              45.36118266
            ],
            [
              9.27894154,
              45.36116397
            ],
            [
              9.27882421,
              45.36112803
            ],
            [
              9.27863163,
              45.36106308
            ],
            [
              9.27856774,
              45.36103939
            ],
            [
              9.27835184,
              45.36095625
            ],
            [
              9.27826116,
              45.36092301
            ],
            [
              9.27812052,
              45.36087104
            ],
            [
              9.27795872,
              45.36080912
            ],
            [
              9.277846063453756,
              45.36076301426533
            ],
            [
              9.27784316,
              45.36076983
            ],
            [
              9.27780366,
              45.36083883
            ],
            [
              9.27772247,
              45.36095304
            ],
            [
              9.27767783,
              45.36102097
            ],
            [
              9.27760939,
              45.36112685
            ],
            [
              9.27753633,
              45.36123453
            ],
            [
              9.27748516,
              45.36132018
            ],
            [
              9.27740755,
              45.36143473
            ],
            [
              9.27712988,
              45.3613685
            ],
            [
              9.27698122,
              45.36131773
            ],
            [
              9.27696095,
              45.36135062
            ],
            [
              9.2769023,
              45.36147089
            ],
            [
              9.27682765,
              45.3615674
            ],
            [
              9.2767742,
              45.36161445
            ],
            [
              9.27668334,
              45.36164827
            ],
            [
              9.27641043,
              45.36170212
            ],
            [
              9.27637222,
              45.36172819
            ],
            [
              9.27627952,
              45.36180133
            ],
            [
              9.27621271,
              45.3618376
            ],
            [
              9.27614192,
              45.36189262
            ],
            [
              9.27609388,
              45.36199086
            ],
            [
              9.27605848,
              45.36206057
            ],
            [
              9.27604229,
              45.36209524
            ],
            [
              9.27600924,
              45.36212888
            ],
            [
              9.27592635,
              45.36212589
            ],
            [
              9.27578256,
              45.36212236
            ],
            [
              9.27560039,
              45.36211607
            ],
            [
              9.27552265,
              45.36211397
            ],
            [
              9.27548686,
              45.36211653
            ],
            [
              9.2754056,
              45.36212237
            ],
            [
              9.27542306,
              45.36217172
            ],
            [
              9.27546917,
              45.36226429
            ],
            [
              9.27552593,
              45.36238524
            ],
            [
              9.27556135,
              45.36246838
            ],
            [
              9.27558315,
              45.36251265
            ],
            [
              9.2755976,
              45.36258755
            ],
            [
              9.27561148,
              45.36265704
            ],
            [
              9.27562714,
              45.36269844
            ],
            [
              9.2756653,
              45.36280283
            ],
            [
              9.27570763,
              45.36286329
            ],
            [
              9.27574972,
              45.36289707
            ],
            [
              9.27573864,
              45.36290933
            ],
            [
              9.27570232,
              45.36295046
            ],
            [
              9.2756428,
              45.36301574
            ],
            [
              9.2755994,
              45.36306191
            ],
            [
              9.27556456,
              45.36309655
            ],
            [
              9.2755286,
              45.36311965
            ],
            [
              9.27549028,
              45.36316437
            ],
            [
              9.27545428,
              45.36323647
            ],
            [
              9.27539833,
              45.36330319
            ],
            [
              9.27537415,
              45.36333349
            ],
            [
              9.27532494,
              45.363411
            ],
            [
              9.27528976,
              45.36346472
            ],
            [
              9.2752217,
              45.3635437
            ],
            [
              9.27515772,
              45.36362378
            ],
            [
              9.27510606,
              45.3637121
            ],
            [
              9.27504105,
              45.36379
            ],
            [
              9.27499199,
              45.36388517
            ],
            [
              9.27493812,
              45.36395585
            ],
            [
              9.27481084,
              45.36407815
            ],
            [
              9.27480393,
              45.36410193
            ],
            [
              9.27473879,
              45.36416723
            ],
            [
              9.27470241,
              45.36420114
            ],
            [
              9.27466762,
              45.36424009
            ],
            [
              9.27461253,
              45.36428844
            ],
            [
              9.27458118,
              45.36431587
            ],
            [
              9.27455757,
              45.36435048
            ],
            [
              9.27446615,
              45.3644403
            ],
            [
              9.27435943,
              45.36452692
            ],
            [
              9.27427853,
              45.36459404
            ],
            [
              9.27418593,
              45.36466478
            ],
            [
              9.27412475,
              45.36471495
            ],
            [
              9.27405952,
              45.36476834
            ],
            [
              9.274016,
              45.36480119
            ],
            [
              9.27394715,
              45.364851
            ],
            [
              9.27387168,
              45.36490082
            ],
            [
              9.27385246,
              45.36491454
            ],
            [
              9.27377943,
              45.36495248
            ],
            [
              9.27370945,
              45.36499112
            ],
            [
              9.27365534,
              45.36503479
            ],
            [
              9.27354311,
              45.36507567
            ],
            [
              9.27349551,
              45.3651252
            ],
            [
              9.27339737,
              45.36515064
            ],
            [
              9.27330742,
              45.36516624
            ],
            [
              9.273266,
              45.36519105
            ],
            [
              9.27318713,
              45.36519191
            ],
            [
              9.27309156,
              45.36517981
            ],
            [
              9.27298665,
              45.36519697
            ],
            [
              9.27287555,
              45.36521376
            ],
            [
              9.27280408,
              45.36522616
            ],
            [
              9.27269857,
              45.36523754
            ],
            [
              9.27261822,
              45.36524418
            ],
            [
              9.27257034,
              45.36524787
            ],
            [
              9.27245993,
              45.36524301
            ],
            [
              9.27235123,
              45.36521542
            ],
            [
              9.27227744,
              45.36517803
            ],
            [
              9.27220992,
              45.36514532
            ],
            [
              9.27211476,
              45.3650939
            ],
            [
              9.27203475,
              45.36505399
            ],
            [
              9.27191567,
              45.36498818
            ],
            [
              9.27172275,
              45.36488352
            ],
            [
              9.27151217,
              45.36476807
            ],
            [
              9.27134896,
              45.36468285
            ],
            [
              9.27120028,
              45.36460338
            ],
            [
              9.27102669,
              45.36450987
            ],
            [
              9.27086475,
              45.36441897
            ],
            [
              9.27066064,
              45.36430254
            ],
            [
              9.27056924,
              45.36425072
            ],
            [
              9.27044073,
              45.36417448
            ],
            [
              9.27039197,
              45.36414601
            ],
            [
              9.27036806,
              45.36412998
            ],
            [
              9.27030805,
              45.36411548
            ],
            [
              9.27022646,
              45.36410227
            ],
            [
              9.27018601,
              45.36416356
            ],
            [
              9.27016761,
              45.36419692
            ],
            [
              9.27015886,
              45.36421163
            ],
            [
              9.27011696,
              45.3642495
            ],
            [
              9.27004106,
              45.36432021
            ],
            [
              9.27002771,
              45.36443027
            ],
            [
              9.26999651,
              45.36451562
            ],
            [
              9.26994039,
              45.36460291
            ],
            [
              9.26987391,
              45.36467905
            ],
            [
              9.26981728,
              45.3647389
            ],
            [
              9.26971295,
              45.36484951
            ],
            [
              9.26965032,
              45.36491515
            ],
            [
              9.26959599,
              45.36498981
            ],
            [
              9.26955509,
              45.36505102
            ],
            [
              9.26952683,
              45.36511038
            ],
            [
              9.26947855,
              45.36518391
            ],
            [
              9.26946391,
              45.36523997
            ],
            [
              9.2694693,
              45.36528328
            ],
            [
              9.26948642,
              45.36532945
            ],
            [
              9.26953203,
              45.3653809
            ],
            [
              9.26960083,
              45.36543585
            ],
            [
              9.26967783,
              45.36550232
            ],
            [
              9.26976964,
              45.36556367
            ],
            [
              9.26993222,
              45.36567456
            ],
            [
              9.27006297,
              45.36576031
            ],
            [
              9.27018295,
              45.36583492
            ],
            [
              9.27027573,
              45.36589014
            ],
            [
              9.27036293,
              45.36595114
            ],
            [
              9.27050091,
              45.36604733
            ],
            [
              9.27058248,
              45.36610801
            ],
            [
              9.2706455,
              45.36613845
            ],
            [
              9.2707637,
              45.36617192
            ],
            [
              9.27082357,
              45.36618976
            ],
            [
              9.27091559,
              45.36620059
            ],
            [
              9.27098663,
              45.36620863
            ],
            [
              9.27105332,
              45.36621666
            ],
            [
              9.2711062,
              45.36622438
            ],
            [
              9.27126362,
              45.36626201
            ],
            [
              9.27140714,
              45.36634322
            ],
            [
              9.2714416,
              45.36641148
            ],
            [
              9.27145153,
              45.36643269
            ],
            [
              9.27146589,
              45.36655249
            ],
            [
              9.27146694,
              45.3666162
            ],
            [
              9.27146292,
              45.36674901
            ],
            [
              9.27142963,
              45.36688049
            ],
            [
              9.27139876,
              45.36699397
            ],
            [
              9.27136492,
              45.36712041
            ],
            [
              9.27131954,
              45.36728
            ],
            [
              9.27129922,
              45.36736536
            ],
            [
              9.27126385,
              45.36749433
            ],
            [
              9.27124335,
              45.36755846
            ],
            [
              9.27120124,
              45.36767809
            ],
            [
              9.27116163,
              45.36779123
            ],
            [
              9.27113646,
              45.36785105
            ],
            [
              9.27109382,
              45.36796853
            ],
            [
              9.27106679,
              45.36804415
            ],
            [
              9.27106447,
              45.36808127
            ],
            [
              9.27099897,
              45.36806329
            ],
            [
              9.27085209,
              45.36807192
            ],
            [
              9.27074991,
              45.3680806
            ],
            [
              9.27066448,
              45.36807229
            ],
            [
              9.27049281,
              45.36801072
            ],
            [
              9.27035903,
              45.36796426
            ],
            [
              9.27021245,
              45.36790983
            ],
            [
              9.27011391,
              45.36787355
            ],
            [
              9.27003986,
              45.36784525
            ],
            [
              9.26989125,
              45.36779046
            ],
            [
              9.269752,
              45.36773964
            ],
            [
              9.26965776,
              45.36770817
            ],
            [
              9.26948508,
              45.36764637
            ],
            [
              9.26934474,
              45.36759687
            ],
            [
              9.26924202,
              45.36756174
            ],
            [
              9.2691864,
              45.367542
            ],
            [
              9.26914007,
              45.36752778
            ],
            [
              9.26909882,
              45.36754573
            ],
            [
              9.2691184,
              45.36749773
            ],
            [
              9.26913348,
              45.36746479
            ],
            [
              9.26920448,
              45.36728558
            ],
            [
              9.26925861,
              45.36710825
            ],
            [
              9.26910945,
              45.36707461
            ],
            [
              9.26891153,
              45.36703363
            ],
            [
              9.26876808,
              45.36700056
            ],
            [
              9.26852065,
              45.36692169
            ],
            [
              9.26837451,
              45.36686874
            ],
            [
              9.268198,
              45.36680477
            ],
            [
              9.26817846,
              45.36679887
            ],
            [
              9.26814703,
              45.36678061
            ],
            [
              9.26814166,
              45.36673387
            ],
            [
              9.26819835,
              45.3665926
            ],
            [
              9.26825655,
              45.36644883
            ],
            [
              9.26831428,
              45.36631117
            ],
            [
              9.2683639,
              45.36619185
            ],
            [
              9.26842465,
              45.36604412
            ],
            [
              9.26849709,
              45.36587699
            ],
            [
              9.26856588,
              45.36569907
            ],
            [
              9.2686464,
              45.36550785
            ],
            [
              9.26870961,
              45.3653425
            ],
            [
              9.26876687,
              45.3652124
            ],
            [
              9.2687765,
              45.36519119
            ],
            [
              9.26881237,
              45.36509198
            ],
            [
              9.26882646,
              45.36504022
            ],
            [
              9.26872411,
              45.36497576
            ],
            [
              9.26863309,
              45.36492245
            ],
            [
              9.26851966,
              45.36480152
            ],
            [
              9.26837269,
              45.36473594
            ],
            [
              9.26813945,
              45.36464005
            ],
            [
              9.26801818,
              45.3645914
            ],
            [
              9.26786716,
              45.3645312
            ],
            [
              9.26772177,
              45.36447281
            ],
            [
              9.26769917,
              45.36446308
            ],
            [
              9.26761486,
              45.36442272
            ],
            [
              9.26754546,
              45.36438454
            ],
            [
              9.26751153,
              45.36436761
            ],
            [
              9.267386,
              45.36427974
            ],
            [
              9.26725801,
              45.36421705
            ],
            [
              9.26712309,
              45.36409861
            ],
            [
              9.26708651,
              45.36406514
            ],
            [
              9.26701077,
              45.36399171
            ],
            [
              9.26697314,
              45.36395392
            ],
            [
              9.2669033,
              45.36383231
            ],
            [
              9.2668717,
              45.36377043
            ],
            [
              9.26683863,
              45.36372042
            ],
            [
              9.26680105,
              45.36369198
            ],
            [
              9.26684512,
              45.36360873
            ],
            [
              9.26684226,
              45.3635824
            ],
            [
              9.26685001,
              45.36355501
            ],
            [
              9.2668528,
              45.36351787
            ],
            [
              9.2669108,
              45.36346745
            ],
            [
              9.26695581,
              45.36339357
            ],
            [
              9.26701965,
              45.3633024
            ],
            [
              9.26704163,
              45.36327069
            ],
            [
              9.26707234,
              45.36321555
            ],
            [
              9.26709595,
              45.36316474
            ],
            [
              9.26711389,
              45.36312833
            ],
            [
              9.26713826,
              45.36303677
            ],
            [
              9.26696932,
              45.36299557
            ],
            [
              9.26678679,
              45.36296196
            ],
            [
              9.26661044,
              45.3629197
            ],
            [
              9.26641211,
              45.36287386
            ],
            [
              9.2663109,
              45.36284985
            ],
            [
              9.26608755,
              45.36279
            ],
            [
              9.2659178,
              45.36275963
            ],
            [
              9.26588523,
              45.36275172
            ],
            [
              9.26585625,
              45.36274023
            ],
            [
              9.26577779,
              45.3626975
            ],
            [
              9.26577239,
              45.36264958
            ],
            [
              9.26582369,
              45.36259835
            ],
            [
              9.26587782,
              45.36252622
            ],
            [
              9.26593955,
              45.36244149
            ],
            [
              9.26598297,
              45.36238442
            ],
            [
              9.2660056,
              45.36234868
            ],
            [
              9.26606449,
              45.36227576
            ],
            [
              9.26611851,
              45.3622029
            ],
            [
              9.26615713,
              45.36215348
            ],
            [
              9.26620551,
              45.36209035
            ],
            [
              9.26624927,
              45.36203335
            ],
            [
              9.26629505,
              45.36197132
            ],
            [
              9.26635683,
              45.3618916
            ],
            [
              9.26639953,
              45.36183388
            ],
            [
              9.26645156,
              45.36176895
            ],
            [
              9.26650555,
              45.36169319
            ],
            [
              9.26654829,
              45.36163946
            ],
            [
              9.2665807,
              45.36159509
            ],
            [
              9.2666157,
              45.36154964
            ],
            [
              9.26664505,
              45.36151103
            ],
            [
              9.26668265,
              45.36146522
            ],
            [
              9.26672369,
              45.36139886
            ],
            [
              9.26674317,
              45.36136604
            ],
            [
              9.26675877,
              45.36131411
            ],
            [
              9.2667678,
              45.36128273
            ],
            [
              9.26678333,
              45.3612701
            ],
            [
              9.26682266,
              45.36123727
            ],
            [
              9.26683615,
              45.36122897
            ],
            [
              9.26685463,
              45.36119976
            ],
            [
              9.26688759,
              45.36115972
            ],
            [
              9.26693706,
              45.36109911
            ],
            [
              9.26699429,
              45.36103381
            ],
            [
              9.26705001,
              45.36097104
            ],
            [
              9.26710574,
              45.36091115
            ],
            [
              9.26713362,
              45.36088193
            ],
            [
              9.26731734,
              45.36080529
            ],
            [
              9.26741989,
              45.36074063
            ],
            [
              9.26743273,
              45.36072729
            ],
            [
              9.26749993,
              45.36067565
            ],
            [
              9.26757083,
              45.36059087
            ],
            [
              9.26766882,
              45.36048265
            ],
            [
              9.26775914,
              45.36036663
            ],
            [
              9.2677527,
              45.36034355
            ],
            [
              9.26772659,
              45.36031252
            ],
            [
              9.26768705,
              45.36027721
            ],
            [
              9.26764029,
              45.36019369
            ],
            [
              9.2677132,
              45.36011935
            ],
            [
              9.26774069,
              45.36001912
            ],
            [
              9.26772376,
              45.35995424
            ],
            [
              9.26760799,
              45.35988038
            ],
            [
              9.26754534,
              45.35983931
            ],
            [
              9.26743266,
              45.35976187
            ],
            [
              9.26733784,
              45.35969379
            ],
            [
              9.26727534,
              45.3596525
            ],
            [
              9.26724941,
              45.35958821
            ],
            [
              9.26729547,
              45.35953114
            ],
            [
              9.26734714,
              45.35944731
            ],
            [
              9.26740347,
              45.35933547
            ],
            [
              9.2674577,
              45.35924193
            ],
            [
              9.26749708,
              45.35915073
            ],
            [
              9.26753328,
              45.3590769
            ],
            [
              9.26757311,
              45.3589943
            ],
            [
              9.26764535,
              45.35888863
            ],
            [
              9.26767046,
              45.3588527
            ],
            [
              9.26771657,
              45.35873147
            ],
            [
              9.26775673,
              45.35862745
            ],
            [
              9.26777109,
              45.35858765
            ],
            [
              9.26784763,
              45.35844872
            ],
            [
              9.26785955,
              45.3584186
            ],
            [
              9.26787895,
              45.35832899
            ],
            [
              9.26789027,
              45.35824836
            ],
            [
              9.26789515,
              45.35818389
            ],
            [
              9.26788472,
              45.35812234
            ],
            [
              9.26786856,
              45.35804116
            ],
            [
              9.2678503,
              45.35798346
            ],
            [
              9.2678266,
              45.35791934
            ],
            [
              9.26781535,
              45.35789002
            ],
            [
              9.26780236,
              45.35786857
            ],
            [
              9.26779459,
              45.35785785
            ],
            [
              9.26776304,
              45.35785314
            ],
            [
              9.2677356,
              45.35785052
            ],
            [
              9.26768531,
              45.35785061
            ],
            [
              9.26761228,
              45.35784032
            ],
            [
              9.26751632,
              45.35782664
            ],
            [
              9.26744014,
              45.35780332
            ],
            [
              9.26732483,
              45.35776855
            ],
            [
              9.26724188,
              45.35774454
            ],
            [
              9.26716087,
              45.35770863
            ],
            [
              9.26706939,
              45.35766554
            ],
            [
              9.26704745,
              45.3576562
            ],
            [
              9.26701664,
              45.35763211
            ],
            [
              9.26704646,
              45.35751498
            ],
            [
              9.2670704,
              45.35743354
            ],
            [
              9.26709082,
              45.35735534
            ],
            [
              9.26711476,
              45.35726632
            ],
            [
              9.26714269,
              45.35716037
            ],
            [
              9.26716455,
              45.35707244
            ],
            [
              9.26718937,
              45.35696757
            ],
            [
              9.26721372,
              45.35686847
            ],
            [
              9.26723648,
              45.35676541
            ],
            [
              9.26725781,
              45.3566746
            ],
            [
              9.26727752,
              45.35658055
            ],
            [
              9.26729824,
              45.35648181
            ],
            [
              9.26731799,
              45.35638955
            ],
            [
              9.26733491,
              45.35632361
            ],
            [
              9.26735337,
              45.3562544
            ],
            [
              9.26737323,
              45.35617153
            ],
            [
              9.26739204,
              45.35608793
            ],
            [
              9.26739967,
              45.35602738
            ],
            [
              9.26740255,
              45.35600577
            ],
            [
              9.26740871,
              45.35598089
            ],
            [
              9.26741509,
              45.35596303
            ],
            [
              9.2674323,
              45.35591229
            ],
            [
              9.26743526,
              45.35589621
            ],
            [
              9.26743496,
              45.35581855
            ],
            [
              9.26743518,
              45.35575447
            ],
            [
              9.2674314,
              45.3557084
            ],
            [
              9.26743335,
              45.35568788
            ],
            [
              9.267448,
              45.35564719
            ],
            [
              9.26745909,
              45.3556101
            ],
            [
              9.26757153,
              45.35547396
            ],
            [
              9.26766465,
              45.35536445
            ],
            [
              9.26774658,
              45.35526684
            ],
            [
              9.2678275,
              45.3551757
            ],
            [
              9.26792,
              45.35504172
            ],
            [
              9.26801249,
              45.35490595
            ],
            [
              9.26807653,
              45.3548141
            ],
            [
              9.26814161,
              45.35472587
            ],
            [
              9.26823008,
              45.35460808
            ],
            [
              9.26833585,
              45.35446581
            ],
            [
              9.26841721,
              45.35435957
            ],
            [
              9.26850976,
              45.35423674
            ],
            [
              9.26854787,
              45.35418127
            ],
            [
              9.26856818969592,
              45.35418567185078
            ],
            [
              9.26856183,
              45.35418384
            ],
            [
              9.2686581,
              45.35406016
            ],
            [
              9.26874207,
              45.35393443
            ],
            [
              9.26883647,
              45.35384536
            ],
            [
              9.26889459,
              45.35381066
            ],
            [
              9.26893143,
              45.3537073
            ],
            [
              9.26903526,
              45.35355259
            ],
            [
              9.26924661,
              45.35327337
            ],
            [
              9.26975315,
              45.35260509
            ],
            [
              9.26980839,
              45.35255526
            ],
            [
              9.26982912,
              45.35251436
            ],
            [
              9.26991836,
              45.35239399
            ],
            [
              9.26993422,
              45.35239711
            ],
            [
              9.26996152,
              45.35234904
            ],
            [
              9.26999822,
              45.35227426
            ],
            [
              9.27006185,
              45.35217391
            ],
            [
              9.27018849,
              45.3520491
            ],
            [
              9.27057674,
              45.35153352
            ],
            [
              9.270575272747593,
              45.35153223106468
            ],
            [
              9.27043744,
              45.35170606
            ],
            [
              9.27028647,
              45.35190203
            ],
            [
              9.27016162,
              45.35206142
            ],
            [
              9.27012741,
              45.35210561
            ],
            [
              9.2700642,
              45.35216406
            ],
            [
              9.26999355,
              45.35227912
            ],
            [
              9.26994158,
              45.3523746
            ],
            [
              9.26974786,
              45.35230793
            ],
            [
              9.26951419,
              45.35223122
            ],
            [
              9.2691866,
              45.35209557
            ],
            [
              9.26894019,
              45.35197831
            ],
            [
              9.26886415,
              45.35195847
            ],
            [
              9.26882851,
              45.35194972
            ],
            [
              9.26872166,
              45.35192383
            ],
            [
              9.26861892,
              45.35191573
            ],
            [
              9.26852862,
              45.35191825
            ],
            [
              9.26839415,
              45.35192559
            ],
            [
              9.26808645,
              45.35193584
            ],
            [
              9.26784695,
              45.35194155
            ],
            [
              9.26761248,
              45.35195577
            ],
            [
              9.26752076,
              45.35195459
            ],
            [
              9.26747198,
              45.35195456
            ],
            [
              9.26740644,
              45.35193936
            ],
            [
              9.267318,
              45.35195866
            ],
            [
              9.26730229,
              45.35198512
            ],
            [
              9.26714725,
              45.35208692
            ],
            [
              9.26703324,
              45.35217504
            ],
            [
              9.26691198,
              45.35227239
            ],
            [
              9.26684646,
              45.35232313
            ],
            [
              9.26678008,
              45.35238933
            ],
            [
              9.26669972,
              45.35247078
            ],
            [
              9.26665833,
              45.35249236
            ],
            [
              9.26658357,
              45.35247123
            ],
            [
              9.26645273,
              45.35239416
            ],
            [
              9.26599252,
              45.35214504
            ],
            [
              9.26579961,
              45.35204176
            ],
            [
              9.26543517,
              45.35183232
            ],
            [
              9.26538068,
              45.35179454
            ],
            [
              9.26532601,
              45.35177499
            ],
            [
              9.26530525,
              45.3517934
            ],
            [
              9.26525082,
              45.35176652
            ],
            [
              9.2652041,
              45.35168862
            ],
            [
              9.26512791,
              45.35162247
            ],
            [
              9.26505528,
              45.35159595
            ],
            [
              9.26495781,
              45.35160704
            ],
            [
              9.26480573,
              45.35160279
            ],
            [
              9.26469138,
              45.35159193
            ],
            [
              9.26455714,
              45.35158113
            ],
            [
              9.26443013,
              45.35160926
            ],
            [
              9.2643756,
              45.35164621
            ],
            [
              9.2643206,
              45.35169793
            ],
            [
              9.26425897,
              45.3517594
            ],
            [
              9.26419762,
              45.35183027
            ],
            [
              9.2640831,
              45.35195835
            ],
            [
              9.26399196,
              45.35203404
            ],
            [
              9.26387908,
              45.35210003
            ],
            [
              9.26373917,
              45.35217367
            ],
            [
              9.26348264,
              45.35230826
            ],
            [
              9.26326703,
              45.35241494
            ],
            [
              9.26312498,
              45.35248497
            ],
            [
              9.26300634,
              45.35254665
            ],
            [
              9.26280131,
              45.35266448
            ],
            [
              9.26263128,
              45.35274504
            ],
            [
              9.26242763,
              45.35283944
            ],
            [
              9.26227891,
              45.35290986
            ],
            [
              9.26228325,
              45.35294588
            ],
            [
              9.26226287,
              45.35295926
            ],
            [
              9.26224663,
              45.35297877
            ],
            [
              9.26213115,
              45.35290046
            ],
            [
              9.26192555,
              45.35269053
            ],
            [
              9.26171413,
              45.3524734
            ],
            [
              9.26164892,
              45.35239529
            ],
            [
              9.26117003,
              45.35219927
            ],
            [
              9.26079676,
              45.35204773
            ],
            [
              9.26053169,
              45.35194177
            ],
            [
              9.25979333,
              45.35301922
            ],
            [
              9.2593746,
              45.35287663
            ],
            [
              9.25912559,
              45.35279783
            ],
            [
              9.25873158,
              45.35267613
            ],
            [
              9.25846821,
              45.35259449
            ],
            [
              9.25811976,
              45.35248059
            ],
            [
              9.25777385,
              45.3523656
            ],
            [
              9.25742796,
              45.35225314
            ],
            [
              9.257157,
              45.35218092
            ],
            [
              9.2570843,
              45.35216846
            ],
            [
              9.25699459,
              45.35214024
            ],
            [
              9.25706184,
              45.35203451
            ],
            [
              9.2571325,
              45.35191223
            ],
            [
              9.25723555,
              45.35173838
            ],
            [
              9.25724222,
              45.35167503
            ],
            [
              9.25731794,
              45.35154132
            ],
            [
              9.25738357,
              45.35129299
            ],
            [
              9.25744796,
              45.35114967
            ],
            [
              9.25747671,
              45.3510962
            ],
            [
              9.25756658,
              45.35100373
            ],
            [
              9.25768917,
              45.35084121
            ],
            [
              9.2577328,
              45.35079265
            ],
            [
              9.25778359,
              45.35074294
            ],
            [
              9.25782973,
              45.3506886
            ],
            [
              9.25792199,
              45.35057274
            ],
            [
              9.25796307,
              45.35052348
            ],
            [
              9.25806473,
              45.35043522
            ],
            [
              9.25820911,
              45.35031063
            ],
            [
              9.25827479,
              45.35026691
            ],
            [
              9.25831202,
              45.35025004
            ],
            [
              9.25832529,
              45.35024596
            ],
            [
              9.25843763,
              45.35016484
            ],
            [
              9.2585372,
              45.35010128
            ],
            [
              9.25858371,
              45.35007795
            ],
            [
              9.25868492,
              45.35003278
            ],
            [
              9.25878736,
              45.34999453
            ],
            [
              9.25892316,
              45.34996261
            ],
            [
              9.25906791,
              45.34992165
            ],
            [
              9.25927629,
              45.34985413
            ],
            [
              9.25943558,
              45.34979664
            ],
            [
              9.25947735,
              45.34977809
            ],
            [
              9.25954578,
              45.34974459
            ],
            [
              9.25971406,
              45.34961767
            ],
            [
              9.25987595,
              45.34946867
            ],
            [
              9.25995291,
              45.3493979
            ],
            [
              9.26010333,
              45.3492487
            ],
            [
              9.26035077,
              45.34899572
            ],
            [
              9.26046264,
              45.34888502
            ],
            [
              9.26053752,
              45.34880678
            ],
            [
              9.26057589,
              45.34875519
            ],
            [
              9.26062024,
              45.34868803
            ],
            [
              9.26074345,
              45.34848899
            ],
            [
              9.26086601,
              45.34829478
            ],
            [
              9.2609536,
              45.34814753
            ],
            [
              9.26103029,
              45.34802191
            ],
            [
              9.26106261,
              45.34796635
            ],
            [
              9.26124517,
              45.34775947
            ],
            [
              9.26130517,
              45.34772971
            ],
            [
              9.26131595,
              45.3477208
            ],
            [
              9.26126616,
              45.34769992
            ],
            [
              9.26121246,
              45.34767452
            ],
            [
              9.25981724,
              45.346981
            ],
            [
              9.25975575,
              45.34695043
            ],
            [
              9.25919204,
              45.34667022
            ],
            [
              9.25920942,
              45.3466528
            ],
            [
              9.25991447,
              45.34588197
            ],
            [
              9.26059601,
              45.34513897
            ],
            [
              9.25965055,
              45.34491101
            ],
            [
              9.25915445,
              45.34478147
            ],
            [
              9.25883706,
              45.34470222
            ],
            [
              9.25885484,
              45.34465967
            ],
            [
              9.25898803,
              45.34457493
            ],
            [
              9.25999229,
              45.34395918
            ],
            [
              9.26097468,
              45.34335253
            ],
            [
              9.26160282,
              45.34296677
            ],
            [
              9.26082526,
              45.34242839
            ],
            [
              9.26018531,
              45.34198361
            ],
            [
              9.26022376,
              45.3419578
            ],
            [
              9.25968732,
              45.34160066
            ],
            [
              9.25901597,
              45.34113697
            ],
            [
              9.25897176,
              45.34110862
            ],
            [
              9.25892701,
              45.34107849
            ],
            [
              9.25889699,
              45.34102525
            ],
            [
              9.25928848,
              45.34091049
            ],
            [
              9.25947492,
              45.34088591
            ],
            [
              9.25953637,
              45.34087567
            ],
            [
              9.259841,
              45.34081335
            ],
            [
              9.26022711,
              45.34073307
            ],
            [
              9.260433,
              45.34067907
            ],
            [
              9.26068733,
              45.34061389
            ],
            [
              9.26119014,
              45.34050867
            ],
            [
              9.26114699,
              45.34049459
            ],
            [
              9.26109927,
              45.34047767
            ],
            [
              9.26031905,
              45.3402064
            ],
            [
              9.25946871,
              45.3399117
            ],
            [
              9.25948405,
              45.33990626
            ],
            [
              9.25947171,
              45.33989657
            ],
            [
              9.25952795,
              45.33987014
            ],
            [
              9.25947917,
              45.33985477
            ],
            [
              9.25961463,
              45.33978602
            ],
            [
              9.25969747,
              45.33975231
            ],
            [
              9.25979928,
              45.33971858
            ],
            [
              9.25995164,
              45.3396451
            ],
            [
              9.26030761,
              45.33948187
            ],
            [
              9.26031662,
              45.33947397
            ],
            [
              9.260365,
              45.33945137
            ],
            [
              9.2605379,
              45.33937531
            ],
            [
              9.26065027,
              45.33932257
            ],
            [
              9.26073493,
              45.33928347
            ],
            [
              9.26078233,
              45.33925974
            ],
            [
              9.26093904,
              45.33912893
            ],
            [
              9.26111707,
              45.33897317
            ],
            [
              9.26147615,
              45.33865727
            ],
            [
              9.26166536,
              45.33848918
            ],
            [
              9.26189115,
              45.33828634
            ],
            [
              9.26191499,
              45.33825558
            ],
            [
              9.26194541,
              45.33821218
            ],
            [
              9.2620033,
              45.33822675
            ],
            [
              9.26231637,
              45.33829736
            ],
            [
              9.26240042,
              45.33831977
            ],
            [
              9.26240742598632,
              45.33832160705356
            ],
            [
              9.26224192,
              45.3382676
            ],
            [
              9.26211067,
              45.33824275
            ],
            [
              9.26192552,
              45.33820551
            ],
            [
              9.26176531,
              45.33814167
            ],
            [
              9.26161953,
              45.33807701
            ],
            [
              9.26144348,
              45.33798875
            ],
            [
              9.26143275,
              45.3379825
            ],
            [
              9.26117571,
              45.33784592
            ],
            [
              9.2608901,
              45.33770361
            ],
            [
              9.2605339,
              45.33750408
            ],
            [
              9.26033012,
              45.33737693
            ],
            [
              9.26024253,
              45.33731482
            ],
            [
              9.26008281,
              45.33723741
            ],
            [
              9.25908969,
              45.33676456
            ],
            [
              9.25893976,
              45.33669296
            ],
            [
              9.2587724,
              45.33661736
            ],
            [
              9.25872491,
              45.3365869
            ],
            [
              9.25866045,
              45.336623
            ],
            [
              9.25858945,
              45.33665297
            ],
            [
              9.25850967,
              45.336701
            ],
            [
              9.25833251,
              45.33683494
            ],
            [
              9.25816661,
              45.33694651
            ],
            [
              9.25812047,
              45.33697753
            ],
            [
              9.25787459,
              45.33713777
            ],
            [
              9.25755083,
              45.33737042
            ],
            [
              9.25734347,
              45.33752549
            ],
            [
              9.25721498,
              45.33761924
            ],
            [
              9.25707214,
              45.33770921
            ],
            [
              9.2569735,
              45.3377383
            ],
            [
              9.25692196,
              45.33778049
            ],
            [
              9.25677534,
              45.33789542
            ],
            [
              9.25649642,
              45.33820956
            ],
            [
              9.25629595,
              45.33842606
            ],
            [
              9.25616547,
              45.33852621
            ],
            [
              9.25562227,
              45.3383377
            ],
            [
              9.25477703,
              45.33804356
            ],
            [
              9.25374897,
              45.33768465
            ],
            [
              9.25293141,
              45.33740153
            ],
            [
              9.25289227,
              45.33738909
            ],
            [
              9.25285019,
              45.33742396
            ],
            [
              9.25276165,
              45.33750642
            ],
            [
              9.2527138,
              45.3375506
            ],
            [
              9.25243006,
              45.33781298
            ],
            [
              9.25237499,
              45.33786965
            ],
            [
              9.25236998,
              45.33801021
            ],
            [
              9.25235712,
              45.33804897
            ],
            [
              9.25232447,
              45.33809903
            ],
            [
              9.25211713,
              45.33838145
            ],
            [
              9.25191825,
              45.33864467
            ],
            [
              9.25155526,
              45.33912536
            ],
            [
              9.25134978,
              45.33939223
            ],
            [
              9.25134574,
              45.33939623
            ],
            [
              9.25124579,
              45.33945753
            ],
            [
              9.25118983,
              45.33950139
            ],
            [
              9.25120865,
              45.33951632
            ],
            [
              9.25114174,
              45.33955036
            ],
            [
              9.25091085,
              45.33942279
            ],
            [
              9.25075522,
              45.33932582
            ],
            [
              9.2505744,
              45.3391888
            ],
            [
              9.25046053,
              45.33909041
            ],
            [
              9.25039037,
              45.33902656
            ],
            [
              9.25004746,
              45.33878675
            ],
            [
              9.2497542,
              45.33857597
            ],
            [
              9.24933208,
              45.33826824
            ],
            [
              9.24927202,
              45.3382232
            ],
            [
              9.24925665,
              45.33823762
            ],
            [
              9.24891955,
              45.33802798
            ],
            [
              9.24847771,
              45.33780223
            ],
            [
              9.2478547,
              45.33747622
            ],
            [
              9.24771864,
              45.33741735
            ],
            [
              9.24768012,
              45.33740106
            ]
          ]
        ]
      }
    },
    {
      "type": "Feature",
      "properties": {
        "name": "Casalmaiocco",
        "istat_code": "098009",
        "administrative_unit": "B899",
        "sheet_count": 1,
        "source": "Agenzia Entrate WFS CP:CadastralZoning, fogli catastali raggruppati per comune"
      },
      "geometry": {
        "type": "Polygon",
        "coordinates": [
          [
            [
              9.36713903,
              45.35422726
            ],
            [
              9.36706054,
              45.35449682
            ],
            [
              9.36725048,
              45.35451945
            ],
            [
              9.367337,
              45.35453267
            ],
            [
              9.36716412,
              45.35513893
            ],
            [
              9.36760711,
              45.35520238
            ],
            [
              9.36812102,
              45.35524122
            ],
            [
              9.36819603,
              45.35525131
            ],
            [
              9.36818231,
              45.35529503
            ],
            [
              9.36817464,
              45.35533106
            ],
            [
              9.3680981,
              45.35553384
            ],
            [
              9.36803265,
              45.35572308
            ],
            [
              9.36795459,
              45.35593486
            ],
            [
              9.36793638,
              45.35604292
            ],
            [
              9.36791953,
              45.35612399
            ],
            [
              9.36786687,
              45.35631319
            ],
            [
              9.36782818,
              45.35645733
            ],
            [
              9.36777019,
              45.35658804
            ],
            [
              9.36779902,
              45.35659245
            ],
            [
              9.36779118,
              45.35661047
            ],
            [
              9.36780239,
              45.35661044
            ],
            [
              9.36777909,
              45.35668702
            ],
            [
              9.36776777,
              45.35670513
            ],
            [
              9.36781433,
              45.35687088
            ],
            [
              9.3678591,
              45.35705018
            ],
            [
              9.36785923,
              45.35711752
            ],
            [
              9.36786242,
              45.35712199
            ],
            [
              9.36777723,
              45.35739637
            ],
            [
              9.36768415,
              45.35768425
            ],
            [
              9.36765351,
              45.35776134
            ],
            [
              9.36755965,
              45.35806045
            ],
            [
              9.3675151,
              45.35820506
            ],
            [
              9.3674475,
              45.35842648
            ],
            [
              9.36743675,
              45.35846263
            ],
            [
              9.36740907,
              45.35854851
            ],
            [
              9.36736332,
              45.35869285
            ],
            [
              9.3673,
              45.35885969
            ],
            [
              9.36725097,
              45.35899498
            ],
            [
              9.36717509,
              45.35921145
            ],
            [
              9.36706423,
              45.35949551
            ],
            [
              9.36697249,
              45.35974805
            ],
            [
              9.36687091,
              45.35997794
            ],
            [
              9.36676986,
              45.36022611
            ],
            [
              9.36665795,
              45.36049698
            ],
            [
              9.36654787,
              45.36074997
            ],
            [
              9.36645955,
              45.36096662
            ],
            [
              9.36642976,
              45.36102994
            ],
            [
              9.36647523,
              45.3610331
            ],
            [
              9.36664131,
              45.36105209
            ],
            [
              9.36674128,
              45.36106619
            ],
            [
              9.36686553,
              45.36109399
            ],
            [
              9.36703,
              45.36111296
            ],
            [
              9.36702535,
              45.36114005
            ],
            [
              9.36695597,
              45.3613656
            ],
            [
              9.36685501,
              45.36168586
            ],
            [
              9.3667526,
              45.36202871
            ],
            [
              9.3666713,
              45.36232147
            ],
            [
              9.36666675,
              45.36233782
            ],
            [
              9.36662817,
              45.36237909
            ],
            [
              9.36661514,
              45.36244164
            ],
            [
              9.36660564,
              45.36252213
            ],
            [
              9.36653652,
              45.36263347
            ],
            [
              9.36654227,
              45.36268185
            ],
            [
              9.3666002,
              45.3627093
            ],
            [
              9.36688164,
              45.36277046
            ],
            [
              9.36683882,
              45.36302897
            ],
            [
              9.36683403,
              45.36303785
            ],
            [
              9.36684547,
              45.36304243
            ],
            [
              9.36684077,
              45.36306024
            ],
            [
              9.36678541,
              45.36305524
            ],
            [
              9.36677772,
              45.36309982
            ],
            [
              9.36685747,
              45.36325236
            ],
            [
              9.3669905,
              45.36351701
            ],
            [
              9.36714443,
              45.36380541
            ],
            [
              9.36716297,
              45.3638494
            ],
            [
              9.36716316,
              45.36388982
            ],
            [
              9.36714033,
              45.36390896
            ],
            [
              9.36710212,
              45.36391092
            ],
            [
              9.3670545,
              45.36391052
            ],
            [
              9.36706874,
              45.36394175
            ],
            [
              9.36714365,
              45.36419804
            ],
            [
              9.3672008,
              45.36436632
            ],
            [
              9.36721309,
              45.36440252
            ],
            [
              9.3673059,
              45.36468228
            ],
            [
              9.36730922,
              45.36470532
            ],
            [
              9.36733503,
              45.3648804
            ],
            [
              9.36740121,
              45.36511469
            ],
            [
              9.36754089,
              45.36546116
            ],
            [
              9.36762116,
              45.36565897
            ],
            [
              9.36769133,
              45.36585242
            ],
            [
              9.36775998,
              45.36603232
            ],
            [
              9.36784359,
              45.36624425
            ],
            [
              9.36786455,
              45.36629769
            ],
            [
              9.36785574,
              45.36633853
            ],
            [
              9.36786407,
              45.36634744
            ],
            [
              9.36788483,
              45.36643825
            ],
            [
              9.36792955,
              45.3664597
            ],
            [
              9.3679314,
              45.36650019
            ],
            [
              9.36786551,
              45.36648697
            ],
            [
              9.36783173,
              45.36647812
            ],
            [
              9.36754871,
              45.36641185
            ],
            [
              9.36732461,
              45.3663319
            ],
            [
              9.367128,
              45.36626529
            ],
            [
              9.36710551,
              45.36626089
            ],
            [
              9.36689423,
              45.36620748
            ],
            [
              9.36668563,
              45.36615474
            ],
            [
              9.36623839,
              45.3660397
            ],
            [
              9.36626052,
              45.36610248
            ],
            [
              9.36622353,
              45.36609365
            ],
            [
              9.36620141,
              45.36603086
            ],
            [
              9.36608767,
              45.36599992
            ],
            [
              9.36585271,
              45.36594212
            ],
            [
              9.36542716,
              45.36583744
            ],
            [
              9.36540043,
              45.36583071
            ],
            [
              9.36527698,
              45.36579962
            ],
            [
              9.36497356,
              45.36572322
            ],
            [
              9.3644579,
              45.36559138
            ],
            [
              9.36431965,
              45.36542211
            ],
            [
              9.36411912,
              45.36516967
            ],
            [
              9.3640861,
              45.3651281
            ],
            [
              9.36361479,
              45.36513018
            ],
            [
              9.3634664,
              45.36531412
            ],
            [
              9.36340272,
              45.36530546
            ],
            [
              9.3635256,
              45.36513951
            ],
            [
              9.36307638,
              45.36526666
            ],
            [
              9.36285514,
              45.36521399
            ],
            [
              9.36261322,
              45.36515694
            ],
            [
              9.36226575,
              45.36507201
            ],
            [
              9.36220808,
              45.36505863
            ],
            [
              9.36187721,
              45.36498186
            ],
            [
              9.36146791,
              45.36488302
            ],
            [
              9.36106541,
              45.36478455
            ],
            [
              9.36067591,
              45.36469073
            ],
            [
              9.36023046,
              45.36458801
            ],
            [
              9.36000214,
              45.36453441
            ],
            [
              9.35975466,
              45.36447634
            ],
            [
              9.35966844,
              45.364454
            ],
            [
              9.35964938,
              45.36463357
            ],
            [
              9.35957928,
              45.36495686
            ],
            [
              9.35954433,
              45.36511421
            ],
            [
              9.3595327,
              45.36516366
            ],
            [
              9.35948592,
              45.36539295
            ],
            [
              9.35942953,
              45.36565467
            ],
            [
              9.35939784,
              45.36583062
            ],
            [
              9.35938111,
              45.36591182
            ],
            [
              9.35932933,
              45.36615549
            ],
            [
              9.35928848,
              45.36637205
            ],
            [
              9.35923825,
              45.36661119
            ],
            [
              9.35921792,
              45.36670994
            ],
            [
              9.35920704,
              45.36677726
            ],
            [
              9.35918199,
              45.36689397
            ],
            [
              9.35915543,
              45.36702863
            ],
            [
              9.359132,
              45.36714981
            ],
            [
              9.35911173,
              45.36726202
            ],
            [
              9.35908198,
              45.3673967
            ],
            [
              9.35904754,
              45.3675538
            ],
            [
              9.35902731,
              45.36767947
            ],
            [
              9.3589774,
              45.36789956
            ],
            [
              9.35897592,
              45.36791757
            ],
            [
              9.35891035,
              45.3678998
            ],
            [
              9.35882046,
              45.36785937
            ],
            [
              9.35864848,
              45.36777826
            ],
            [
              9.35850712,
              45.36772418
            ],
            [
              9.3582631,
              45.36764317
            ],
            [
              9.35806566,
              45.36757569
            ],
            [
              9.35785525,
              45.36749462
            ],
            [
              9.35763047,
              45.3674136
            ],
            [
              9.35741476,
              45.36729414
            ],
            [
              9.35730278,
              45.36722561
            ],
            [
              9.35725705,
              45.36720845
            ],
            [
              9.35720334,
              45.36719582
            ],
            [
              9.35704025,
              45.36721426
            ],
            [
              9.35682506,
              45.36724546
            ],
            [
              9.35645439,
              45.36725099
            ],
            [
              9.35616931,
              45.36725114
            ],
            [
              9.35597816,
              45.36723027
            ],
            [
              9.35578536,
              45.3672139
            ],
            [
              9.35568178,
              45.36720068
            ],
            [
              9.35554789,
              45.36752165
            ],
            [
              9.35541546,
              45.3678375
            ],
            [
              9.35532393,
              45.36806891
            ],
            [
              9.35530202,
              45.36834409
            ],
            [
              9.35528007,
              45.36840737
            ],
            [
              9.35523862,
              45.36842107
            ],
            [
              9.3551748,
              45.36843037
            ],
            [
              9.35505814,
              45.36841736
            ],
            [
              9.3549462,
              45.36839529
            ],
            [
              9.35488547,
              45.36839549
            ],
            [
              9.3548567,
              45.36839559
            ],
            [
              9.35479139,
              45.368414
            ],
            [
              9.3547628,
              45.36843671
            ],
            [
              9.35474043,
              45.36843229
            ],
            [
              9.35471804,
              45.36842788
            ],
            [
              9.35464264,
              45.36841748
            ],
            [
              9.35458811,
              45.36840749
            ],
            [
              9.3543042,
              45.36837512
            ],
            [
              9.35420229,
              45.36836179
            ],
            [
              9.3538727,
              45.36833083
            ],
            [
              9.35379778,
              45.36829941
            ],
            [
              9.35355227,
              45.36806023
            ],
            [
              9.35339664,
              45.3679141
            ],
            [
              9.35330835,
              45.36782103
            ],
            [
              9.35329712,
              45.36781219
            ],
            [
              9.35316096,
              45.3677239
            ],
            [
              9.35317703,
              45.36764304
            ],
            [
              9.3532496,
              45.36734206
            ],
            [
              9.35336893,
              45.36684342
            ],
            [
              9.35340732,
              45.36685688
            ],
            [
              9.35342658,
              45.36689039
            ],
            [
              9.3539903,
              45.36697318
            ],
            [
              9.35400991,
              45.36690147
            ],
            [
              9.35402417,
              45.36684277
            ],
            [
              9.35408287,
              45.36666205
            ],
            [
              9.35416693,
              45.366382
            ],
            [
              9.3542716,
              45.36606572
            ],
            [
              9.35436519,
              45.36576306
            ],
            [
              9.35444766,
              45.36551905
            ],
            [
              9.3541912,
              45.36550749
            ],
            [
              9.35408341,
              45.36550264
            ],
            [
              9.35392881,
              45.36549568
            ],
            [
              9.35325187,
              45.36545988
            ],
            [
              9.3532709,
              45.36523451
            ],
            [
              9.35330361,
              45.36492345
            ],
            [
              9.35333775,
              45.36458987
            ],
            [
              9.35338359,
              45.36411656
            ],
            [
              9.35343743,
              45.3636477
            ],
            [
              9.35347304,
              45.36329609
            ],
            [
              9.35348123,
              45.36311583
            ],
            [
              9.35407993,
              45.36325722
            ],
            [
              9.35422537,
              45.3633106
            ],
            [
              9.35423004,
              45.36329707
            ],
            [
              9.35427632,
              45.36330586
            ],
            [
              9.3542732,
              45.36331488
            ],
            [
              9.35446784,
              45.36329603
            ],
            [
              9.35459258,
              45.36332254
            ],
            [
              9.35484212,
              45.36338006
            ],
            [
              9.3552152,
              45.36345523
            ],
            [
              9.35558132,
              45.36353951
            ],
            [
              9.3559749,
              45.36362426
            ],
            [
              9.35639253,
              45.36372249
            ],
            [
              9.35643574,
              45.36373141
            ],
            [
              9.35646239,
              45.36342894
            ],
            [
              9.35649564,
              45.36315806
            ],
            [
              9.35653076,
              45.36292329
            ],
            [
              9.35654293,
              45.36260732
            ],
            [
              9.3565505,
              45.36232814
            ],
            [
              9.35657257,
              45.36206586
            ],
            [
              9.35657647,
              45.3618009
            ],
            [
              9.35657248,
              45.36167936
            ],
            [
              9.356593,
              45.36162973
            ],
            [
              9.3566201,
              45.36148098
            ],
            [
              9.35667278,
              45.36114745
            ],
            [
              9.35670641,
              45.36087706
            ],
            [
              9.35674626,
              45.36065619
            ],
            [
              9.35677822,
              45.36043535
            ],
            [
              9.35683991,
              45.36014232
            ],
            [
              9.35687188,
              45.35993528
            ],
            [
              9.35691061,
              45.35978221
            ],
            [
              9.35700737,
              45.35949401
            ],
            [
              9.35709963,
              45.35924632
            ],
            [
              9.35725009,
              45.35889048
            ],
            [
              9.35736616,
              45.35862923
            ],
            [
              9.3573959,
              45.35855267
            ],
            [
              9.35744507,
              45.35851654
            ],
            [
              9.35749739,
              45.3584759
            ],
            [
              9.35757071,
              45.35847119
            ],
            [
              9.35777517,
              45.35851559
            ],
            [
              9.35792531,
              45.35854666
            ],
            [
              9.35823167,
              45.35859109
            ],
            [
              9.35856111,
              45.35863837
            ],
            [
              9.35874833,
              45.35867022
            ],
            [
              9.35879619,
              45.35865675
            ],
            [
              9.35886927,
              45.35859805
            ],
            [
              9.35893082,
              45.35849857
            ],
            [
              9.35901313,
              45.35839461
            ],
            [
              9.359163,
              45.35821845
            ],
            [
              9.35922067,
              45.35819588
            ],
            [
              9.35927214,
              45.35819594
            ],
            [
              9.35941798,
              45.35823703
            ],
            [
              9.35967993,
              45.35830093
            ],
            [
              9.36003931,
              45.35836928
            ],
            [
              9.3603547,
              45.35840949
            ],
            [
              9.36042755,
              45.35840475
            ],
            [
              9.36047071,
              45.35837766
            ],
            [
              9.36050159,
              45.35832812
            ],
            [
              9.36053682,
              45.35809862
            ],
            [
              9.36055879,
              45.35791322
            ],
            [
              9.36060343,
              45.35773237
            ],
            [
              9.36069343,
              45.35738858
            ],
            [
              9.36069746,
              45.35736387
            ],
            [
              9.36074368,
              45.35708077
            ],
            [
              9.36079549,
              45.35670553
            ],
            [
              9.36083766,
              45.35642933
            ],
            [
              9.3608649,
              45.35625093
            ],
            [
              9.36093325,
              45.35579523
            ],
            [
              9.36098788,
              45.35547072
            ],
            [
              9.36103839,
              45.35508763
            ],
            [
              9.36110511,
              45.35459236
            ],
            [
              9.36116346,
              45.35424649
            ],
            [
              9.36117288,
              45.35417014
            ],
            [
              9.3612015,
              45.35410273
            ],
            [
              9.36120781,
              45.3540623
            ],
            [
              9.36147987,
              45.35408879
            ],
            [
              9.36167034,
              45.35411092
            ],
            [
              9.36186562,
              45.35414203
            ],
            [
              9.3620286,
              45.35415058
            ],
            [
              9.36227782,
              45.35416793
            ],
            [
              9.36250626,
              45.35418084
            ],
            [
              9.36266887,
              45.35418863
            ],
            [
              9.3628175,
              45.35419244
            ],
            [
              9.36309047,
              45.35419135
            ],
            [
              9.36325061,
              45.35417741
            ],
            [
              9.36341316,
              45.35416309
            ],
            [
              9.36362055,
              45.35413283
            ],
            [
              9.36379917,
              45.35410082
            ],
            [
              9.36381025,
              45.35408727
            ],
            [
              9.36393625,
              45.35406435
            ],
            [
              9.36410858,
              45.35403651
            ],
            [
              9.36424761,
              45.35404028
            ],
            [
              9.3644169,
              45.3540349
            ],
            [
              9.36459902,
              45.35403395
            ],
            [
              9.36515658,
              45.35403553
            ],
            [
              9.36556395,
              45.35403341
            ],
            [
              9.36576519,
              45.35402786
            ],
            [
              9.36584664,
              45.35402295
            ],
            [
              9.36611756,
              45.35393621
            ],
            [
              9.36646496,
              45.35382212
            ],
            [
              9.36678901,
              45.35378898
            ],
            [
              9.36700495,
              45.35382378
            ],
            [
              9.36723845,
              45.35385848
            ],
            [
              9.36721698,
              45.35397536
            ],
            [
              9.36720607,
              45.35401135
            ],
            [
              9.36717718,
              45.35410436
            ],
            [
              9.36717702,
              45.3541049
            ],
            [
              9.36713903,
              45.35422726
            ]
          ]
        ]
      }
    },
    {
      "type": "Feature",
      "properties": {
        "name": "Cerro al Lambro",
        "istat_code": "015071",
        "administrative_unit": "C536",
        "sheet_count": 9,
        "source": "Agenzia Entrate WFS CP:CadastralZoning, fogli catastali raggruppati per comune"
      },
      "geometry": {
        "type": "Polygon",
        "coordinates": [
          [
            [
              9.29859119,
              45.33639111
            ],
            [
              9.29869329,
              45.33633685
            ],
            [
              9.29887409,
              45.33623562
            ],
            [
              9.29894215,
              45.33619801
            ],
            [
              9.29916808,
              45.33606068
            ],
            [
              9.299361,
              45.33594357
            ],
            [
              9.29960014,
              45.33580043
            ],
            [
              9.29981691,
              45.33566599
            ],
            [
              9.29999814,
              45.33555504
            ],
            [
              9.30017224,
              45.33544445
            ],
            [
              9.30024735,
              45.33539677
            ],
            [
              9.30030955561963,
              45.335341947944634
            ],
            [
              9.30028997,
              45.33534032
            ],
            [
              9.30028069,
              45.33533429
            ],
            [
              9.29983197,
              45.33495175
            ],
            [
              9.29941314,
              45.33458693
            ],
            [
              9.29941133,
              45.33456859
            ],
            [
              9.2998487,
              45.33444955
            ],
            [
              9.30031591,
              45.33431694
            ],
            [
              9.30068759,
              45.33420604
            ],
            [
              9.30106177,
              45.33409259
            ],
            [
              9.30130912,
              45.33402456
            ],
            [
              9.30171545,
              45.33391478
            ],
            [
              9.30205329,
              45.33382758
            ],
            [
              9.30226204,
              45.33377104
            ],
            [
              9.30233924,
              45.33375057
            ],
            [
              9.30239549,
              45.33372451
            ],
            [
              9.3024303,
              45.33369683
            ],
            [
              9.3024436,
              45.33366249
            ],
            [
              9.30249808,
              45.33358097
            ],
            [
              9.30263291,
              45.33340725
            ],
            [
              9.30280015,
              45.33317994
            ],
            [
              9.30298924,
              45.33290813
            ],
            [
              9.3030854,
              45.33277978
            ],
            [
              9.30325739,
              45.33256359
            ],
            [
              9.30334743,
              45.33244977
            ],
            [
              9.30348233,
              45.3322715
            ],
            [
              9.30358668,
              45.33212843
            ],
            [
              9.30368233,
              45.33204914
            ],
            [
              9.30373911,
              45.33199536
            ],
            [
              9.30386128,
              45.33191693
            ],
            [
              9.30415502,
              45.33172145
            ],
            [
              9.30437921,
              45.33157911
            ],
            [
              9.30459652,
              45.33145378
            ],
            [
              9.30489257,
              45.33127734
            ],
            [
              9.30512449,
              45.33114287
            ],
            [
              9.30524617,
              45.3310666
            ],
            [
              9.30548996,
              45.33091081
            ],
            [
              9.30575089,
              45.33074155
            ],
            [
              9.30602737,
              45.3305545
            ],
            [
              9.30621262,
              45.33043556
            ],
            [
              9.3063337,
              45.33031824
            ],
            [
              9.30655881,
              45.33010064
            ],
            [
              9.30674913,
              45.32990856
            ],
            [
              9.30693403,
              45.32973055
            ],
            [
              9.30715323,
              45.3295285
            ],
            [
              9.30738249,
              45.32931954
            ],
            [
              9.3075539,
              45.32914167
            ],
            [
              9.30770072,
              45.32898595
            ],
            [
              9.30787371,
              45.32881346
            ],
            [
              9.30803109,
              45.32867747
            ],
            [
              9.30822617,
              45.32850692
            ],
            [
              9.30829767,
              45.32841533
            ],
            [
              9.30838601,
              45.32834877
            ],
            [
              9.30866454,
              45.32813318
            ],
            [
              9.3089274,
              45.32792815
            ],
            [
              9.30904808,
              45.3278419
            ],
            [
              9.30917103,
              45.32773334
            ],
            [
              9.30923205,
              45.32768355
            ],
            [
              9.30926652,
              45.32766923
            ],
            [
              9.30946546,
              45.32755932
            ],
            [
              9.3095841,
              45.32754216
            ],
            [
              9.3096617,
              45.32744151
            ],
            [
              9.30968671,
              45.32744165
            ],
            [
              9.3097124,
              45.32745366
            ],
            [
              9.30972558,
              45.32744742
            ],
            [
              9.30974362,
              45.32746059
            ],
            [
              9.30992071,
              45.32752959
            ],
            [
              9.31017381,
              45.3276332
            ],
            [
              9.31054961,
              45.3277847
            ],
            [
              9.31059716,
              45.32779256
            ],
            [
              9.31062287,
              45.32780421
            ],
            [
              9.31094272,
              45.32793495
            ],
            [
              9.3112898,
              45.32807806
            ],
            [
              9.311347537902666,
              45.32809156442567
            ],
            [
              9.31135499,
              45.32808149
            ],
            [
              9.31135736,
              45.3280757
            ],
            [
              9.31134976,
              45.32807361
            ],
            [
              9.31128604,
              45.32806582
            ],
            [
              9.31127082,
              45.3280616
            ],
            [
              9.31087148,
              45.32789748
            ],
            [
              9.31060459,
              45.32778856
            ],
            [
              9.31051818,
              45.32775967
            ],
            [
              9.31049269,
              45.32774834
            ],
            [
              9.31029656,
              45.32766626
            ],
            [
              9.31027368,
              45.32765815
            ],
            [
              9.31010001,
              45.32758813
            ],
            [
              9.30993065,
              45.32751848
            ],
            [
              9.30983152,
              45.32747814
            ],
            [
              9.3097453,
              45.32744427
            ],
            [
              9.30973346,
              45.32744394
            ],
            [
              9.30970138,
              45.3274312
            ],
            [
              9.30969099,
              45.32741654
            ],
            [
              9.30973914,
              45.32735664
            ],
            [
              9.30976572,
              45.32732344
            ],
            [
              9.30980569,
              45.32730203
            ],
            [
              9.30992528,
              45.32725034
            ],
            [
              9.30996222,
              45.32722966
            ],
            [
              9.31002805,
              45.32715924
            ],
            [
              9.31011048,
              45.32707149
            ],
            [
              9.31016961,
              45.32703308
            ],
            [
              9.31033175,
              45.3269632
            ],
            [
              9.31036656,
              45.32693642
            ],
            [
              9.31048801,
              45.32683193
            ],
            [
              9.31058304,
              45.32679247
            ],
            [
              9.31062916,
              45.32676538
            ],
            [
              9.31065201,
              45.32674507
            ],
            [
              9.31068395,
              45.32670731
            ],
            [
              9.31074574,
              45.32662716
            ],
            [
              9.31078498,
              45.32658814
            ],
            [
              9.31082285,
              45.32656171
            ],
            [
              9.31087551,
              45.3265359
            ],
            [
              9.31090191,
              45.32652821
            ],
            [
              9.31093071,
              45.32650938
            ],
            [
              9.31097259,
              45.32647752
            ],
            [
              9.31101985,
              45.32642948
            ],
            [
              9.31106209,
              45.32638614
            ],
            [
              9.31108918,
              45.32635186
            ],
            [
              9.31112197,
              45.32632689
            ],
            [
              9.31122813,
              45.32626199
            ],
            [
              9.31136526,
              45.32618829
            ],
            [
              9.31142283,
              45.32614847
            ],
            [
              9.31156965,
              45.32603663
            ],
            [
              9.31180168,
              45.32585386
            ],
            [
              9.31189943,
              45.32580309
            ],
            [
              9.31196217,
              45.32578827
            ],
            [
              9.31199754,
              45.32578633
            ],
            [
              9.31214394,
              45.32581276
            ],
            [
              9.31223814,
              45.32583196
            ],
            [
              9.31230877,
              45.32583459
            ],
            [
              9.31291166,
              45.32582849
            ],
            [
              9.31295047,
              45.32574983
            ],
            [
              9.31307386,
              45.32551524
            ],
            [
              9.31311473,
              45.32548459
            ],
            [
              9.31316844,
              45.3254107
            ],
            [
              9.31319289,
              45.32536045
            ],
            [
              9.31331294,
              45.32523353
            ],
            [
              9.31333783,
              45.32524439
            ],
            [
              9.31337471,
              45.32526097
            ],
            [
              9.31367765,
              45.32540774
            ],
            [
              9.31399292,
              45.32555832
            ],
            [
              9.31438861,
              45.32574818
            ],
            [
              9.31499715,
              45.32603986
            ],
            [
              9.31506224,
              45.32605117
            ],
            [
              9.31506998,
              45.3260434
            ],
            [
              9.31515603,
              45.32594508
            ],
            [
              9.31520527,
              45.32588161
            ],
            [
              9.31525442,
              45.32581594
            ],
            [
              9.31528693,
              45.32577424
            ],
            [
              9.31531338,
              45.32576765
            ],
            [
              9.3153261,
              45.32577255
            ],
            [
              9.31571891,
              45.32595837
            ],
            [
              9.315762,
              45.32598079
            ],
            [
              9.3160565,
              45.32613664
            ],
            [
              9.31622937,
              45.3262252
            ],
            [
              9.31637662,
              45.32630205
            ],
            [
              9.31647773,
              45.32635831
            ],
            [
              9.31652248,
              45.32641652
            ],
            [
              9.31659626,
              45.32645312
            ],
            [
              9.31661534,
              45.32646599
            ],
            [
              9.31679237,
              45.32656029
            ],
            [
              9.3168684,
              45.32660269
            ],
            [
              9.31715137,
              45.32676014
            ],
            [
              9.31719769,
              45.32677556
            ],
            [
              9.31724293,
              45.3267881
            ],
            [
              9.31726414,
              45.32679446
            ],
            [
              9.31761306,
              45.326598
            ],
            [
              9.31814202,
              45.32631336
            ],
            [
              9.31866524,
              45.32602661
            ],
            [
              9.31893728,
              45.3258721
            ],
            [
              9.3188944,
              45.32583532
            ],
            [
              9.31873019,
              45.32574103
            ],
            [
              9.31856479,
              45.32563235
            ],
            [
              9.31842925,
              45.32554292
            ],
            [
              9.31835078,
              45.32549846
            ],
            [
              9.31828884,
              45.32546431
            ],
            [
              9.31815923,
              45.32539031
            ],
            [
              9.31806795,
              45.32534376
            ],
            [
              9.31801486,
              45.32531747
            ],
            [
              9.3179049,
              45.32525594
            ],
            [
              9.31779593,
              45.32519261
            ],
            [
              9.31767249,
              45.32512108
            ],
            [
              9.31740729,
              45.32498464
            ],
            [
              9.31741335,
              45.32497668
            ],
            [
              9.3174199,
              45.32497161
            ],
            [
              9.31795613,
              45.32451899
            ],
            [
              9.31828994,
              45.32423356
            ],
            [
              9.31846519,
              45.32408702
            ],
            [
              9.31851481,
              45.32404074
            ],
            [
              9.31843031,
              45.32399452
            ],
            [
              9.31840524,
              45.32398569
            ],
            [
              9.31835312,
              45.32401654
            ],
            [
              9.31826891,
              45.32404685
            ],
            [
              9.31813154,
              45.32410259
            ],
            [
              9.31803482,
              45.32414766
            ],
            [
              9.31794063,
              45.32419274
            ],
            [
              9.31785644,
              45.32422447
            ],
            [
              9.31774127,
              45.32426465
            ],
            [
              9.3175592,
              45.32433145
            ],
            [
              9.31751768,
              45.32435215
            ],
            [
              9.31738113,
              45.32442796
            ],
            [
              9.31725669,
              45.32449617
            ],
            [
              9.31715755,
              45.32458393
            ],
            [
              9.31709986,
              45.32461479
            ],
            [
              9.31704956,
              45.32466136
            ],
            [
              9.31697742,
              45.32474679
            ],
            [
              9.3169266,
              45.32476039
            ],
            [
              9.31687284,
              45.32474604
            ],
            [
              9.31663419,
              45.32464682
            ],
            [
              9.31595154,
              45.32435758
            ],
            [
              9.31588642,
              45.32436839
            ],
            [
              9.31576318,
              45.32438066
            ],
            [
              9.31567632,
              45.32437046
            ],
            [
              9.31561286,
              45.32435581
            ],
            [
              9.31550379,
              45.32432857
            ],
            [
              9.3152558,
              45.32425599
            ],
            [
              9.31511837,
              45.32420524
            ],
            [
              9.31486407,
              45.32411615
            ],
            [
              9.31454374,
              45.32400352
            ],
            [
              9.31455171,
              45.32399406
            ],
            [
              9.31451409,
              45.32399071
            ],
            [
              9.31449773,
              45.32398868
            ],
            [
              9.31446965,
              45.32398388
            ],
            [
              9.31443795,
              45.32397731
            ],
            [
              9.31443582,
              45.3239683
            ],
            [
              9.31445881,
              45.32393429
            ],
            [
              9.31447686,
              45.32391298
            ],
            [
              9.31450556,
              45.32388838
            ],
            [
              9.31456407,
              45.32384595
            ],
            [
              9.3145928,
              45.32382314
            ],
            [
              9.31464212,
              45.32377791
            ],
            [
              9.31466944,
              45.32376372
            ],
            [
              9.31480283,
              45.32371939
            ],
            [
              9.31485052,
              45.32370542
            ],
            [
              9.3148825,
              45.32369696
            ],
            [
              9.31490475,
              45.32368424
            ],
            [
              9.31495357,
              45.3236401
            ],
            [
              9.31505969,
              45.32353881
            ],
            [
              9.31513421,
              45.32347474
            ],
            [
              9.31520337,
              45.32342759
            ],
            [
              9.31538613,
              45.32330605
            ],
            [
              9.31546191,
              45.32325994
            ],
            [
              9.31566808,
              45.32313537
            ],
            [
              9.31583027,
              45.32303552
            ],
            [
              9.31596666,
              45.32295201
            ],
            [
              9.31607383,
              45.32288953
            ],
            [
              9.3160971,
              45.32287679
            ],
            [
              9.31615517,
              45.32284085
            ],
            [
              9.31623555,
              45.32279435
            ],
            [
              9.31641302,
              45.32269477
            ],
            [
              9.31666727,
              45.32254833
            ],
            [
              9.31672803,
              45.32252027
            ],
            [
              9.31693573,
              45.32242705
            ],
            [
              9.31705014,
              45.32235763
            ],
            [
              9.3171103,
              45.32233813
            ],
            [
              9.31710766,
              45.32230297
            ],
            [
              9.31710759,
              45.32229468
            ],
            [
              9.31717336,
              45.32229385
            ],
            [
              9.3172127,
              45.32229969
            ],
            [
              9.3172419,
              45.32230883
            ],
            [
              9.31738596,
              45.32236393
            ],
            [
              9.31748242,
              45.32240175
            ],
            [
              9.31760418,
              45.32244941
            ],
            [
              9.31777388,
              45.32252117
            ],
            [
              9.31803506,
              45.32262932
            ],
            [
              9.31808642,
              45.32264908
            ],
            [
              9.31813991,
              45.32267206
            ],
            [
              9.3181992,
              45.32270183
            ],
            [
              9.31825735,
              45.32272801
            ],
            [
              9.31838298,
              45.32278678
            ],
            [
              9.31846079,
              45.32282467
            ],
            [
              9.3185044,
              45.32283983
            ],
            [
              9.31854759,
              45.32285786
            ],
            [
              9.31867545,
              45.32290476
            ],
            [
              9.31871411,
              45.32292461
            ],
            [
              9.31895949,
              45.32306375
            ],
            [
              9.31900777,
              45.32308353
            ],
            [
              9.3190219,
              45.32308234
            ],
            [
              9.319044,
              45.32309117
            ],
            [
              9.31905804,
              45.32310293
            ],
            [
              9.31908756,
              45.32312302
            ],
            [
              9.31909373,
              45.32312649
            ],
            [
              9.31915152,
              45.32315974
            ],
            [
              9.31919002,
              45.3231702
            ],
            [
              9.31919874,
              45.32317264
            ],
            [
              9.31930389,
              45.32322901
            ],
            [
              9.31931545,
              45.3232407
            ],
            [
              9.31940434,
              45.32330856
            ],
            [
              9.31942537,
              45.32331585
            ],
            [
              9.31957466,
              45.3233768
            ],
            [
              9.31960695,
              45.32339432
            ],
            [
              9.32002338,
              45.32360231
            ],
            [
              9.32009083,
              45.32364334
            ],
            [
              9.32011468,
              45.32366842
            ],
            [
              9.32012893,
              45.32367089
            ],
            [
              9.32017603,
              45.32367977
            ],
            [
              9.32018181,
              45.32367013
            ],
            [
              9.32024278,
              45.32354739
            ],
            [
              9.320255,
              45.32353274
            ],
            [
              9.32046293,
              45.32327494
            ],
            [
              9.32064266,
              45.32303855
            ],
            [
              9.32091013,
              45.32269539
            ],
            [
              9.32094613,
              45.32264078
            ],
            [
              9.32103987,
              45.32251269
            ],
            [
              9.32108303,
              45.3225372
            ],
            [
              9.32113856,
              45.32257028
            ],
            [
              9.32150764,
              45.32278714
            ],
            [
              9.32224996,
              45.32322516
            ],
            [
              9.32240422,
              45.32331942
            ],
            [
              9.3224644,
              45.32335677
            ],
            [
              9.32250805,
              45.32337768
            ],
            [
              9.32297521,
              45.3236435
            ],
            [
              9.323338,
              45.32384637
            ],
            [
              9.32339447,
              45.32387332
            ],
            [
              9.32344228,
              45.32390069
            ],
            [
              9.32348532,
              45.32391585
            ],
            [
              9.32352984,
              45.32393066
            ],
            [
              9.32354477,
              45.3238985
            ],
            [
              9.32358284,
              45.32384388
            ],
            [
              9.32370349,
              45.32366806
            ],
            [
              9.32375096,
              45.32359106
            ],
            [
              9.32376048,
              45.32357802
            ],
            [
              9.32377899,
              45.32355125
            ],
            [
              9.32378558,
              45.32354796
            ],
            [
              9.32391171,
              45.32336133
            ],
            [
              9.32396125,
              45.3232879
            ],
            [
              9.32398327,
              45.3232557
            ],
            [
              9.32414995,
              45.32300975
            ],
            [
              9.32429407,
              45.32279417
            ],
            [
              9.32435799,
              45.32280702
            ],
            [
              9.32465126,
              45.32288154
            ],
            [
              9.32470707,
              45.32289769
            ],
            [
              9.32505333,
              45.32300565
            ],
            [
              9.32520493,
              45.32305277
            ],
            [
              9.32524595,
              45.32306722
            ],
            [
              9.32562298,
              45.32320706
            ],
            [
              9.32572074,
              45.32324164
            ],
            [
              9.32600842,
              45.32334401
            ],
            [
              9.32602894,
              45.32335576
            ],
            [
              9.32641681,
              45.32357299
            ],
            [
              9.32654949,
              45.32363001
            ],
            [
              9.3266245,
              45.32368133
            ],
            [
              9.32701169,
              45.32392593
            ],
            [
              9.3270368,
              45.32393799
            ],
            [
              9.32747378,
              45.32416928
            ],
            [
              9.32748866,
              45.32417745
            ],
            [
              9.32788602,
              45.32455557
            ],
            [
              9.32791522,
              45.32456724
            ],
            [
              9.3279641,
              45.32460758
            ],
            [
              9.32802374,
              45.32465144
            ],
            [
              9.32801236,
              45.3246814
            ],
            [
              9.32801146,
              45.32469113
            ],
            [
              9.32801423,
              45.32470984
            ],
            [
              9.32801487,
              45.32472172
            ],
            [
              9.32800991,
              45.32473364
            ],
            [
              9.3280105,
              45.32474011
            ],
            [
              9.32805856,
              45.32479883
            ],
            [
              9.32807015,
              45.32483007
            ],
            [
              9.32814185,
              45.32503697
            ],
            [
              9.32815063,
              45.32504878
            ],
            [
              9.32816256,
              45.32506562
            ],
            [
              9.32817028,
              45.32507276
            ],
            [
              9.32817804,
              45.32508136
            ],
            [
              9.32819546,
              45.32509023
            ],
            [
              9.32823801,
              45.32511009
            ],
            [
              9.32825896,
              45.32511318
            ],
            [
              9.3282871,
              45.32512343
            ],
            [
              9.32830303,
              45.32513554
            ],
            [
              9.32839236,
              45.32518999
            ],
            [
              9.3284093,
              45.32519925
            ],
            [
              9.3284267,
              45.32520451
            ],
            [
              9.32848052,
              45.32523078
            ],
            [
              9.32851087,
              45.3252536
            ],
            [
              9.32857877,
              45.32530748
            ],
            [
              9.32861419,
              45.3253292
            ],
            [
              9.32862135,
              45.32533057
            ],
            [
              9.32867518,
              45.32535721
            ],
            [
              9.32869625,
              45.32537326
            ],
            [
              9.32877486,
              45.32542455
            ],
            [
              9.32878612,
              45.3254295
            ],
            [
              9.3288051,
              45.32543982
            ],
            [
              9.32882354,
              45.3254476
            ],
            [
              9.32884043,
              45.3254536
            ],
            [
              9.32887732,
              45.32546846
            ],
            [
              9.32896026,
              45.32549955
            ],
            [
              9.32899092,
              45.32550545
            ],
            [
              9.3290528,
              45.3255223
            ],
            [
              9.32910038,
              45.32553744
            ],
            [
              9.32948054,
              45.32565785
            ],
            [
              9.32948973,
              45.32565886
            ],
            [
              9.32949535,
              45.32565882
            ],
            [
              9.32965563,
              45.32572285
            ],
            [
              9.32984211,
              45.32580072
            ],
            [
              9.32991381,
              45.32582829
            ],
            [
              9.32993179,
              45.32584185
            ],
            [
              9.32997859,
              45.32587787
            ],
            [
              9.32998986,
              45.3258814
            ],
            [
              9.33002566,
              45.32589303
            ],
            [
              9.33005686,
              45.32590072
            ],
            [
              9.33007373,
              45.32590493
            ],
            [
              9.33010643,
              45.32591045
            ],
            [
              9.33013604,
              45.3259142
            ],
            [
              9.33016111,
              45.32592158
            ],
            [
              9.33038901,
              45.32601211
            ],
            [
              9.33071674,
              45.32613939
            ],
            [
              9.33079987,
              45.32616605
            ],
            [
              9.33145311,
              45.32637442
            ],
            [
              9.33152102,
              45.32639754
            ],
            [
              9.33169757,
              45.32646101
            ],
            [
              9.33172582,
              45.32646794
            ],
            [
              9.33174739,
              45.32647206
            ],
            [
              9.33187833,
              45.32650182
            ],
            [
              9.33189331,
              45.32650958
            ],
            [
              9.332219868255304,
              45.32664014759752
            ],
            [
              9.33227964,
              45.3265387
            ],
            [
              9.33229168,
              45.3264991
            ],
            [
              9.3323027,
              45.32646129
            ],
            [
              9.33230641,
              45.3264467
            ],
            [
              9.33232841,
              45.32636084
            ],
            [
              9.3323687,
              45.32626743
            ],
            [
              9.33237718,
              45.32624775
            ],
            [
              9.332431,
              45.32610479
            ],
            [
              9.33258809,
              45.32598968
            ],
            [
              9.3326444,
              45.32597932
            ],
            [
              9.33274425,
              45.3259598
            ],
            [
              9.3327944,
              45.32594998
            ],
            [
              9.33279766,
              45.32596173
            ],
            [
              9.33286531,
              45.32595871
            ],
            [
              9.3328936,
              45.32591861
            ],
            [
              9.33294518,
              45.32585217
            ],
            [
              9.33297402,
              45.32582074
            ],
            [
              9.33303168,
              45.32575283
            ],
            [
              9.33305748,
              45.32572141
            ],
            [
              9.33306352,
              45.32570876
            ],
            [
              9.33320196,
              45.32550725
            ],
            [
              9.33325855,
              45.32543214
            ],
            [
              9.33331666,
              45.32534619
            ],
            [
              9.3333985,
              45.32522881
            ],
            [
              9.33345105,
              45.32515659
            ],
            [
              9.33352118,
              45.32502412
            ],
            [
              9.33353784,
              45.32500745
            ],
            [
              9.33348838,
              45.32499082
            ],
            [
              9.33327794,
              45.32491722
            ],
            [
              9.33282988,
              45.32476248
            ],
            [
              9.33256807,
              45.32467163
            ],
            [
              9.3327392,
              45.32444207
            ],
            [
              9.33295055,
              45.32416275
            ],
            [
              9.33317413,
              45.32386795
            ],
            [
              9.33336462,
              45.32361746
            ],
            [
              9.33374151,
              45.32312407
            ],
            [
              9.33392279,
              45.3228772
            ],
            [
              9.33400173,
              45.32277017
            ],
            [
              9.33403737,
              45.32276502
            ],
            [
              9.33406738,
              45.32274942
            ],
            [
              9.33412244,
              45.32249081
            ],
            [
              9.33414213,
              45.32245867
            ],
            [
              9.3341527,
              45.32243484
            ],
            [
              9.33413737,
              45.32242984
            ],
            [
              9.33414696,
              45.32232708
            ],
            [
              9.33418934,
              45.32233741
            ],
            [
              9.33422473,
              45.3222836
            ],
            [
              9.33424786,
              45.32222947
            ],
            [
              9.33429657,
              45.32210243
            ],
            [
              9.33434006,
              45.3220385
            ],
            [
              9.33442254,
              45.32193372
            ],
            [
              9.33445377,
              45.32186947
            ],
            [
              9.33450217,
              45.3217756
            ],
            [
              9.33451814,
              45.32174236
            ],
            [
              9.33455959,
              45.32165612
            ],
            [
              9.334673,
              45.32143446
            ],
            [
              9.33476978,
              45.32124493
            ],
            [
              9.334861,
              45.32106587
            ],
            [
              9.33490282,
              45.32098211
            ],
            [
              9.33495816,
              45.32085651
            ],
            [
              9.3349647,
              45.32084133
            ],
            [
              9.33499589,
              45.32076881
            ],
            [
              9.33503122,
              45.32070742
            ],
            [
              9.33508928,
              45.32061028
            ],
            [
              9.33515286,
              45.32049799
            ],
            [
              9.33518963,
              45.32042074
            ],
            [
              9.33524254,
              45.32031497
            ],
            [
              9.3352829,
              45.32024348
            ],
            [
              9.33533331,
              45.32014564
            ],
            [
              9.33542248,
              45.31996442
            ],
            [
              9.33547191,
              45.31987272
            ],
            [
              9.3355516,
              45.31972577
            ],
            [
              9.33566628,
              45.31949221
            ],
            [
              9.33567945,
              45.31946805
            ],
            [
              9.33589569,
              45.31956398
            ],
            [
              9.33606032,
              45.31963808
            ],
            [
              9.33621062,
              45.3197079
            ],
            [
              9.33638445,
              45.31978701
            ],
            [
              9.33649538,
              45.31983174
            ],
            [
              9.33660785,
              45.31988437
            ],
            [
              9.33678064,
              45.31996024
            ],
            [
              9.3370424,
              45.32007911
            ],
            [
              9.33719014,
              45.32014353
            ],
            [
              9.33729193,
              45.3202005
            ],
            [
              9.33739725,
              45.32024847
            ],
            [
              9.33784413,
              45.32045685
            ],
            [
              9.337997,
              45.32052846
            ],
            [
              9.33820456,
              45.32062116
            ],
            [
              9.33830477,
              45.32066518
            ],
            [
              9.3383349,
              45.32067304
            ],
            [
              9.33867134,
              45.32082877
            ],
            [
              9.33892085,
              45.32094332
            ],
            [
              9.33909469,
              45.32102424
            ],
            [
              9.33916322,
              45.32105826
            ],
            [
              9.3391801,
              45.3210683
            ],
            [
              9.33928084,
              45.32112311
            ],
            [
              9.33940028,
              45.32116441
            ],
            [
              9.33949611,
              45.32119829
            ],
            [
              9.33957411,
              45.321238
            ],
            [
              9.33965465,
              45.32127733
            ],
            [
              9.33975098,
              45.32132534
            ],
            [
              9.33986514,
              45.32138383
            ],
            [
              9.33996098,
              45.32143437
            ],
            [
              9.3400619,
              45.32148346
            ],
            [
              9.34009606,
              45.32149606
            ],
            [
              9.34018935,
              45.32154299
            ],
            [
              9.34030199,
              45.32159893
            ],
            [
              9.34047683,
              45.32168483
            ],
            [
              9.3405482,
              45.32172418
            ],
            [
              9.3405942,
              45.32174791
            ],
            [
              9.34072501,
              45.32179884
            ],
            [
              9.34079602,
              45.32182862
            ],
            [
              9.34090488,
              45.32187311
            ],
            [
              9.34101371,
              45.32191542
            ],
            [
              9.34108373,
              45.32194628
            ],
            [
              9.34120793,
              45.32200117
            ],
            [
              9.34128101,
              45.32203238
            ],
            [
              9.34133365,
              45.32205678
            ],
            [
              9.34135665,
              45.32206574
            ],
            [
              9.34138999,
              45.32201041
            ],
            [
              9.34139252,
              45.32200717
            ],
            [
              9.3414467,
              45.32193562
            ],
            [
              9.34146458,
              45.32194353
            ],
            [
              9.341604,
              45.32198441
            ],
            [
              9.34179245,
              45.3220443
            ],
            [
              9.34198096,
              45.32210921
            ],
            [
              9.34212802,
              45.32215292
            ],
            [
              9.34213508,
              45.32213856
            ],
            [
              9.34221485,
              45.32200919
            ],
            [
              9.34226378,
              45.32198883
            ],
            [
              9.34243036,
              45.32183299
            ],
            [
              9.34264789,
              45.32162895
            ],
            [
              9.34276964,
              45.32151262
            ],
            [
              9.34289751,
              45.32140024
            ],
            [
              9.34301774,
              45.32128788
            ],
            [
              9.34311093,
              45.32119946
            ],
            [
              9.34324186,
              45.32106935
            ],
            [
              9.34341574,
              45.32089094
            ],
            [
              9.34352495,
              45.32078247
            ],
            [
              9.34361783,
              45.32070119
            ],
            [
              9.34372731,
              45.32060709
            ],
            [
              9.34385285,
              45.32050063
            ],
            [
              9.3441151,
              45.32027292
            ],
            [
              9.34422792,
              45.32017367
            ],
            [
              9.34429052,
              45.32013754
            ],
            [
              9.34441625,
              45.32009553
            ],
            [
              9.34454456,
              45.32005855
            ],
            [
              9.34469065,
              45.32001219
            ],
            [
              9.34473255,
              45.32002577
            ],
            [
              9.34479344,
              45.32005909
            ],
            [
              9.34492064,
              45.32009403
            ],
            [
              9.34499957,
              45.32007013
            ],
            [
              9.34507054,
              45.32008362
            ],
            [
              9.34523446,
              45.32003363
            ],
            [
              9.34534544,
              45.31999885
            ],
            [
              9.34542133,
              45.31998105
            ],
            [
              9.34558226,
              45.31994221
            ],
            [
              9.34581632,
              45.31993522
            ],
            [
              9.34589189,
              45.31986239
            ],
            [
              9.34595453,
              45.3198475
            ],
            [
              9.34607951,
              45.31985298
            ],
            [
              9.34620128,
              45.31983292
            ],
            [
              9.346254,
              45.31986265
            ],
            [
              9.34627053,
              45.31990145
            ],
            [
              9.34637979,
              45.31992062
            ],
            [
              9.34642566,
              45.31991477
            ],
            [
              9.34663868,
              45.31997003
            ],
            [
              9.34677095,
              45.3199981
            ],
            [
              9.3468425,
              45.3200137
            ],
            [
              9.34705506,
              45.32006087
            ],
            [
              9.3471276,
              45.32007467
            ],
            [
              9.34715109,
              45.32007856
            ],
            [
              9.34725445,
              45.32012137
            ],
            [
              9.34734449,
              45.32015632
            ],
            [
              9.34742377,
              45.32018446
            ],
            [
              9.34753926,
              45.32021324
            ],
            [
              9.34763329,
              45.3202356
            ],
            [
              9.34779629,
              45.32027249
            ],
            [
              9.34785711,
              45.32028633
            ],
            [
              9.34788009,
              45.3202895
            ],
            [
              9.34805058,
              45.3203016
            ],
            [
              9.34814526,
              45.32027152
            ],
            [
              9.34826485,
              45.32030064
            ],
            [
              9.34853621,
              45.32036596
            ],
            [
              9.34865626,
              45.32039844
            ],
            [
              9.34877065,
              45.32043464
            ],
            [
              9.34897801,
              45.32050635
            ],
            [
              9.34904439,
              45.32052677
            ],
            [
              9.34920881,
              45.32057945
            ],
            [
              9.34940392,
              45.32064399
            ],
            [
              9.34950912,
              45.32067479
            ],
            [
              9.34967713,
              45.32073071
            ],
            [
              9.34984165,
              45.32079745
            ],
            [
              9.34997759,
              45.32084233
            ],
            [
              9.3501427,
              45.32088649
            ],
            [
              9.3502142,
              45.32094676
            ],
            [
              9.35034773,
              45.32090098
            ],
            [
              9.35056041,
              45.3208733
            ],
            [
              9.35076682,
              45.32086186
            ],
            [
              9.3509748,
              45.32085324
            ],
            [
              9.3512012,
              45.32085899
            ],
            [
              9.35140171,
              45.3208864
            ],
            [
              9.35157007,
              45.32090737
            ],
            [
              9.35171497,
              45.32092371
            ],
            [
              9.35178688,
              45.32093044
            ],
            [
              9.35191953,
              45.32094678
            ],
            [
              9.35211694,
              45.32096663
            ],
            [
              9.35227557,
              45.3209797
            ],
            [
              9.35249847,
              45.32099772
            ],
            [
              9.35253468,
              45.32100125
            ],
            [
              9.35263364,
              45.32101082
            ],
            [
              9.35277137,
              45.32102283
            ],
            [
              9.35302997,
              45.32104474
            ],
            [
              9.35327276,
              45.32106703
            ],
            [
              9.35341357,
              45.32108264
            ],
            [
              9.35364976,
              45.32110783
            ],
            [
              9.35381606,
              45.32112404
            ],
            [
              9.35385576,
              45.32111181
            ],
            [
              9.35386092,
              45.32112261
            ],
            [
              9.35417213,
              45.32115534
            ],
            [
              9.35452468,
              45.32119287
            ],
            [
              9.35467573,
              45.32121003
            ],
            [
              9.35480653,
              45.32119451
            ],
            [
              9.35484062,
              45.3211797
            ],
            [
              9.35485491,
              45.32118111
            ],
            [
              9.3550544,
              45.32120959
            ],
            [
              9.35511311,
              45.32121811
            ],
            [
              9.35521106,
              45.32122511
            ],
            [
              9.35528807,
              45.32122637
            ],
            [
              9.35533908,
              45.32122662
            ],
            [
              9.35541604,
              45.32121998
            ],
            [
              9.35544759,
              45.32120803
            ],
            [
              9.35548117,
              45.32119356
            ],
            [
              9.3556535,
              45.32118636
            ],
            [
              9.35576823,
              45.32118323
            ],
            [
              9.355762,
              45.32134088
            ],
            [
              9.35574862,
              45.32141144
            ],
            [
              9.35571346,
              45.32150582
            ],
            [
              9.35566428,
              45.3216434
            ],
            [
              9.35556703,
              45.32180183
            ],
            [
              9.35549813,
              45.32192169
            ],
            [
              9.35533689,
              45.32205914
            ],
            [
              9.35524991,
              45.32213438
            ],
            [
              9.35522498,
              45.32215319
            ],
            [
              9.35502242,
              45.32229978
            ],
            [
              9.35494916,
              45.32235551
            ],
            [
              9.35473077,
              45.32250288
            ],
            [
              9.35449125,
              45.32260165
            ],
            [
              9.35454775,
              45.32268148
            ],
            [
              9.35451624,
              45.32271221
            ],
            [
              9.35427303,
              45.32278685
            ],
            [
              9.35402829,
              45.32286331
            ],
            [
              9.35393408,
              45.32291477
            ],
            [
              9.35383076,
              45.32287331
            ],
            [
              9.35377849,
              45.32294337
            ],
            [
              9.35364236,
              45.32310632
            ],
            [
              9.35357066,
              45.3231689
            ],
            [
              9.35351063,
              45.32322099
            ],
            [
              9.35342659,
              45.32326737
            ],
            [
              9.35333275,
              45.32328965
            ],
            [
              9.35287627,
              45.32339705
            ],
            [
              9.35261766,
              45.32344868
            ],
            [
              9.35252581,
              45.32346482
            ],
            [
              9.35244424,
              45.32348958
            ],
            [
              9.35225093,
              45.3235483
            ],
            [
              9.35191983,
              45.32364655
            ],
            [
              9.35193936,
              45.32367851
            ],
            [
              9.35187139,
              45.32366531
            ],
            [
              9.35179022,
              45.32367729
            ],
            [
              9.35175348,
              45.32368525
            ],
            [
              9.35157108,
              45.32372857
            ],
            [
              9.35149215,
              45.32374768
            ],
            [
              9.35125331,
              45.32381656
            ],
            [
              9.35094521,
              45.32390131
            ],
            [
              9.35073234,
              45.32396513
            ],
            [
              9.35059484,
              45.3240084
            ],
            [
              9.35042683,
              45.32403007
            ],
            [
              9.35034179,
              45.32405351
            ],
            [
              9.35018035,
              45.32409894
            ],
            [
              9.34987638,
              45.32416172
            ],
            [
              9.34975621,
              45.3241867
            ],
            [
              9.34969871,
              45.32419007
            ],
            [
              9.34951648,
              45.32420777
            ],
            [
              9.34929453,
              45.32424057
            ],
            [
              9.34900132,
              45.3242811
            ],
            [
              9.348821,
              45.32434558
            ],
            [
              9.34855614,
              45.32443817
            ],
            [
              9.34834815,
              45.32457738
            ],
            [
              9.34815648,
              45.3247019
            ],
            [
              9.34813576,
              45.32487065
            ],
            [
              9.34810263,
              45.32512268
            ],
            [
              9.34808183,
              45.32532035
            ],
            [
              9.34800028,
              45.32561236
            ],
            [
              9.34797154,
              45.32572038
            ],
            [
              9.34794487,
              45.32581329
            ],
            [
              9.34788648,
              45.32598577
            ],
            [
              9.34784914,
              45.32611161
            ],
            [
              9.3477486,
              45.32627492
            ],
            [
              9.34767803,
              45.32638608
            ],
            [
              9.34763739,
              45.32644402
            ],
            [
              9.34755454,
              45.32655806
            ],
            [
              9.34739119,
              45.32672148
            ],
            [
              9.34721098,
              45.32688778
            ],
            [
              9.34712701,
              45.32696948
            ],
            [
              9.3470893,
              45.3269947
            ],
            [
              9.34698483,
              45.32705774
            ],
            [
              9.3466643,
              45.3272584
            ],
            [
              9.34648132,
              45.32736505
            ],
            [
              9.34637938,
              45.32742342
            ],
            [
              9.34631054,
              45.32745838
            ],
            [
              9.34615353,
              45.32753623
            ],
            [
              9.34601433,
              45.32760437
            ],
            [
              9.34598833,
              45.3276195
            ],
            [
              9.34576108,
              45.32775156
            ],
            [
              9.34561909,
              45.32783538
            ],
            [
              9.34545219,
              45.32792693
            ],
            [
              9.34530649,
              45.32799442
            ],
            [
              9.34520343,
              45.32804249
            ],
            [
              9.34512849,
              45.32809946
            ],
            [
              9.34505862,
              45.3281546
            ],
            [
              9.34497831,
              45.32823918
            ],
            [
              9.34489346,
              45.32832814
            ],
            [
              9.34483805,
              45.32840679
            ],
            [
              9.34478128,
              45.3284985
            ],
            [
              9.34479623,
              45.32857787
            ],
            [
              9.34481,
              45.32863404
            ],
            [
              9.3448392,
              45.32876668
            ],
            [
              9.34485141,
              45.32882321
            ],
            [
              9.34463426,
              45.32876554
            ],
            [
              9.34448251,
              45.32872569
            ],
            [
              9.34421225,
              45.32865742
            ],
            [
              9.34407224,
              45.32861894
            ],
            [
              9.34387821,
              45.32856461
            ],
            [
              9.34371345,
              45.3285179
            ],
            [
              9.34346079,
              45.32842637
            ],
            [
              9.34343077,
              45.32846814
            ],
            [
              9.34329954,
              45.32866512
            ],
            [
              9.34318863,
              45.32882352
            ],
            [
              9.34302073,
              45.32906658
            ],
            [
              9.34292001,
              45.32921448
            ],
            [
              9.34285487,
              45.32930784
            ],
            [
              9.34275161,
              45.32945827
            ],
            [
              9.34264886,
              45.32961091
            ],
            [
              9.34260612,
              45.32967377
            ],
            [
              9.34255569,
              45.32975193
            ],
            [
              9.34249448,
              45.32985423
            ],
            [
              9.34247968,
              45.32987586
            ],
            [
              9.34244193,
              45.32992271
            ],
            [
              9.34242573,
              45.32994864
            ],
            [
              9.3424141,
              45.32996305
            ],
            [
              9.34238179,
              45.33000916
            ],
            [
              9.34234341,
              45.33006392
            ],
            [
              9.34229641,
              45.33012482
            ],
            [
              9.34228734,
              45.33013815
            ],
            [
              9.34227317600182,
              45.33013355223383
            ],
            [
              9.34229182,
              45.33015085
            ],
            [
              9.34243255,
              45.3299437
            ],
            [
              9.34244575,
              45.32992644
            ],
            [
              9.34246821,
              45.32989385
            ],
            [
              9.34248515,
              45.32987657
            ],
            [
              9.34249768,
              45.32985406
            ],
            [
              9.34259537,
              45.32971057
            ],
            [
              9.34259422,
              45.3297102
            ],
            [
              9.34263787,
              45.32964812
            ],
            [
              9.34283743,
              45.32935888
            ],
            [
              9.34286884,
              45.32930988
            ],
            [
              9.3428707,
              45.3293105
            ],
            [
              9.34287085,
              45.32931019
            ],
            [
              9.34319165,
              45.32883204
            ],
            [
              9.34346295,
              45.32844068
            ],
            [
              9.34369296,
              45.32851682
            ],
            [
              9.34386871,
              45.32856761
            ],
            [
              9.34406946,
              45.32862192
            ],
            [
              9.34463299,
              45.32877306
            ],
            [
              9.34483963,
              45.32883323
            ],
            [
              9.34486691,
              45.32886233
            ],
            [
              9.34496831,
              45.32898793
            ],
            [
              9.34533628,
              45.32919124
            ],
            [
              9.34550008,
              45.32924525
            ],
            [
              9.34553641,
              45.32925697
            ],
            [
              9.34581314,
              45.32931558
            ],
            [
              9.3460653,
              45.32933294
            ],
            [
              9.34635605,
              45.32930337
            ],
            [
              9.34661576,
              45.32925211
            ],
            [
              9.34707372,
              45.3291578
            ],
            [
              9.34727134,
              45.32912206
            ],
            [
              9.34749705,
              45.3291245
            ],
            [
              9.34754284,
              45.32912268
            ],
            [
              9.34762623,
              45.32911657
            ],
            [
              9.34785412,
              45.32910457
            ],
            [
              9.34806438,
              45.32906799
            ],
            [
              9.34821145,
              45.32906571
            ],
            [
              9.34843525,
              45.32909267
            ],
            [
              9.34863662,
              45.32911371
            ],
            [
              9.34877303,
              45.32914553
            ],
            [
              9.34893754,
              45.32918588
            ],
            [
              9.34915652,
              45.32921232
            ],
            [
              9.34929129,
              45.32922903
            ],
            [
              9.34936242,
              45.32926401
            ],
            [
              9.34940176,
              45.32927357
            ],
            [
              9.34947073,
              45.32928876
            ],
            [
              9.34954991,
              45.3293075
            ],
            [
              9.34970745,
              45.32937236
            ],
            [
              9.34989415,
              45.32945531
            ],
            [
              9.35005331,
              45.32952393
            ],
            [
              9.35009597,
              45.32957652
            ],
            [
              9.35013248,
              45.32961786
            ],
            [
              9.35016919,
              45.32975692
            ],
            [
              9.35019743,
              45.32985418
            ],
            [
              9.35020573,
              45.32987543
            ],
            [
              9.3502523,
              45.32996794
            ],
            [
              9.35030974,
              45.33008313
            ],
            [
              9.35030171,
              45.33009866
            ],
            [
              9.3502962,
              45.33011419
            ],
            [
              9.35027913,
              45.33015175
            ],
            [
              9.35031048,
              45.33018409
            ],
            [
              9.35042282,
              45.33027495
            ],
            [
              9.35039566,
              45.33039467
            ],
            [
              9.35046918,
              45.33040262
            ],
            [
              9.35047758,
              45.33036802
            ],
            [
              9.35067978,
              45.33039305
            ],
            [
              9.35068817,
              45.33035665
            ],
            [
              9.35077754,
              45.33037246
            ],
            [
              9.35069904,
              45.33057767
            ],
            [
              9.35042838,
              45.33053854
            ],
            [
              9.35041747,
              45.33057782
            ],
            [
              9.35039449,
              45.33057469
            ],
            [
              9.35040594,
              45.33053719
            ],
            [
              9.35036611,
              45.33053053
            ],
            [
              9.3503621,
              45.33054063
            ],
            [
              9.3503426,
              45.33057984
            ],
            [
              9.35031406,
              45.3305783
            ],
            [
              9.35028658,
              45.33065007
            ],
            [
              9.35030205,
              45.33068768
            ],
            [
              9.35027289,
              45.33069441
            ],
            [
              9.35029691,
              45.33075458
            ],
            [
              9.35024909,
              45.33088586
            ],
            [
              9.35019669,
              45.3310312
            ],
            [
              9.35019322,
              45.33127963
            ],
            [
              9.35019761,
              45.33153195
            ],
            [
              9.35021245,
              45.33155914
            ],
            [
              9.35018924,
              45.33158846
            ],
            [
              9.35020027,
              45.331652
            ],
            [
              9.35021556,
              45.33172734
            ],
            [
              9.35014362,
              45.3319045
            ],
            [
              9.35010736,
              45.33198821
            ],
            [
              9.35022135,
              45.33219282
            ],
            [
              9.35038552,
              45.33248516
            ],
            [
              9.3504682,
              45.33265439
            ],
            [
              9.35052399,
              45.33272143
            ],
            [
              9.35061127,
              45.33282867
            ],
            [
              9.35068386,
              45.33291225
            ],
            [
              9.35069266,
              45.33293091
            ],
            [
              9.35071643,
              45.33296789
            ],
            [
              9.35078437,
              45.3330719
            ],
            [
              9.35083652,
              45.33315987
            ],
            [
              9.35084932,
              45.33323397
            ],
            [
              9.35086413,
              45.33330735
            ],
            [
              9.35081776,
              45.33331079
            ],
            [
              9.35081516,
              45.33337199
            ],
            [
              9.35083729,
              45.33342468
            ],
            [
              9.35083378,
              45.33344641
            ],
            [
              9.35072637,
              45.3335094
            ],
            [
              9.35074419,
              45.3335633
            ],
            [
              9.3507428,
              45.33357914
            ],
            [
              9.35061381,
              45.33357427
            ],
            [
              9.35046395,
              45.33357345
            ],
            [
              9.35036063,
              45.33358756
            ],
            [
              9.35018267,
              45.3335793
            ],
            [
              9.35005622,
              45.3335719
            ],
            [
              9.34999451,
              45.33356783
            ],
            [
              9.3498934,
              45.33354594
            ],
            [
              9.34965657,
              45.33350482
            ],
            [
              9.3494853,
              45.33347331
            ],
            [
              9.3492118,
              45.33341174
            ],
            [
              9.34888787,
              45.33333932
            ],
            [
              9.34881663,
              45.33332417
            ],
            [
              9.34865049,
              45.3332785
            ],
            [
              9.34833972,
              45.33319754
            ],
            [
              9.34815847,
              45.33314915
            ],
            [
              9.34792046,
              45.33314549
            ],
            [
              9.34783693,
              45.33314751
            ],
            [
              9.34758785,
              45.33319962
            ],
            [
              9.34756543,
              45.3332055
            ],
            [
              9.34748506,
              45.33323602
            ],
            [
              9.34732683,
              45.33329562
            ],
            [
              9.34727948,
              45.33331167
            ],
            [
              9.34720238,
              45.333396
            ],
            [
              9.34710773,
              45.33350361
            ],
            [
              9.3470831,
              45.33353328
            ],
            [
              9.34703309,
              45.33360217
            ],
            [
              9.34698192,
              45.33367048
            ],
            [
              9.34694585,
              45.3337157
            ],
            [
              9.34687883,
              45.33377224
            ],
            [
              9.34685824,
              45.33378771
            ],
            [
              9.34683327,
              45.33381105
            ],
            [
              9.34667385,
              45.33396575
            ],
            [
              9.34651704,
              45.33411823
            ],
            [
              9.34644397,
              45.33418983
            ],
            [
              9.34640439,
              45.33423206
            ],
            [
              9.3462726,
              45.33432367
            ],
            [
              9.34612415,
              45.33442503
            ],
            [
              9.3459995,
              45.33450686
            ],
            [
              9.34589615,
              45.33457672
            ],
            [
              9.34577969,
              45.33460635
            ],
            [
              9.34550661,
              45.33467441
            ],
            [
              9.34537482,
              45.33471
            ],
            [
              9.34527664,
              45.33473715
            ],
            [
              9.34518137,
              45.3347477
            ],
            [
              9.34509579,
              45.33475675
            ],
            [
              9.34497039,
              45.33475989
            ],
            [
              9.344741,
              45.33476678
            ],
            [
              9.34459308,
              45.33477186
            ],
            [
              9.34441321,
              45.33471614
            ],
            [
              9.3442532,
              45.3346624
            ],
            [
              9.34419616,
              45.33464565
            ],
            [
              9.34415931,
              45.33461634
            ],
            [
              9.34414988,
              45.33460487
            ],
            [
              9.34401622,
              45.33457036
            ],
            [
              9.3437533,
              45.33451824
            ],
            [
              9.34362901,
              45.33449197
            ],
            [
              9.34345527,
              45.33447641
            ],
            [
              9.34320491,
              45.33445242
            ],
            [
              9.34313508,
              45.33444055
            ],
            [
              9.34306023,
              45.33443674
            ],
            [
              9.34291979,
              45.33443126
            ],
            [
              9.34279837,
              45.3344279
            ],
            [
              9.34253945,
              45.33443356
            ],
            [
              9.34230762,
              45.33445617
            ],
            [
              9.34201752,
              45.33452163
            ],
            [
              9.34181257,
              45.33457387
            ],
            [
              9.34159401,
              45.33463373
            ],
            [
              9.34147616,
              45.33470785
            ],
            [
              9.3413216,
              45.33480668
            ],
            [
              9.34120507,
              45.33489166
            ],
            [
              9.3411347,
              45.33494105
            ],
            [
              9.34098917,
              45.3350772
            ],
            [
              9.34095782,
              45.33510611
            ],
            [
              9.34091996,
              45.3351471
            ],
            [
              9.34084227,
              45.33523898
            ],
            [
              9.34079391,
              45.33535799
            ],
            [
              9.34071452,
              45.33555905
            ],
            [
              9.34067165,
              45.335657
            ],
            [
              9.3406206,
              45.33579505
            ],
            [
              9.3405498,
              45.33599675
            ],
            [
              9.34050036,
              45.33611095
            ],
            [
              9.34046223,
              45.3362
            ],
            [
              9.340435,
              45.33624959
            ],
            [
              9.34041345,
              45.33628625
            ],
            [
              9.34036664,
              45.33637291
            ],
            [
              9.34035781,
              45.33641476
            ],
            [
              9.340328,
              45.33655051
            ],
            [
              9.34031715,
              45.33659885
            ],
            [
              9.34031594,
              45.33663885
            ],
            [
              9.33993908,
              45.33669472
            ],
            [
              9.33981381,
              45.33671623
            ],
            [
              9.33970687,
              45.33673296
            ],
            [
              9.33971711,
              45.33669763
            ],
            [
              9.33972546,
              45.33667188
            ],
            [
              9.33974556,
              45.33661226
            ],
            [
              9.33974253,
              45.33656907
            ],
            [
              9.33974113,
              45.33653537
            ],
            [
              9.33971584,
              45.33649581
            ],
            [
              9.33969109,
              45.33646025
            ],
            [
              9.33965412,
              45.33643687
            ],
            [
              9.33964971,
              45.33643408
            ],
            [
              9.339607075834335,
              45.33640379629814
            ],
            [
              9.33967578,
              45.33645658
            ],
            [
              9.33969455,
              45.33648162
            ],
            [
              9.33973752,
              45.33654493
            ],
            [
              9.33974049,
              45.33656142
            ],
            [
              9.33973818,
              45.33656906
            ],
            [
              9.33968637,
              45.33673686
            ],
            [
              9.33969694,
              45.33673713
            ],
            [
              9.33993838,
              45.33669886
            ],
            [
              9.34038827,
              45.3370519
            ],
            [
              9.34046268,
              45.33724216
            ],
            [
              9.34056127,
              45.33741534
            ],
            [
              9.34062971,
              45.33751168
            ],
            [
              9.34064428,
              45.33752489
            ],
            [
              9.34093408,
              45.33779814
            ],
            [
              9.34099179,
              45.33784559
            ],
            [
              9.34101253,
              45.33785947
            ],
            [
              9.34118389,
              45.33799067
            ],
            [
              9.34133051,
              45.33809664
            ],
            [
              9.34134898,
              45.33810116
            ],
            [
              9.34173112,
              45.33821366
            ],
            [
              9.3420526,
              45.33830727
            ],
            [
              9.34208801,
              45.3383156
            ],
            [
              9.34261044,
              45.33839486
            ],
            [
              9.34262517,
              45.33839114
            ],
            [
              9.34301572,
              45.33835715
            ],
            [
              9.34351532,
              45.33836466
            ],
            [
              9.34354145,
              45.33836983
            ],
            [
              9.34376622,
              45.33842651
            ],
            [
              9.34381682,
              45.33845449
            ],
            [
              9.34382979,
              45.33846552
            ],
            [
              9.34388022,
              45.33851041
            ],
            [
              9.3439406,
              45.33862391
            ],
            [
              9.34393585,
              45.33864159
            ],
            [
              9.3438846,
              45.33886975
            ],
            [
              9.3438774,
              45.33889354
            ],
            [
              9.34381494,
              45.33912288
            ],
            [
              9.34379337,
              45.33917019
            ],
            [
              9.34378298,
              45.33918683
            ],
            [
              9.34369851,
              45.33933505
            ],
            [
              9.34360543,
              45.33948659
            ],
            [
              9.34352507,
              45.33960997
            ],
            [
              9.34350754,
              45.3396281
            ],
            [
              9.34330252,
              45.33985436
            ],
            [
              9.34327738,
              45.33987438
            ],
            [
              9.3431913,
              45.33993844
            ],
            [
              9.34316757,
              45.33995267
            ],
            [
              9.34290417,
              45.34009203
            ],
            [
              9.34288398,
              45.34010407
            ],
            [
              9.34286774,
              45.34010998
            ],
            [
              9.34264965,
              45.34018705
            ],
            [
              9.34255491,
              45.34022673
            ],
            [
              9.34253654,
              45.34022798
            ],
            [
              9.342452,
              45.34023986
            ],
            [
              9.34242812,
              45.34024618
            ],
            [
              9.3422356,
              45.34030074
            ],
            [
              9.34217804,
              45.34030808
            ],
            [
              9.34202098,
              45.34032024
            ],
            [
              9.34190926,
              45.3403266
            ],
            [
              9.34187094,
              45.34032586
            ],
            [
              9.34175197,
              45.34032762
            ],
            [
              9.341541,
              45.34032478
            ],
            [
              9.34085516,
              45.34011455
            ],
            [
              9.34080261,
              45.34009055
            ],
            [
              9.34078138,
              45.34007634
            ],
            [
              9.3406607,
              45.33998889
            ],
            [
              9.3406359,
              45.33997365
            ],
            [
              9.34030498,
              45.33984163
            ],
            [
              9.34028392,
              45.33983533
            ],
            [
              9.34006777,
              45.33977642
            ],
            [
              9.33985234,
              45.33967469
            ],
            [
              9.33983746,
              45.33967158
            ],
            [
              9.33962098,
              45.33967454
            ],
            [
              9.33960037,
              45.33967965
            ],
            [
              9.33933872,
              45.33978
            ],
            [
              9.33932739,
              45.33978295
            ],
            [
              9.33925294,
              45.3398394
            ],
            [
              9.3392357,
              45.33985948
            ],
            [
              9.3389353,
              45.34019097
            ],
            [
              9.33886819,
              45.34029804
            ],
            [
              9.33885226,
              45.34032011
            ],
            [
              9.33870973,
              45.34050369
            ],
            [
              9.33852595,
              45.34074696
            ],
            [
              9.33850687,
              45.34076441
            ],
            [
              9.33836283,
              45.34089855
            ],
            [
              9.33825787,
              45.34099205
            ],
            [
              9.33824123,
              45.34100373
            ],
            [
              9.33810748,
              45.34108936
            ],
            [
              9.33808971,
              45.34109605
            ],
            [
              9.33777381,
              45.34120589
            ],
            [
              9.33755523,
              45.34127951
            ],
            [
              9.33752593,
              45.34128654
            ],
            [
              9.33729033,
              45.34134788
            ],
            [
              9.33705054,
              45.3414075
            ],
            [
              9.33677838,
              45.3414767
            ],
            [
              9.33650014,
              45.3415452
            ],
            [
              9.33648549,
              45.34155036
            ],
            [
              9.33575223,
              45.34183154
            ],
            [
              9.33573408,
              45.34183993
            ],
            [
              9.33545939,
              45.34196459
            ],
            [
              9.33531238,
              45.3420394
            ],
            [
              9.33528472,
              45.34205543
            ],
            [
              9.33506029,
              45.34220568
            ],
            [
              9.33498915,
              45.34226089
            ],
            [
              9.3347552,
              45.3424454
            ],
            [
              9.33471919,
              45.34247623
            ],
            [
              9.33471176,
              45.34248745
            ],
            [
              9.33462547,
              45.34260326
            ],
            [
              9.33457531,
              45.34266733
            ],
            [
              9.33438462,
              45.34290915
            ],
            [
              9.33432756,
              45.34298299
            ],
            [
              9.33432617,
              45.34299021
            ],
            [
              9.334293,
              45.34312112
            ],
            [
              9.33429239,
              45.34314345
            ],
            [
              9.33425635,
              45.34345079
            ],
            [
              9.33425758,
              45.34346339
            ],
            [
              9.33427149,
              45.34351053
            ],
            [
              9.33432954,
              45.34369222
            ],
            [
              9.33438882,
              45.34388831
            ],
            [
              9.33440041,
              45.34391635
            ],
            [
              9.33451382,
              45.3441698
            ],
            [
              9.33458651,
              45.34426509
            ],
            [
              9.33460015,
              45.34429042
            ],
            [
              9.33469292,
              45.34448285
            ],
            [
              9.33470643,
              45.34450065
            ],
            [
              9.33487725,
              45.34476942
            ],
            [
              9.33489026,
              45.34478652
            ],
            [
              9.33494271,
              45.34485164
            ],
            [
              9.33505742,
              45.34499145
            ],
            [
              9.33509786,
              45.34503661
            ],
            [
              9.33519741,
              45.34515111
            ],
            [
              9.33523775,
              45.34519195
            ],
            [
              9.33547896,
              45.34544707
            ],
            [
              9.33550488,
              45.34547623
            ],
            [
              9.33559586,
              45.3455944
            ],
            [
              9.33563265,
              45.34566507
            ],
            [
              9.33570748,
              45.34587743
            ],
            [
              9.33594417,
              45.34654288
            ],
            [
              9.33571718,
              45.34663322
            ],
            [
              9.33563363,
              45.34662381
            ],
            [
              9.33539886,
              45.3466775
            ],
            [
              9.33524759,
              45.34671286
            ],
            [
              9.33515545,
              45.34673092
            ],
            [
              9.33491151,
              45.34677469
            ],
            [
              9.33488422,
              45.34678451
            ],
            [
              9.33480884,
              45.34680867
            ],
            [
              9.33476733,
              45.34681783
            ],
            [
              9.3347695,
              45.34682392
            ],
            [
              9.3348408,
              45.34685177
            ],
            [
              9.33501742,
              45.34692756
            ],
            [
              9.33521965,
              45.34701165
            ],
            [
              9.33522324,
              45.34701376
            ],
            [
              9.33528305,
              45.34711943
            ],
            [
              9.33535683,
              45.34718704
            ],
            [
              9.33535434,
              45.34718925
            ],
            [
              9.335292,
              45.347314
            ],
            [
              9.33529554,
              45.34731779
            ],
            [
              9.33536209,
              45.3474382
            ],
            [
              9.33536223,
              45.34744432
            ],
            [
              9.33535991,
              45.34760712
            ],
            [
              9.33539934,
              45.34763917
            ],
            [
              9.33543377,
              45.34767595
            ],
            [
              9.3354241,
              45.34767676
            ],
            [
              9.33528403,
              45.34778898
            ],
            [
              9.33526137,
              45.34780432
            ],
            [
              9.33509861,
              45.34790558
            ],
            [
              9.3350713,
              45.34791736
            ],
            [
              9.33477196,
              45.34804014
            ],
            [
              9.33476749,
              45.34804455
            ],
            [
              9.33469677,
              45.34806283
            ],
            [
              9.33468966,
              45.34806361
            ],
            [
              9.33444416,
              45.3482701
            ],
            [
              9.33441305,
              45.34829233
            ],
            [
              9.33403089,
              45.34858819
            ],
            [
              9.33400787,
              45.34860961
            ],
            [
              9.33390008,
              45.34869619
            ],
            [
              9.33389913,
              45.34870084
            ],
            [
              9.33369835,
              45.34884514
            ],
            [
              9.33349476,
              45.34900415
            ],
            [
              9.33342147,
              45.34905589
            ],
            [
              9.33335173,
              45.34910904
            ],
            [
              9.3333589,
              45.34911434
            ],
            [
              9.33373092,
              45.34937156
            ],
            [
              9.33396715,
              45.34953671
            ],
            [
              9.33410446,
              45.34963054
            ],
            [
              9.33410199,
              45.34963416
            ],
            [
              9.33364831,
              45.34982285
            ],
            [
              9.33321891,
              45.35000232
            ],
            [
              9.33271261,
              45.3502091
            ],
            [
              9.33269865,
              45.35020459
            ],
            [
              9.3319645,
              45.35001688
            ],
            [
              9.33117093,
              45.34981292
            ],
            [
              9.33115907,
              45.34980691
            ],
            [
              9.3312627,
              45.34946067
            ],
            [
              9.33130462,
              45.34931438
            ],
            [
              9.33138664,
              45.34903951
            ],
            [
              9.33148578,
              45.34871555
            ],
            [
              9.33149211,
              45.34867947
            ],
            [
              9.33150313,
              45.34865236
            ],
            [
              9.33157557,
              45.34845075
            ],
            [
              9.33173033,
              45.34801433
            ],
            [
              9.33179567,
              45.3478106
            ],
            [
              9.33177144,
              45.34778231
            ],
            [
              9.33175924,
              45.34775213
            ],
            [
              9.33171026,
              45.34767031
            ],
            [
              9.33170298,
              45.34765848
            ],
            [
              9.33168994,
              45.3476355
            ],
            [
              9.33169582,
              45.34762826
            ],
            [
              9.33167251,
              45.34762056
            ],
            [
              9.33166872,
              45.34760658
            ],
            [
              9.33187045,
              45.34753642
            ],
            [
              9.33189374,
              45.34751801
            ],
            [
              9.33191593,
              45.34749308
            ],
            [
              9.3319408,
              45.3474312
            ],
            [
              9.33201749,
              45.34718447
            ],
            [
              9.33206738,
              45.3470141
            ],
            [
              9.33210123,
              45.3469276
            ],
            [
              9.33216292,
              45.34676541
            ],
            [
              9.33219079,
              45.34669327
            ],
            [
              9.33223383,
              45.34655326
            ],
            [
              9.33225408,
              45.34649287
            ],
            [
              9.33226452,
              45.34643495
            ],
            [
              9.33227451,
              45.34641441
            ],
            [
              9.33233453,
              45.34636299
            ],
            [
              9.33234312,
              45.34634892
            ],
            [
              9.33234369,
              45.34631743
            ],
            [
              9.33231667,
              45.3463064
            ],
            [
              9.33227007,
              45.34629798
            ],
            [
              9.33204369,
              45.34628026
            ],
            [
              9.33200224,
              45.34627
            ],
            [
              9.33173988,
              45.3461978
            ],
            [
              9.33135806,
              45.34609206
            ],
            [
              9.33097757,
              45.34599903
            ],
            [
              9.3309375,
              45.34597205
            ],
            [
              9.3314255,
              45.34526434
            ],
            [
              9.33165687,
              45.34492331
            ],
            [
              9.33167301,
              45.34488594
            ],
            [
              9.33168134,
              45.34486885
            ],
            [
              9.33189334,
              45.34455625
            ],
            [
              9.33190112,
              45.34454648
            ],
            [
              9.33190280872469,
              45.344544308491535
            ],
            [
              9.33189149,
              45.34454579
            ],
            [
              9.33188574,
              45.34452851
            ],
            [
              9.33188763,
              45.34450847
            ],
            [
              9.33192103,
              45.34443854
            ],
            [
              9.33189625,
              45.34443341
            ],
            [
              9.33181465,
              45.34443975
            ],
            [
              9.33174125,
              45.34445055
            ],
            [
              9.33164391,
              45.34446544
            ],
            [
              9.33123304,
              45.34452343
            ],
            [
              9.33062644,
              45.34460523
            ],
            [
              9.33013703,
              45.34466991
            ],
            [
              9.32978019,
              45.34471557
            ],
            [
              9.32963187,
              45.34474096
            ],
            [
              9.32962923,
              45.34472961
            ],
            [
              9.32959839158899,
              45.344731410472235
            ],
            [
              9.32959794,
              45.34475751
            ],
            [
              9.32959753,
              45.34475755
            ],
            [
              9.32958482,
              45.34478278
            ],
            [
              9.32957492,
              45.34482714
            ],
            [
              9.32952057,
              45.34487278
            ],
            [
              9.32942487,
              45.34492054
            ],
            [
              9.32935359,
              45.34495535
            ],
            [
              9.32920635,
              45.34505972
            ],
            [
              9.32905959,
              45.34510512
            ],
            [
              9.32902878,
              45.34520137
            ],
            [
              9.3289463,
              45.34525432
            ],
            [
              9.32879501,
              45.34535256
            ],
            [
              9.32869225,
              45.34541686
            ],
            [
              9.3286343,
              45.34547479
            ],
            [
              9.32857021,
              45.3455302
            ],
            [
              9.3285463,
              45.34560445
            ],
            [
              9.32841855,
              45.34571176
            ],
            [
              9.32827671,
              45.34583144
            ],
            [
              9.32819485,
              45.34589647
            ],
            [
              9.32812461,
              45.34597873
            ],
            [
              9.32806316,
              45.34612391
            ],
            [
              9.32799242,
              45.34626856
            ],
            [
              9.32795008,
              45.3463675
            ],
            [
              9.32791065,
              45.34649554
            ],
            [
              9.32786549,
              45.34667672
            ],
            [
              9.32783476,
              45.34681302
            ],
            [
              9.32783591,
              45.34683174
            ],
            [
              9.32782838,
              45.34684871
            ],
            [
              9.32781058,
              45.34686212
            ],
            [
              9.32774178,
              45.34688621
            ],
            [
              9.32748751,
              45.34698744
            ],
            [
              9.32729446,
              45.34693036
            ],
            [
              9.32711829,
              45.34687714
            ],
            [
              9.32700227,
              45.34685588
            ],
            [
              9.32681857,
              45.34681979
            ],
            [
              9.32656261,
              45.34676818
            ],
            [
              9.32632801,
              45.34671891
            ],
            [
              9.32614785,
              45.34668351
            ],
            [
              9.32608731,
              45.34667005
            ],
            [
              9.32593221,
              45.34665937
            ],
            [
              9.32601395,
              45.346451
            ],
            [
              9.32611429,
              45.34619943
            ],
            [
              9.32619698,
              45.34600554
            ],
            [
              9.32623041,
              45.34592111
            ],
            [
              9.32621217,
              45.34591831
            ],
            [
              9.32614763,
              45.34606843
            ],
            [
              9.32607483,
              45.34623599
            ],
            [
              9.3260262,
              45.34636657
            ],
            [
              9.32595547,
              45.34654142
            ],
            [
              9.32590883,
              45.34666274
            ],
            [
              9.32593325,
              45.34668007
            ],
            [
              9.32607417,
              45.34668651
            ],
            [
              9.32656829,
              45.34678486
            ],
            [
              9.32685934,
              45.34683943
            ],
            [
              9.32711125,
              45.34688964
            ],
            [
              9.32735421,
              45.34696528
            ],
            [
              9.32745686,
              45.34699906
            ],
            [
              9.32749073,
              45.34701021
            ],
            [
              9.32768845,
              45.34693293
            ],
            [
              9.32780465,
              45.34689131
            ],
            [
              9.32786617,
              45.346846
            ],
            [
              9.32787574,
              45.3467552
            ],
            [
              9.327889,
              45.34667987
            ],
            [
              9.32792049,
              45.34657814
            ],
            [
              9.32793658,
              45.34650156
            ],
            [
              9.32797087,
              45.34638773
            ],
            [
              9.32803423,
              45.34625887
            ],
            [
              9.32807434,
              45.34616886
            ],
            [
              9.32813972,
              45.34602361
            ],
            [
              9.32815958,
              45.34598412
            ],
            [
              9.32820548,
              45.34592565
            ],
            [
              9.32822474,
              45.3459043
            ],
            [
              9.3283652,
              45.34579106
            ],
            [
              9.32845324,
              45.34571328
            ],
            [
              9.32854318,
              45.34563656
            ],
            [
              9.32857857,
              45.34559997
            ],
            [
              9.32860313,
              45.3455443
            ],
            [
              9.32862321,
              45.34556428
            ],
            [
              9.3286789,
              45.34557779
            ],
            [
              9.32878137,
              45.34560538
            ],
            [
              9.32880147,
              45.34564404
            ],
            [
              9.32887375,
              45.3456772
            ],
            [
              9.32890492,
              45.34567742
            ],
            [
              9.32894733,
              45.34567865
            ],
            [
              9.32898887,
              45.34570078
            ],
            [
              9.32903042,
              45.34572328
            ],
            [
              9.3290699,
              45.34573968
            ],
            [
              9.32912058,
              45.34575348
            ],
            [
              9.32913854,
              45.345766
            ],
            [
              9.32906727,
              45.34587582
            ],
            [
              9.32896824,
              45.34603188
            ],
            [
              9.32880388,
              45.34627722
            ],
            [
              9.32864664,
              45.34651387
            ],
            [
              9.32849551,
              45.34674726
            ],
            [
              9.32840698,
              45.34687373
            ],
            [
              9.32827548,
              45.34706597
            ],
            [
              9.32816822,
              45.34721846
            ],
            [
              9.32811257,
              45.34729869
            ],
            [
              9.32809938,
              45.34731099
            ],
            [
              9.32804706,
              45.34735481
            ],
            [
              9.32792711,
              45.34743072
            ],
            [
              9.32788303,
              45.34746878
            ],
            [
              9.32783976,
              45.34748595
            ],
            [
              9.32770884,
              45.34763908
            ],
            [
              9.32760887,
              45.34776102
            ],
            [
              9.32759287,
              45.34778054
            ],
            [
              9.32755624,
              45.3478249
            ],
            [
              9.32746053,
              45.34794049
            ],
            [
              9.32737379,
              45.34804521
            ],
            [
              9.3271418,
              45.34832249
            ],
            [
              9.32711616,
              45.34835265
            ],
            [
              9.32689914,
              45.34860812
            ],
            [
              9.32674501,
              45.34879417
            ],
            [
              9.32663659,
              45.34877022
            ],
            [
              9.32639726,
              45.34872064
            ],
            [
              9.32609519,
              45.34865653
            ],
            [
              9.3259741,
              45.34862971
            ],
            [
              9.32592402,
              45.34861697
            ],
            [
              9.32583263,
              45.34860587
            ],
            [
              9.32576011,
              45.3485936
            ],
            [
              9.3255731,
              45.34854906
            ],
            [
              9.32541517,
              45.34850909
            ],
            [
              9.32526233,
              45.3484651
            ],
            [
              9.32519128,
              45.34844598
            ],
            [
              9.32516472,
              45.34843998
            ],
            [
              9.32510138,
              45.34849508
            ],
            [
              9.32505257,
              45.3485822
            ],
            [
              9.32501861,
              45.34867718
            ],
            [
              9.32496977,
              45.34875744
            ],
            [
              9.32493255,
              45.34882612
            ],
            [
              9.32489127,
              45.34893961
            ],
            [
              9.32486644,
              45.34900805
            ],
            [
              9.32486581,
              45.34901556
            ],
            [
              9.32486322,
              45.34904656
            ],
            [
              9.32485161,
              45.34911498
            ],
            [
              9.32485695,
              45.34914304
            ],
            [
              9.32487176,
              45.34920528
            ],
            [
              9.32490941,
              45.34926316
            ],
            [
              9.32493826,
              45.34930199
            ],
            [
              9.32499743,
              45.34937566
            ],
            [
              9.3250725,
              45.34946048
            ],
            [
              9.32516037,
              45.34955534
            ],
            [
              9.32520448,
              45.34959234
            ],
            [
              9.32525213,
              45.34963041
            ],
            [
              9.32530136,
              45.34967063
            ],
            [
              9.32540186,
              45.34975684
            ],
            [
              9.32541675,
              45.34977085
            ],
            [
              9.3254465,
              45.349796
            ],
            [
              9.32522532,
              45.34992336
            ],
            [
              9.32499749,
              45.35003919
            ],
            [
              9.32476457,
              45.35015863
            ],
            [
              9.32456878,
              45.35026281
            ],
            [
              9.32438523,
              45.35037022
            ],
            [
              9.32433592,
              45.35040322
            ],
            [
              9.32421677,
              45.35040095
            ],
            [
              9.32387764,
              45.350611
            ],
            [
              9.32380494,
              45.35065635
            ],
            [
              9.32369311,
              45.35073973
            ],
            [
              9.32361993,
              45.35079123
            ],
            [
              9.32342626,
              45.3509265
            ],
            [
              9.32338864,
              45.35095695
            ],
            [
              9.32334652,
              45.35094037
            ],
            [
              9.32327922,
              45.35092778
            ],
            [
              9.32323186,
              45.35094732
            ],
            [
              9.32309467,
              45.35092075
            ],
            [
              9.32294336,
              45.35089389
            ],
            [
              9.32241032,
              45.35078762
            ],
            [
              9.32239039,
              45.35083858
            ],
            [
              9.32234408,
              45.35095954
            ],
            [
              9.32227719,
              45.3511117
            ],
            [
              9.32221337,
              45.35126677
            ],
            [
              9.32213764,
              45.35145996
            ],
            [
              9.32207478,
              45.35160697
            ],
            [
              9.32205479,
              45.3516506
            ],
            [
              9.32204584,
              45.35167553
            ],
            [
              9.32193418,
              45.3517724
            ],
            [
              9.32182425,
              45.35187202
            ],
            [
              9.32179456,
              45.35193649
            ],
            [
              9.32178809,
              45.35195058
            ],
            [
              9.3217428,
              45.35204484
            ],
            [
              9.32173306,
              45.35206565
            ],
            [
              9.32169293,
              45.35214954
            ],
            [
              9.32167366,
              45.35218982
            ],
            [
              9.321616,
              45.35230767
            ],
            [
              9.3215956,
              45.35235681
            ],
            [
              9.3215706,
              45.35240454
            ],
            [
              9.32151257,
              45.35251122
            ],
            [
              9.32146626,
              45.3525919
            ],
            [
              9.32143847,
              45.35264034
            ],
            [
              9.32139538,
              45.35271413
            ],
            [
              9.32136826,
              45.35275465
            ],
            [
              9.3213176,
              45.35283318
            ],
            [
              9.32123673,
              45.35295724
            ],
            [
              9.32117822,
              45.35305186
            ],
            [
              9.32113765,
              45.35308698
            ],
            [
              9.32105711,
              45.35303586
            ],
            [
              9.32094004,
              45.35294784
            ],
            [
              9.32082707,
              45.35286231
            ],
            [
              9.32068777,
              45.35274026
            ],
            [
              9.32059252,
              45.35267735
            ],
            [
              9.32048415,
              45.35260102
            ],
            [
              9.32036246,
              45.35251003
            ],
            [
              9.32010176,
              45.35232992
            ],
            [
              9.31992439,
              45.35220903
            ],
            [
              9.31977509,
              45.35209445
            ],
            [
              9.3195391,
              45.35192885
            ],
            [
              9.31933145,
              45.35179286
            ],
            [
              9.31904879,
              45.35158208
            ],
            [
              9.31882523,
              45.35143028
            ],
            [
              9.31844161,
              45.35115962
            ],
            [
              9.318041,
              45.35086738
            ],
            [
              9.3175978,
              45.35053991
            ],
            [
              9.31728846,
              45.35031276
            ],
            [
              9.31707769,
              45.35014555
            ],
            [
              9.31673792,
              45.34987939
            ],
            [
              9.31652829,
              45.34972513
            ],
            [
              9.31633872,
              45.34958729
            ],
            [
              9.31611568,
              45.34942011
            ],
            [
              9.315254,
              45.34878574
            ],
            [
              9.31493374,
              45.34855513
            ],
            [
              9.31455627,
              45.34826468
            ],
            [
              9.3141373,
              45.34795967
            ],
            [
              9.31386382,
              45.34776121
            ],
            [
              9.31374869,
              45.34768007
            ],
            [
              9.31355585,
              45.34753234
            ],
            [
              9.31320923,
              45.34726225
            ],
            [
              9.31285559,
              45.34700984
            ],
            [
              9.31284401,
              45.34696993
            ],
            [
              9.31255514,
              45.34676399
            ],
            [
              9.31252094,
              45.34676705
            ],
            [
              9.31222829,
              45.34655845
            ],
            [
              9.31171174,
              45.34618193
            ],
            [
              9.31128549,
              45.34586082
            ],
            [
              9.31080742,
              45.34550682
            ],
            [
              9.31043051,
              45.34522474
            ],
            [
              9.31045291,
              45.34520839
            ],
            [
              9.31046819,
              45.34519569
            ],
            [
              9.310479253322303,
              45.34518314365862
            ],
            [
              9.31047445,
              45.3451862
            ],
            [
              9.31046126,
              45.34519888
            ],
            [
              9.31040955,
              45.34517528
            ],
            [
              9.31037776,
              45.34514396
            ],
            [
              9.31033731,
              45.34511959
            ],
            [
              9.31024002,
              45.34504921
            ],
            [
              9.31015239,
              45.34498022
            ],
            [
              9.31001205,
              45.34487607
            ],
            [
              9.30985838,
              45.34476041
            ],
            [
              9.30972007,
              45.34465625
            ],
            [
              9.30961709,
              45.34457575
            ],
            [
              9.30944909,
              45.34445041
            ],
            [
              9.30933946,
              45.34436744
            ],
            [
              9.30917709,
              45.34424459
            ],
            [
              9.30902545,
              45.34413
            ],
            [
              9.30888666,
              45.34402548
            ],
            [
              9.30874834,
              45.34392022
            ],
            [
              9.30859723,
              45.34380454
            ],
            [
              9.30844459,
              45.34368995
            ],
            [
              9.30823509,
              45.34353191
            ],
            [
              9.30804508,
              45.34339077
            ],
            [
              9.30787705,
              45.34325924
            ],
            [
              9.30777459,
              45.34318201
            ],
            [
              9.30754522,
              45.34302803
            ],
            [
              9.30747406,
              45.34297848
            ],
            [
              9.30734392,
              45.34287717
            ],
            [
              9.30716877,
              45.34274714
            ],
            [
              9.30717278,
              45.34273705
            ],
            [
              9.30715998,
              45.34272699
            ],
            [
              9.30712764,
              45.34270256
            ],
            [
              9.30711643,
              45.34270585
            ],
            [
              9.30704713,
              45.34265198
            ],
            [
              9.30690854,
              45.34254895
            ],
            [
              9.30673094,
              45.34241827
            ],
            [
              9.30651231,
              45.34225887
            ],
            [
              9.30625516,
              45.34206859
            ],
            [
              9.3060468,
              45.34191781
            ],
            [
              9.30584356,
              45.3417699
            ],
            [
              9.30580453,
              45.34173938
            ],
            [
              9.30553304,
              45.34154121
            ],
            [
              9.30527692,
              45.34135345
            ],
            [
              9.3050388,
              45.34118112
            ],
            [
              9.3048376,
              45.34103178
            ],
            [
              9.30464722,
              45.340895
            ],
            [
              9.30440497,
              45.34071585
            ],
            [
              9.30418942,
              45.34055824
            ],
            [
              9.30398617,
              45.34040853
            ],
            [
              9.30375574,
              45.34023871
            ],
            [
              9.30354172,
              45.34007964
            ],
            [
              9.30327282,
              45.33988436
            ],
            [
              9.30326921,
              45.33987357
            ],
            [
              9.30326515,
              45.33987537
            ],
            [
              9.30320048,
              45.33983103
            ],
            [
              9.30314905,
              45.33979427
            ],
            [
              9.3031241,
              45.33977734
            ],
            [
              9.30310932,
              45.33976688
            ],
            [
              9.30304749,
              45.33972101
            ],
            [
              9.30291671,
              45.33962389
            ],
            [
              9.30276034,
              45.33950346
            ],
            [
              9.30271742,
              45.33947335
            ],
            [
              9.30253042,
              45.33933071
            ],
            [
              9.30232454,
              45.33918089
            ],
            [
              9.30229539,
              45.33915579
            ],
            [
              9.302183,
              45.33907373
            ],
            [
              9.30197045,
              45.33891531
            ],
            [
              9.30175383,
              45.33875439
            ],
            [
              9.30167262,
              45.33869886
            ],
            [
              9.30162458,
              45.33865906
            ],
            [
              9.30143603,
              45.33851173
            ],
            [
              9.30125055,
              45.33836909
            ],
            [
              9.30105025,
              45.33821714
            ],
            [
              9.30090415,
              45.33810994
            ],
            [
              9.30067681,
              45.33794329
            ],
            [
              9.30064361,
              45.33791857
            ],
            [
              9.30051639,
              45.33782142
            ],
            [
              9.30046069,
              45.33777696
            ],
            [
              9.30028475,
              45.33765113
            ],
            [
              9.30010062,
              45.3375156
            ],
            [
              9.29995586,
              45.33740982
            ],
            [
              9.29987866,
              45.33735786
            ],
            [
              9.29970268,
              45.33722193
            ],
            [
              9.29956814,
              45.33712008
            ],
            [
              9.29946432,
              45.33704588
            ],
            [
              9.29934002,
              45.3369523
            ],
            [
              9.29933745,
              45.33694726
            ],
            [
              9.29927453,
              45.33689885
            ],
            [
              9.29912621,
              45.33678948
            ],
            [
              9.29894565,
              45.33665466
            ],
            [
              9.29879578,
              45.33654351
            ],
            [
              9.29861778,
              45.3364094
            ],
            [
              9.29859119,
              45.33639111
            ]
          ]
        ]
      }
    },
    {
      "type": "Feature",
      "properties": {
        "name": "Colturano",
        "istat_code": "015082",
        "administrative_unit": "C908",
        "sheet_count": 6,
        "source": "Agenzia Entrate WFS CP:CadastralZoning, fogli catastali raggruppati per comune"
      },
      "geometry": {
        "type": "Polygon",
        "coordinates": [
          [
            [
              9.32065897,
              45.38432798
            ],
            [
              9.32066916,
              45.38426249
            ],
            [
              9.32068399,
              45.38424881
            ],
            [
              9.32076781,
              45.38411749
            ],
            [
              9.32091457,
              45.38405627
            ],
            [
              9.32100447,
              45.38399355
            ],
            [
              9.32112966,
              45.38390612
            ],
            [
              9.3212329,
              45.38383453
            ],
            [
              9.3214087,
              45.3837145
            ],
            [
              9.32144945,
              45.38362675
            ],
            [
              9.32145136,
              45.38355852
            ],
            [
              9.32143925,
              45.38341307
            ],
            [
              9.32142974,
              45.38328784
            ],
            [
              9.32137558,
              45.38310814
            ],
            [
              9.32128505,
              45.38289024
            ],
            [
              9.32130776,
              45.3828419
            ],
            [
              9.32130254,
              45.38276514
            ],
            [
              9.32138717,
              45.3827487
            ],
            [
              9.321402,
              45.38268075
            ],
            [
              9.32141852,
              45.38261646
            ],
            [
              9.32142849,
              45.38254704
            ],
            [
              9.32133973,
              45.38243137
            ],
            [
              9.32128782,
              45.38236777
            ],
            [
              9.32124939,
              45.38223498
            ],
            [
              9.32118345,
              45.38209625
            ],
            [
              9.32114323,
              45.38206079
            ],
            [
              9.32109364,
              45.38203702
            ],
            [
              9.32096989,
              45.38201174
            ],
            [
              9.32090997,
              45.38198513
            ],
            [
              9.32080141,
              45.38187434
            ],
            [
              9.32076346,
              45.38178836
            ],
            [
              9.32076189,
              45.38173476
            ],
            [
              9.32079511,
              45.38167935
            ],
            [
              9.32091481,
              45.38161493
            ],
            [
              9.32103498,
              45.38148071
            ],
            [
              9.32105132,
              45.38144184
            ],
            [
              9.32116036,
              45.38149153
            ],
            [
              9.32125225,
              45.38149625
            ],
            [
              9.32134286,
              45.38147809
            ],
            [
              9.32138783,
              45.38144988
            ],
            [
              9.32149397,
              45.38133038
            ],
            [
              9.32152605,
              45.3812051
            ],
            [
              9.32144854,
              45.38109418
            ],
            [
              9.32144163,
              45.38101648
            ],
            [
              9.32154198,
              45.38089628
            ],
            [
              9.32158991,
              45.38084841
            ],
            [
              9.32168227,
              45.38080666
            ],
            [
              9.32196023,
              45.38077809
            ],
            [
              9.32222235,
              45.38075139
            ],
            [
              9.32243799,
              45.38072921
            ],
            [
              9.32257549,
              45.38072433
            ],
            [
              9.32272834,
              45.38071937
            ],
            [
              9.32276974,
              45.38071849
            ],
            [
              9.32295479,
              45.38071124
            ],
            [
              9.32309896,
              45.38070849
            ],
            [
              9.32324827,
              45.38070717
            ],
            [
              9.32339035,
              45.3807045
            ],
            [
              9.32341491,
              45.38070217
            ],
            [
              9.32343186,
              45.38063708
            ],
            [
              9.32350155,
              45.38050822
            ],
            [
              9.32357124,
              45.38038153
            ],
            [
              9.32372176,
              45.38018227
            ],
            [
              9.32380689,
              45.38007141
            ],
            [
              9.32384436,
              45.38001636
            ],
            [
              9.32392526,
              45.37988277
            ],
            [
              9.32408558,
              45.37962315
            ],
            [
              9.32418378,
              45.3794628
            ],
            [
              9.32428838,
              45.37929701
            ],
            [
              9.32444554,
              45.37904849
            ],
            [
              9.32458315,
              45.37882697
            ],
            [
              9.32471833,
              45.37859545
            ],
            [
              9.3247685,
              45.37849953
            ],
            [
              9.32483234,
              45.37842689
            ],
            [
              9.3248819,
              45.37840909
            ],
            [
              9.32511684,
              45.37846098
            ],
            [
              9.32531644,
              45.37850291
            ],
            [
              9.32551703,
              45.37854483
            ],
            [
              9.32572056,
              45.37857327
            ],
            [
              9.32585452,
              45.37859246
            ],
            [
              9.32603091,
              45.37861592
            ],
            [
              9.32620323,
              45.37863936
            ],
            [
              9.32635157,
              45.3786617
            ],
            [
              9.32652803,
              45.37869047
            ],
            [
              9.32672959,
              45.37872674
            ],
            [
              9.32692858,
              45.37876011
            ],
            [
              9.327104609100335,
              45.37882518232775
            ],
            [
              9.32693524,
              45.37875869
            ],
            [
              9.32667496,
              45.37871594
            ],
            [
              9.32634827,
              45.37865781
            ],
            [
              9.32610297,
              45.37862296
            ],
            [
              9.32580006,
              45.37857885
            ],
            [
              9.32567047,
              45.37856107
            ],
            [
              9.32551101,
              45.37853542
            ],
            [
              9.32529694,
              45.37849222
            ],
            [
              9.32505351,
              45.37843825
            ],
            [
              9.32487133,
              45.37839895
            ],
            [
              9.32484316,
              45.37838856
            ],
            [
              9.32496772,
              45.37826751
            ],
            [
              9.32510866,
              45.37812733
            ],
            [
              9.32520641,
              45.37803663
            ],
            [
              9.32528745,
              45.37797444
            ],
            [
              9.32535887,
              45.377926
            ],
            [
              9.32545901,
              45.37787964
            ],
            [
              9.32557448,
              45.37782496
            ],
            [
              9.32564788,
              45.37777073
            ],
            [
              9.3257238,
              45.37770712
            ],
            [
              9.3257754,
              45.37768285
            ],
            [
              9.32588049,
              45.37766354
            ],
            [
              9.32607701,
              45.3776974
            ],
            [
              9.32614167,
              45.37769188
            ],
            [
              9.32619221,
              45.37766221
            ],
            [
              9.32623647,
              45.37761921
            ],
            [
              9.32635713,
              45.37745779
            ],
            [
              9.32658879,
              45.37714832
            ],
            [
              9.32677032,
              45.37690818
            ],
            [
              9.32685949,
              45.37678216
            ],
            [
              9.32697923,
              45.37668239
            ],
            [
              9.32697295,
              45.37666799
            ],
            [
              9.32567353,
              45.37634683
            ],
            [
              9.32570168,
              45.37621347
            ],
            [
              9.32570112,
              45.37619978
            ],
            [
              9.32572435,
              45.3761004
            ],
            [
              9.3260434,
              45.37613564
            ],
            [
              9.32604122,
              45.37614287
            ],
            [
              9.32612201,
              45.37614543
            ],
            [
              9.32630555,
              45.37614974
            ],
            [
              9.32646607,
              45.37615306
            ],
            [
              9.32665316,
              45.37615555
            ],
            [
              9.32691981,
              45.37610039
            ],
            [
              9.32713863,
              45.37602055
            ],
            [
              9.32724357,
              45.37594945
            ],
            [
              9.32735359,
              45.3758514
            ],
            [
              9.32745963,
              45.37575815
            ],
            [
              9.32754378,
              45.37560702
            ],
            [
              9.32758369,
              45.3754342
            ],
            [
              9.32765147,
              45.3752324
            ],
            [
              9.32772845,
              45.37508348
            ],
            [
              9.32788106,
              45.37491891
            ],
            [
              9.32802205,
              45.37476559
            ],
            [
              9.32814293,
              45.37466612
            ],
            [
              9.32841884,
              45.37451103
            ],
            [
              9.32862742,
              45.37438911
            ],
            [
              9.32881982,
              45.37428314
            ],
            [
              9.32896192,
              45.37416012
            ],
            [
              9.32903472,
              45.37408364
            ],
            [
              9.32912349,
              45.3739396
            ],
            [
              9.32923194,
              45.37377022
            ],
            [
              9.3292647,
              45.37371593
            ],
            [
              9.32934021,
              45.37355933
            ],
            [
              9.329423,
              45.37319489
            ],
            [
              9.32942387,
              45.37300481
            ],
            [
              9.32942995,
              45.37274364
            ],
            [
              9.32940469,
              45.3726812
            ],
            [
              9.32935319,
              45.37253205
            ],
            [
              9.32930824,
              45.37240313
            ],
            [
              9.32928601,
              45.37233351
            ],
            [
              9.32926285,
              45.37213894
            ],
            [
              9.32928779,
              45.37187405
            ],
            [
              9.32933799,
              45.37161857
            ],
            [
              9.32936692,
              45.37151604
            ],
            [
              9.32952477,
              45.37127246
            ],
            [
              9.32968959,
              45.37111933
            ],
            [
              9.32976966,
              45.37103914
            ],
            [
              9.32995878,
              45.37091343
            ],
            [
              9.33025274,
              45.37080953
            ],
            [
              9.33028475,
              45.37079332
            ],
            [
              9.33054038,
              45.37076311
            ],
            [
              9.3308871,
              45.37077997
            ],
            [
              9.33105957,
              45.37078744
            ],
            [
              9.33134144,
              45.37080414
            ],
            [
              9.33165154,
              45.37082179
            ],
            [
              9.33197597,
              45.3708379
            ],
            [
              9.33220439,
              45.37084796
            ],
            [
              9.33239277,
              45.37084038
            ],
            [
              9.33257247,
              45.37078922
            ],
            [
              9.33267266,
              45.37074507
            ],
            [
              9.3327771,
              45.37067143
            ],
            [
              9.3328489,
              45.37055928
            ],
            [
              9.33284506,
              45.37040134
            ],
            [
              9.33277859,
              45.3702584
            ],
            [
              9.33272,
              45.37018132
            ],
            [
              9.33268997,
              45.37013733
            ],
            [
              9.33267975,
              45.37012678
            ],
            [
              9.33263553,
              45.3700424
            ],
            [
              9.33259892,
              45.36981256
            ],
            [
              9.33259423,
              45.36965518
            ],
            [
              9.33260495,
              45.36952354
            ],
            [
              9.33264819,
              45.36935133
            ],
            [
              9.33274419,
              45.36890955
            ],
            [
              9.33280533,
              45.36850688
            ],
            [
              9.33283479,
              45.36838394
            ],
            [
              9.33286365,
              45.36824946
            ],
            [
              9.33288855,
              45.3680959
            ],
            [
              9.33291346,
              45.36801298
            ],
            [
              9.33296988,
              45.36790433
            ],
            [
              9.33308672,
              45.36793581
            ],
            [
              9.33325887,
              45.3679145
            ],
            [
              9.33336862,
              45.36790805
            ],
            [
              9.33349871,
              45.36789303
            ],
            [
              9.33354873,
              45.36789384
            ],
            [
              9.33383594,
              45.36786205
            ],
            [
              9.33409431,
              45.36788208
            ],
            [
              9.33468001,
              45.36790688
            ],
            [
              9.33504256,
              45.3679648
            ],
            [
              9.335176,
              45.36800669
            ],
            [
              9.33552753,
              45.36812703
            ],
            [
              9.33576739,
              45.36822312
            ],
            [
              9.33590716,
              45.36827725
            ],
            [
              9.33600308,
              45.36831345
            ],
            [
              9.33605057,
              45.36833279
            ],
            [
              9.33608021,
              45.36834337
            ],
            [
              9.3361988,
              45.36835219
            ],
            [
              9.33629978,
              45.36839366
            ],
            [
              9.33636701,
              45.36841619
            ],
            [
              9.3365173,
              45.36847719
            ],
            [
              9.3368118,
              45.36860752
            ],
            [
              9.33714981,
              45.36872173
            ],
            [
              9.33755329,
              45.36883036
            ],
            [
              9.33766354,
              45.36886459
            ],
            [
              9.33771231,
              45.36888607
            ],
            [
              9.33791859,
              45.36896612
            ],
            [
              9.33790431,
              45.36903644
            ],
            [
              9.337898615791893,
              45.369072744230216
            ],
            [
              9.33790713,
              45.36904569
            ],
            [
              9.33795694,
              45.36898259
            ],
            [
              9.3382849,
              45.36912314
            ],
            [
              9.33859807,
              45.36927524
            ],
            [
              9.33884365,
              45.36937454
            ],
            [
              9.33914906,
              45.36949029
            ],
            [
              9.33942661,
              45.36956431
            ],
            [
              9.33982237,
              45.36967557
            ],
            [
              9.34014589,
              45.36971073
            ],
            [
              9.34039844,
              45.36978431
            ],
            [
              9.34043835,
              45.36980458
            ],
            [
              9.3406568,
              45.3699077
            ],
            [
              9.34110348,
              45.37028166
            ],
            [
              9.34125929,
              45.37041369
            ],
            [
              9.34143041,
              45.37053414
            ],
            [
              9.34169532,
              45.37072109
            ],
            [
              9.34173066,
              45.37074338
            ],
            [
              9.34189626,
              45.37088759
            ],
            [
              9.34209301,
              45.37114992
            ],
            [
              9.34215751,
              45.37130292
            ],
            [
              9.34224986,
              45.3715154
            ],
            [
              9.34226228,
              45.37154111
            ],
            [
              9.34230755,
              45.37172162
            ],
            [
              9.34233377,
              45.37181346
            ],
            [
              9.34235438,
              45.37196584
            ],
            [
              9.34237396,
              45.37211679
            ],
            [
              9.34231302,
              45.37231096
            ],
            [
              9.34229829,
              45.37249873
            ],
            [
              9.34234502,
              45.37256842
            ],
            [
              9.34237902,
              45.37258345
            ],
            [
              9.34264776,
              45.37270832
            ],
            [
              9.34284943,
              45.37278509
            ],
            [
              9.343121,
              45.37289379
            ],
            [
              9.34326611,
              45.37296343
            ],
            [
              9.34393047,
              45.3732648
            ],
            [
              9.34396567,
              45.37327822
            ],
            [
              9.34399426,
              45.37328735
            ],
            [
              9.34424331,
              45.37335436
            ],
            [
              9.34432761,
              45.37335424
            ],
            [
              9.34437176,
              45.37340856
            ],
            [
              9.3444146,
              45.37348263
            ],
            [
              9.34443383,
              45.37353765
            ],
            [
              9.34443904,
              45.37355635
            ],
            [
              9.3444137,
              45.37370549
            ],
            [
              9.34438268,
              45.37377836
            ],
            [
              9.34431154,
              45.37401298
            ],
            [
              9.34428713,
              45.37413678
            ],
            [
              9.34420861,
              45.37433614
            ],
            [
              9.34419943,
              45.37442723
            ],
            [
              9.34419515,
              45.37452138
            ],
            [
              9.34427988,
              45.37467025
            ],
            [
              9.3444499,
              45.37487624
            ],
            [
              9.34457805,
              45.3749619
            ],
            [
              9.34485476,
              45.37505207
            ],
            [
              9.34512948,
              45.37509145
            ],
            [
              9.34546614,
              45.37515626
            ],
            [
              9.34552477,
              45.37516696
            ],
            [
              9.34587549,
              45.37532568
            ],
            [
              9.34614138,
              45.37546305
            ],
            [
              9.34633112,
              45.37559137
            ],
            [
              9.34651365,
              45.37571611
            ],
            [
              9.34660567,
              45.37578571
            ],
            [
              9.34682933,
              45.37594815
            ],
            [
              9.34698205,
              45.37605318
            ],
            [
              9.34721917,
              45.37616795
            ],
            [
              9.34742082,
              45.37624029
            ],
            [
              9.34759895,
              45.37623913
            ],
            [
              9.34765527,
              45.37624692
            ],
            [
              9.34781945,
              45.37633688
            ],
            [
              9.34789329,
              45.3764155
            ],
            [
              9.34791601,
              45.37643932
            ],
            [
              9.34798355,
              45.37656019
            ],
            [
              9.34801401,
              45.37665327
            ],
            [
              9.34804023,
              45.37675938
            ],
            [
              9.34809641,
              45.3768932
            ],
            [
              9.3482359,
              45.3770405
            ],
            [
              9.34851866,
              45.3772235
            ],
            [
              9.34861718,
              45.37728701
            ],
            [
              9.34882329,
              45.37739709
            ],
            [
              9.34902024,
              45.37750863
            ],
            [
              9.34937771,
              45.37771451
            ],
            [
              9.34945595,
              45.37768373
            ],
            [
              9.34950656,
              45.37769231
            ],
            [
              9.349511511594516,
              45.37769297155063
            ],
            [
              9.34946346,
              45.3776838
            ],
            [
              9.34952587,
              45.37764564
            ],
            [
              9.34953766,
              45.37759552
            ],
            [
              9.34959948,
              45.37758979
            ],
            [
              9.34964498,
              45.3775599
            ],
            [
              9.34968795,
              45.3774889
            ],
            [
              9.34971876,
              45.37735045
            ],
            [
              9.34979058,
              45.37718891
            ],
            [
              9.34993778,
              45.37686981
            ],
            [
              9.35002756,
              45.37668502
            ],
            [
              9.35003624,
              45.37665552
            ],
            [
              9.35004332,
              45.376615
            ],
            [
              9.35008827,
              45.37659504
            ],
            [
              9.35031312,
              45.37657844
            ],
            [
              9.35046182,
              45.37656232
            ],
            [
              9.35066887,
              45.3765578
            ],
            [
              9.35070963,
              45.37652832
            ],
            [
              9.35090786,
              45.37652867
            ],
            [
              9.35100323,
              45.37652983
            ],
            [
              9.35099578,
              45.37649246
            ],
            [
              9.35105245,
              45.37648294
            ],
            [
              9.35130906,
              45.37652826
            ],
            [
              9.3514306,
              45.37654023
            ],
            [
              9.35150228,
              45.37653964
            ],
            [
              9.35156936,
              45.3765315
            ],
            [
              9.35161095,
              45.3765279
            ],
            [
              9.35163585,
              45.37652106
            ],
            [
              9.35163414,
              45.37637415
            ],
            [
              9.35165187,
              45.37634079
            ],
            [
              9.35196542,
              45.3763145
            ],
            [
              9.35217135,
              45.37629437
            ],
            [
              9.35220859,
              45.3761985
            ],
            [
              9.35224827,
              45.3761918
            ],
            [
              9.35263791,
              45.37617115
            ],
            [
              9.352973,
              45.37615067
            ],
            [
              9.35313005,
              45.3761142
            ],
            [
              9.35327432,
              45.37605761
            ],
            [
              9.35345643,
              45.37600136
            ],
            [
              9.35360377,
              45.37596742
            ],
            [
              9.35371323,
              45.37592309
            ],
            [
              9.35382675,
              45.37586808
            ],
            [
              9.35393476,
              45.37581573
            ],
            [
              9.35412148,
              45.37570914
            ],
            [
              9.35418184,
              45.37567852
            ],
            [
              9.35420435,
              45.37583199
            ],
            [
              9.35422941,
              45.37602106
            ],
            [
              9.35425755,
              45.37622738
            ],
            [
              9.35429364,
              45.37644527
            ],
            [
              9.35432084,
              45.37648382
            ],
            [
              9.35513184,
              45.37643539
            ],
            [
              9.35560654,
              45.37644456
            ],
            [
              9.35561268,
              45.37648086
            ],
            [
              9.35559287,
              45.37698697
            ],
            [
              9.35558208,
              45.37718935
            ],
            [
              9.35556205,
              45.37759084
            ],
            [
              9.35557959,
              45.3778684
            ],
            [
              9.35559218,
              45.37810779
            ],
            [
              9.3555964,
              45.37818376
            ],
            [
              9.35561424,
              45.37850127
            ],
            [
              9.35562696,
              45.37871836
            ],
            [
              9.35562963,
              45.37879611
            ],
            [
              9.3556337,
              45.37890447
            ],
            [
              9.3556417,
              45.37903984
            ],
            [
              9.35565231,
              45.37916584
            ],
            [
              9.35566728,
              45.37944484
            ],
            [
              9.35567714,
              45.37959875
            ],
            [
              9.35568152,
              45.37966695
            ],
            [
              9.35568292,
              45.37969389
            ],
            [
              9.3556871,
              45.3797746
            ],
            [
              9.35585353,
              45.37977778
            ],
            [
              9.35638069,
              45.37954492
            ],
            [
              9.35652284,
              45.37947826
            ],
            [
              9.3567531,
              45.37947805
            ],
            [
              9.35675356,
              45.37948787
            ],
            [
              9.35675971,
              45.37961697
            ],
            [
              9.35699606,
              45.37958588
            ],
            [
              9.35701889,
              45.37958269
            ],
            [
              9.35705185,
              45.37957773
            ],
            [
              9.35735868,
              45.37953674
            ],
            [
              9.35740232,
              45.37953288
            ],
            [
              9.35781515,
              45.37947632
            ],
            [
              9.35796478,
              45.37945868
            ],
            [
              9.35803984,
              45.37944736
            ],
            [
              9.35840905,
              45.37939032
            ],
            [
              9.35908198,
              45.37928741
            ],
            [
              9.35912035,
              45.37930809
            ],
            [
              9.35913352,
              45.3793625
            ],
            [
              9.35911295,
              45.37965129
            ],
            [
              9.35909464,
              45.37991664
            ],
            [
              9.35906927,
              45.38018016
            ],
            [
              9.35905068,
              45.38036216
            ],
            [
              9.35904459,
              45.38041225
            ],
            [
              9.35903322,
              45.38058132
            ],
            [
              9.35901738,
              45.38073918
            ],
            [
              9.35901213,
              45.38080658
            ],
            [
              9.35900071,
              45.38093021
            ],
            [
              9.35898667,
              45.38111224
            ],
            [
              9.35897562,
              45.38119086
            ],
            [
              9.35899772,
              45.3812157
            ],
            [
              9.35902134,
              45.38121689
            ],
            [
              9.35901413,
              45.38128129
            ],
            [
              9.35895521,
              45.38184368
            ],
            [
              9.35900557,
              45.38184398
            ],
            [
              9.35903272,
              45.38184265
            ],
            [
              9.35903418,
              45.38186747
            ],
            [
              9.35907515,
              45.38186705
            ],
            [
              9.35915294,
              45.38186623
            ],
            [
              9.3593227,
              45.3818619
            ],
            [
              9.35941964,
              45.38185827
            ],
            [
              9.35950905,
              45.38185494
            ],
            [
              9.35952095,
              45.38185388
            ],
            [
              9.3599198,
              45.38181135
            ],
            [
              9.35992229,
              45.38199892
            ],
            [
              9.35977098,
              45.38200584
            ],
            [
              9.35976789,
              45.38201375
            ],
            [
              9.35976965,
              45.38201941
            ],
            [
              9.35977044,
              45.3821607
            ],
            [
              9.35977034,
              45.38226575
            ],
            [
              9.35977556,
              45.38231661
            ],
            [
              9.35993962,
              45.38230511
            ],
            [
              9.36012821,
              45.38229633
            ],
            [
              9.36012584,
              45.3822867
            ],
            [
              9.36017772,
              45.38231505
            ],
            [
              9.36053361,
              45.38232405
            ],
            [
              9.36074842,
              45.38233214
            ],
            [
              9.36092769,
              45.38234248
            ],
            [
              9.36112051,
              45.38235024
            ],
            [
              9.36134634,
              45.38236122
            ],
            [
              9.36153282,
              45.38236681
            ],
            [
              9.3616836,
              45.38237825
            ],
            [
              9.36192452,
              45.38240819
            ],
            [
              9.36212519,
              45.38244438
            ],
            [
              9.36224787,
              45.38246863
            ],
            [
              9.36240036,
              45.38250504
            ],
            [
              9.36254588,
              45.38252048
            ],
            [
              9.36268174,
              45.38250442
            ],
            [
              9.36281196,
              45.38247764
            ],
            [
              9.36282776,
              45.38248956
            ],
            [
              9.3628512,
              45.38251556
            ],
            [
              9.36289266,
              45.38274334
            ],
            [
              9.36290109,
              45.38293423
            ],
            [
              9.3629247,
              45.38321211
            ],
            [
              9.36294072,
              45.38343644
            ],
            [
              9.36294268,
              45.383496
            ],
            [
              9.36293088,
              45.38356293
            ],
            [
              9.36292411,
              45.38361839
            ],
            [
              9.36290145,
              45.38371019
            ],
            [
              9.36284822,
              45.38387679
            ],
            [
              9.36278322,
              45.38411947
            ],
            [
              9.36270286,
              45.3843719
            ],
            [
              9.3626392,
              45.38457022
            ],
            [
              9.36258672,
              45.38470257
            ],
            [
              9.36254879,
              45.38479957
            ],
            [
              9.36249188,
              45.38490918
            ],
            [
              9.36245918,
              45.38498634
            ],
            [
              9.36247077,
              45.38500943
            ],
            [
              9.36252013,
              45.38502604
            ],
            [
              9.36283663,
              45.38506874
            ],
            [
              9.36317656,
              45.38511397
            ],
            [
              9.36350686,
              45.38515416
            ],
            [
              9.36378623,
              45.38518242
            ],
            [
              9.36403193,
              45.38520921
            ],
            [
              9.36429617,
              45.38523602
            ],
            [
              9.36433807,
              45.38524363
            ],
            [
              9.36438466,
              45.38525952
            ],
            [
              9.36441539,
              45.38533887
            ],
            [
              9.36444068,
              45.38556035
            ],
            [
              9.36445078,
              45.3858003
            ],
            [
              9.36445989,
              45.38606867
            ],
            [
              9.36447147,
              45.38627661
            ],
            [
              9.36448407,
              45.38648634
            ],
            [
              9.3644939,
              45.38656012
            ],
            [
              9.36446685,
              45.38659457
            ],
            [
              9.3644322,
              45.38659357
            ],
            [
              9.36437786,
              45.386591
            ],
            [
              9.3643135,
              45.38658394
            ],
            [
              9.36402139,
              45.38656543
            ],
            [
              9.36363556,
              45.38654836
            ],
            [
              9.36296744,
              45.38652107
            ],
            [
              9.36263587,
              45.38650176
            ],
            [
              9.36239063,
              45.38648846
            ],
            [
              9.36221168,
              45.38649688
            ],
            [
              9.36208814,
              45.3864933
            ],
            [
              9.36192566,
              45.38649372
            ],
            [
              9.36185238,
              45.3865005
            ],
            [
              9.36170981,
              45.38653439
            ],
            [
              9.36151243,
              45.3865743
            ],
            [
              9.36144587,
              45.3865732
            ],
            [
              9.36153414,
              45.38643422
            ],
            [
              9.3615615,
              45.38632168
            ],
            [
              9.36155802,
              45.38627547
            ],
            [
              9.36152205,
              45.38598004
            ],
            [
              9.36149038,
              45.38564299
            ],
            [
              9.36147251,
              45.38547962
            ],
            [
              9.36143328,
              45.38540432
            ],
            [
              9.36127318,
              45.38538373
            ],
            [
              9.36090981,
              45.38535913
            ],
            [
              9.3606438,
              45.38533997
            ],
            [
              9.36048026,
              45.38527748
            ],
            [
              9.36026741,
              45.3851684
            ],
            [
              9.36008032,
              45.38509327
            ],
            [
              9.36001544,
              45.38506943
            ],
            [
              9.35981242,
              45.38497804
            ],
            [
              9.35971071,
              45.38493615
            ],
            [
              9.35958066,
              45.38485873
            ],
            [
              9.35942989,
              45.38484733
            ],
            [
              9.35931088,
              45.38487724
            ],
            [
              9.35918009,
              45.38488914
            ],
            [
              9.35909936,
              45.3849039
            ],
            [
              9.35906107,
              45.38491297
            ],
            [
              9.35899186,
              45.38491512
            ],
            [
              9.35894121,
              45.38489519
            ],
            [
              9.35888013,
              45.38484324
            ],
            [
              9.35875919,
              45.38470384
            ],
            [
              9.35868727,
              45.3847001
            ],
            [
              9.35865407,
              45.38469508
            ],
            [
              9.35861986,
              45.38469304
            ],
            [
              9.35861638,
              45.38467649
            ],
            [
              9.35855213,
              45.3846718
            ],
            [
              9.35855348,
              45.3846915
            ],
            [
              9.35842992,
              45.3846831
            ],
            [
              9.35837773,
              45.3846632
            ],
            [
              9.35808092,
              45.38465158
            ],
            [
              9.35791233,
              45.38464521
            ],
            [
              9.35762674,
              45.38462894
            ],
            [
              9.35744848,
              45.38474331
            ],
            [
              9.35730034,
              45.38482825
            ],
            [
              9.3569447,
              45.38500054
            ],
            [
              9.35660589,
              45.38515344
            ],
            [
              9.35596757,
              45.38543675
            ],
            [
              9.35560265,
              45.38559793
            ],
            [
              9.35547664,
              45.38561197
            ],
            [
              9.35507165,
              45.38560234
            ],
            [
              9.35469327,
              45.38559562
            ],
            [
              9.35439533,
              45.38557592
            ],
            [
              9.35423684,
              45.38554917
            ],
            [
              9.35401584,
              45.38554267
            ],
            [
              9.35378715,
              45.3855452
            ],
            [
              9.35366686,
              45.38556399
            ],
            [
              9.35349987,
              45.38560844
            ],
            [
              9.35338348,
              45.3856619
            ],
            [
              9.35309065,
              45.38582014
            ],
            [
              9.35259822,
              45.3860969
            ],
            [
              9.35252281,
              45.38614062
            ],
            [
              9.35200956,
              45.38639207
            ],
            [
              9.35159376,
              45.38658536
            ],
            [
              9.35116876,
              45.38677503
            ],
            [
              9.35084686,
              45.38691669
            ],
            [
              9.35062949,
              45.38702837
            ],
            [
              9.35052751,
              45.38707201
            ],
            [
              9.35044357,
              45.38704743
            ],
            [
              9.35039496,
              45.38684945
            ],
            [
              9.35022217,
              45.38617992
            ],
            [
              9.35011598,
              45.38572276
            ],
            [
              9.350051973538719,
              45.38540221603549
            ],
            [
              9.34991111,
              45.38540786
            ],
            [
              9.34976816,
              45.38542619
            ],
            [
              9.34957933,
              45.38563675
            ],
            [
              9.34935223,
              45.38589638
            ],
            [
              9.34921347,
              45.38599408
            ],
            [
              9.34888899,
              45.38621426
            ],
            [
              9.34869257,
              45.38635231
            ],
            [
              9.34869466,
              45.386356
            ],
            [
              9.34860884,
              45.38653178
            ],
            [
              9.34853476,
              45.38655765
            ],
            [
              9.34856301,
              45.38674157
            ],
            [
              9.3486002,
              45.38693819
            ],
            [
              9.34863202,
              45.38705542
            ],
            [
              9.34873414,
              45.38735872
            ],
            [
              9.34872325,
              45.38754756
            ],
            [
              9.34869306,
              45.38770015
            ],
            [
              9.34867515,
              45.38782672
            ],
            [
              9.34865671,
              45.38791496
            ],
            [
              9.34883228,
              45.38799464
            ],
            [
              9.34885756,
              45.38798341
            ],
            [
              9.34895939,
              45.38794363
            ],
            [
              9.34898363,
              45.38802321
            ],
            [
              9.34915867,
              45.38824132
            ],
            [
              9.34929017,
              45.38837517
            ],
            [
              9.34916544,
              45.38842362
            ],
            [
              9.34907784,
              45.38845192
            ],
            [
              9.3490411,
              45.38849745
            ],
            [
              9.34901258,
              45.38853749
            ],
            [
              9.34891978,
              45.3884829
            ],
            [
              9.34881115,
              45.388447
            ],
            [
              9.34860582,
              45.3884088
            ],
            [
              9.34836108,
              45.38837142
            ],
            [
              9.34828211,
              45.38833472
            ],
            [
              9.34825536,
              45.38830115
            ],
            [
              9.34823501,
              45.3882162
            ],
            [
              9.34822722,
              45.38803197
            ],
            [
              9.34821179,
              45.38764547
            ],
            [
              9.34820874,
              45.38737171
            ],
            [
              9.34820753,
              45.38727288
            ],
            [
              9.34816958,
              45.38732542
            ],
            [
              9.34805194,
              45.38739982
            ],
            [
              9.34784299,
              45.38745057
            ],
            [
              9.3475979,
              45.38744381
            ],
            [
              9.34735416,
              45.3874324
            ],
            [
              9.34719882,
              45.387432
            ],
            [
              9.34680771,
              45.38742545
            ],
            [
              9.34660652,
              45.38742
            ],
            [
              9.34652257,
              45.38740959
            ],
            [
              9.34638699,
              45.38740024
            ],
            [
              9.34632091,
              45.38739189
            ],
            [
              9.34616209,
              45.38736652
            ],
            [
              9.34609054,
              45.38735466
            ],
            [
              9.34599036,
              45.38734635
            ],
            [
              9.34579307,
              45.38732799
            ],
            [
              9.34577519,
              45.38729939
            ],
            [
              9.34570401,
              45.38719938
            ],
            [
              9.34540508,
              45.38678618
            ],
            [
              9.34490276,
              45.3860876
            ],
            [
              9.34462698,
              45.38571168
            ],
            [
              9.34454676,
              45.38571041
            ],
            [
              9.34413343,
              45.3857037
            ],
            [
              9.34361948,
              45.38569614
            ],
            [
              9.34301048,
              45.38568912
            ],
            [
              9.34271367,
              45.38568757
            ],
            [
              9.34266363,
              45.38590323
            ],
            [
              9.34259531,
              45.38617501
            ],
            [
              9.34258267,
              45.38622892
            ],
            [
              9.34250874,
              45.38649854
            ],
            [
              9.34242316,
              45.38681592
            ],
            [
              9.34236646,
              45.38702328
            ],
            [
              9.34230674,
              45.38725705
            ],
            [
              9.34226011,
              45.38741123
            ],
            [
              9.34217386,
              45.38739839
            ],
            [
              9.34190894,
              45.38735986
            ],
            [
              9.34160758,
              45.38731671
            ],
            [
              9.34155037,
              45.38748959
            ],
            [
              9.34149956,
              45.38764566
            ],
            [
              9.34144291,
              45.38783176
            ],
            [
              9.34141172,
              45.38782782
            ],
            [
              9.34138479,
              45.38782767
            ],
            [
              9.3409765,
              45.38774877
            ],
            [
              9.34039147,
              45.38763454
            ],
            [
              9.33984368,
              45.38752896
            ],
            [
              9.33977467,
              45.38758526
            ],
            [
              9.33955946,
              45.38775997
            ],
            [
              9.33925681,
              45.38799892
            ],
            [
              9.3390493,
              45.38817143
            ],
            [
              9.33904028,
              45.38818587
            ],
            [
              9.33902456,
              45.38825439
            ],
            [
              9.33898582,
              45.38841415
            ],
            [
              9.3389091,
              45.38840582
            ],
            [
              9.33889701,
              45.38840449
            ],
            [
              9.33859744,
              45.38836725
            ],
            [
              9.3382168,
              45.38831998
            ],
            [
              9.33798644,
              45.3882906
            ],
            [
              9.33794829,
              45.38827303
            ],
            [
              9.33772066,
              45.3882405
            ],
            [
              9.33746548,
              45.38820585
            ],
            [
              9.33726921,
              45.3881822
            ],
            [
              9.33691189,
              45.38812585
            ],
            [
              9.33673857,
              45.38809928
            ],
            [
              9.33672015,
              45.38811299
            ],
            [
              9.33670589,
              45.38811374
            ],
            [
              9.33666545,
              45.38807821
            ],
            [
              9.3366713,
              45.38804619
            ],
            [
              9.33638115,
              45.38800452
            ],
            [
              9.33628664,
              45.38799094
            ],
            [
              9.33608194,
              45.38796271
            ],
            [
              9.33576745,
              45.38791933
            ],
            [
              9.33547692,
              45.3878808
            ],
            [
              9.33517719,
              45.38784189
            ],
            [
              9.33488465,
              45.38780478
            ],
            [
              9.33465446,
              45.38777532
            ],
            [
              9.33460178,
              45.38776986
            ],
            [
              9.33456404,
              45.38780821
            ],
            [
              9.33439421,
              45.38778395
            ],
            [
              9.334284344108797,
              45.38776463384357
            ],
            [
              9.3342811,
              45.38777652
            ],
            [
              9.33418544,
              45.38776268
            ],
            [
              9.334077,
              45.38775537
            ],
            [
              9.3339409,
              45.38771276
            ],
            [
              9.33380841,
              45.38769322
            ],
            [
              9.33366109,
              45.38767482
            ],
            [
              9.33347338,
              45.38764495
            ],
            [
              9.33324063,
              45.38760977
            ],
            [
              9.33300021,
              45.3875739
            ],
            [
              9.33283346,
              45.38755156
            ],
            [
              9.3327204,
              45.38753127
            ],
            [
              9.33259052,
              45.38753411
            ],
            [
              9.33255421,
              45.38753203
            ],
            [
              9.33246419,
              45.3875178
            ],
            [
              9.33216291,
              45.38747774
            ],
            [
              9.33191788,
              45.38743611
            ],
            [
              9.33188413,
              45.38742788
            ],
            [
              9.33161298,
              45.38737151
            ],
            [
              9.33141502,
              45.38733156
            ],
            [
              9.33122062,
              45.38729269
            ],
            [
              9.33110961,
              45.3872796
            ],
            [
              9.33096848,
              45.38727885
            ],
            [
              9.3308534,
              45.38726651
            ],
            [
              9.33067801,
              45.3872716
            ],
            [
              9.33052457,
              45.38726584
            ],
            [
              9.33037984,
              45.38725247
            ],
            [
              9.3302704,
              45.38724515
            ],
            [
              9.33015018,
              45.3872162
            ],
            [
              9.32992149,
              45.38716802
            ],
            [
              9.32987136,
              45.38715262
            ],
            [
              9.32966037,
              45.38709884
            ],
            [
              9.32949429,
              45.38703954
            ],
            [
              9.32934812,
              45.386978
            ],
            [
              9.32919311,
              45.38691864
            ],
            [
              9.32906519,
              45.38689526
            ],
            [
              9.32879996,
              45.38684527
            ],
            [
              9.3286315,
              45.38683548
            ],
            [
              9.32861871,
              45.38683478
            ],
            [
              9.32811596,
              45.3875446
            ],
            [
              9.32793695,
              45.3877952
            ],
            [
              9.32792024,
              45.38788335
            ],
            [
              9.32790873,
              45.38794211
            ],
            [
              9.32790214,
              45.38797062
            ],
            [
              9.32777008,
              45.38794278
            ],
            [
              9.32753692,
              45.38785433
            ],
            [
              9.3272368,
              45.38773047
            ],
            [
              9.3271353,
              45.38766551
            ],
            [
              9.32708749,
              45.38767069
            ],
            [
              9.32714451,
              45.3877908
            ],
            [
              9.32711722,
              45.38784593
            ],
            [
              9.32688331,
              45.38791873
            ],
            [
              9.32656822,
              45.38794427
            ],
            [
              9.32579991,
              45.38800861
            ],
            [
              9.32561054,
              45.38798595
            ],
            [
              9.32514017,
              45.38793578
            ],
            [
              9.32453773,
              45.38786715
            ],
            [
              9.32422085,
              45.38781594
            ],
            [
              9.32443356,
              45.3872841
            ],
            [
              9.32417619,
              45.38723413
            ],
            [
              9.32392445,
              45.38718485
            ],
            [
              9.32376819,
              45.38715777
            ],
            [
              9.32345423,
              45.38710629
            ],
            [
              9.32310318,
              45.38704204
            ],
            [
              9.32263077,
              45.38695897
            ],
            [
              9.3225878,
              45.38703026
            ],
            [
              9.32239927,
              45.38699363
            ],
            [
              9.32221351,
              45.38696342
            ],
            [
              9.32213092,
              45.38695076
            ],
            [
              9.32196907,
              45.3869191
            ],
            [
              9.32153265,
              45.38683842
            ],
            [
              9.32130007,
              45.38679564
            ],
            [
              9.32105986,
              45.38675257
            ],
            [
              9.32098353,
              45.38674003
            ],
            [
              9.32094852,
              45.38674354
            ],
            [
              9.32085321,
              45.38667391
            ],
            [
              9.32078804,
              45.38650112
            ],
            [
              9.32080703,
              45.38645735
            ],
            [
              9.32098161,
              45.38645388
            ],
            [
              9.32077716,
              45.38580297
            ],
            [
              9.32077809,
              45.38569435
            ],
            [
              9.32077822,
              45.3855103
            ],
            [
              9.32077604,
              45.3852169
            ],
            [
              9.32077675,
              45.38506685
            ],
            [
              9.32077062,
              45.38503112
            ],
            [
              9.32071556,
              45.38471004
            ],
            [
              9.320714,
              45.38469744
            ],
            [
              9.3207237,
              45.38462405
            ],
            [
              9.32073531,
              45.38453299
            ],
            [
              9.32072659,
              45.38440603
            ],
            [
              9.32069993,
              45.38434596
            ],
            [
              9.32065897,
              45.38432798
            ]
          ]
        ]
      }
    },
    {
      "type": "Feature",
      "properties": {
        "name": "Dresano",
        "istat_code": "015101",
        "administrative_unit": "D367",
        "sheet_count": 4,
        "source": "Agenzia Entrate WFS CP:CadastralZoning, fogli catastali raggruppati per comune"
      },
      "geometry": {
        "type": "Polygon",
        "coordinates": [
          [
            [
              9.34992488,
              45.37546202
            ],
            [
              9.34992604,
              45.37542523
            ],
            [
              9.34993591,
              45.37521339
            ],
            [
              9.34995073,
              45.37473697
            ],
            [
              9.34996559,
              45.37425016
            ],
            [
              9.34998311,
              45.3737291
            ],
            [
              9.34999949,
              45.37330387
            ],
            [
              9.35000978,
              45.37293117
            ],
            [
              9.350010059625152,
              45.37292987256827
            ],
            [
              9.3499943,
              45.37293652
            ],
            [
              9.350011235940874,
              45.37292441458521
            ],
            [
              9.35001364,
              45.37291326
            ],
            [
              9.350038553688405,
              45.37290488849764
            ],
            [
              9.35007578,
              45.37287828
            ],
            [
              9.35014686,
              45.37286155
            ],
            [
              9.350242009553025,
              45.37285745748149
            ],
            [
              9.35025107,
              45.37285621
            ],
            [
              9.350287248875443,
              45.37285551167346
            ],
            [
              9.35030519,
              45.37285474
            ],
            [
              9.350346425442867,
              45.37285436944426
            ],
            [
              9.35047229,
              45.37285194
            ],
            [
              9.350583401866585,
              45.37285223989336
            ],
            [
              9.35061121,
              45.37285199
            ],
            [
              9.35097314,
              45.37285201
            ],
            [
              9.35100888,
              45.37283679
            ],
            [
              9.35103107,
              45.37253299
            ],
            [
              9.35111908,
              45.3709799
            ],
            [
              9.35111693,
              45.37096116
            ],
            [
              9.35075526,
              45.37092667
            ],
            [
              9.35052815,
              45.37087084
            ],
            [
              9.3505687,
              45.37071455
            ],
            [
              9.35056912,
              45.3705457
            ],
            [
              9.35056077,
              45.37026397
            ],
            [
              9.35054455,
              45.37017274
            ],
            [
              9.35057752,
              45.37007746
            ],
            [
              9.35058342,
              45.36994561
            ],
            [
              9.35048314,
              45.36967752
            ],
            [
              9.35045568,
              45.36960628
            ],
            [
              9.35043997,
              45.36954293
            ],
            [
              9.35036739,
              45.36934756
            ],
            [
              9.35023193,
              45.36901763
            ],
            [
              9.3502096,
              45.36889273
            ],
            [
              9.35022504,
              45.36888873
            ],
            [
              9.35038475,
              45.36888805
            ],
            [
              9.35071237,
              45.36888883
            ],
            [
              9.35081174,
              45.36888886
            ],
            [
              9.35208496,
              45.36888926
            ],
            [
              9.35209211,
              45.36888132
            ],
            [
              9.35210466,
              45.36877615
            ],
            [
              9.35213659,
              45.36876024
            ],
            [
              9.35232619,
              45.3687595
            ],
            [
              9.35236116,
              45.36874249
            ],
            [
              9.35237687,
              45.36860119
            ],
            [
              9.35240805,
              45.36829477
            ],
            [
              9.35243817,
              45.36798223
            ],
            [
              9.35246633,
              45.36768267
            ],
            [
              9.35249428,
              45.36766242
            ],
            [
              9.35318013,
              45.36772995
            ],
            [
              9.35329123,
              45.36780602
            ],
            [
              9.3533252,
              45.36783331
            ],
            [
              9.35338605,
              45.3678926
            ],
            [
              9.35344687,
              45.3679508
            ],
            [
              9.35354365,
              45.3680464
            ],
            [
              9.35362135,
              45.36812441
            ],
            [
              9.35367433,
              45.36817617
            ],
            [
              9.35374996,
              45.36824985
            ],
            [
              9.3537767,
              45.36827284
            ],
            [
              9.35383426,
              45.36832063
            ],
            [
              9.35385371,
              45.36832454
            ],
            [
              9.35390287,
              45.36833991
            ],
            [
              9.35444944,
              45.36839534
            ],
            [
              9.35465447,
              45.36841759
            ],
            [
              9.35472146,
              45.36842485
            ],
            [
              9.35476033,
              45.36843196
            ],
            [
              9.35481066,
              45.36839432
            ],
            [
              9.35500746,
              45.3684082
            ],
            [
              9.3551491,
              45.36842583
            ],
            [
              9.35525543,
              45.3684331
            ],
            [
              9.35530833,
              45.36839798
            ],
            [
              9.35532002,
              45.36824692
            ],
            [
              9.35535582,
              45.36803594
            ],
            [
              9.35544518,
              45.36781401
            ],
            [
              9.35567457,
              45.36723446
            ],
            [
              9.35569386,
              45.3672253
            ],
            [
              9.35569745,
              45.36721961
            ],
            [
              9.35570164,
              45.36722028
            ],
            [
              9.35570865,
              45.36721346
            ],
            [
              9.35582628,
              45.36722898
            ],
            [
              9.35614474,
              45.3672526
            ],
            [
              9.35643137,
              45.3672536
            ],
            [
              9.35680534,
              45.36725002
            ],
            [
              9.35697936,
              45.36722323
            ],
            [
              9.3571514,
              45.36720184
            ],
            [
              9.35721219,
              45.36720095
            ],
            [
              9.35728898,
              45.3672238
            ],
            [
              9.35747014,
              45.36733647
            ],
            [
              9.35764038,
              45.36742107
            ],
            [
              9.35786626,
              45.36750082
            ],
            [
              9.35861568,
              45.36777338
            ],
            [
              9.35873096,
              45.3678174
            ],
            [
              9.35890425,
              45.36790053
            ],
            [
              9.35903014,
              45.36793081
            ],
            [
              9.35903161,
              45.36791964
            ],
            [
              9.35905867,
              45.36791848
            ],
            [
              9.359075701521041,
              45.367921819461294
            ],
            [
              9.35907643,
              45.3679191
            ],
            [
              9.35902825,
              45.36791341
            ],
            [
              9.3596969,
              45.3645798
            ],
            [
              9.36284801,
              45.36531444
            ],
            [
              9.36398656,
              45.36565393
            ],
            [
              9.36549753,
              45.36600981
            ],
            [
              9.3667452,
              45.36630365
            ],
            [
              9.36808308,
              45.36662215
            ],
            [
              9.36899178,
              45.36683848
            ],
            [
              9.3692113,
              45.36689073
            ],
            [
              9.36967513,
              45.36700278
            ],
            [
              9.369659,
              45.36705109
            ],
            [
              9.36965303,
              45.36708318
            ],
            [
              9.36964301,
              45.36712571
            ],
            [
              9.36962362,
              45.36723458
            ],
            [
              9.3695991,
              45.36734346
            ],
            [
              9.36958229,
              45.36741076
            ],
            [
              9.3695706,
              45.36745749
            ],
            [
              9.36956801,
              45.36746783
            ],
            [
              9.36956488,
              45.36755361
            ],
            [
              9.36957484,
              45.36759829
            ],
            [
              9.36959051,
              45.36765988
            ],
            [
              9.36958819,
              45.36770458
            ],
            [
              9.36958395,
              45.3677745
            ],
            [
              9.36958822,
              45.36780944
            ],
            [
              9.36958307,
              45.36790243
            ],
            [
              9.36957657,
              45.36802785
            ],
            [
              9.36957104,
              45.36814462
            ],
            [
              9.36956799,
              45.36824625
            ],
            [
              9.36956543,
              45.3683468
            ],
            [
              9.36955926,
              45.36844015
            ],
            [
              9.36955704,
              45.3685605
            ],
            [
              9.36955686,
              45.36856988
            ],
            [
              9.36954371,
              45.36869532
            ],
            [
              9.36953974,
              45.36876069
            ],
            [
              9.36953712,
              45.36880417
            ],
            [
              9.36956094,
              45.36885746
            ],
            [
              9.36955643,
              45.36887801
            ],
            [
              9.36955757,
              45.36889963
            ],
            [
              9.36956303,
              45.36896702
            ],
            [
              9.36956878,
              45.36908665
            ],
            [
              9.36957098,
              45.36931152
            ],
            [
              9.36958074,
              45.36941565
            ],
            [
              9.36959641,
              45.36947798
            ],
            [
              9.36961382,
              45.36957778
            ],
            [
              9.36957815,
              45.36970396
            ],
            [
              9.36956258,
              45.36976129
            ],
            [
              9.36953514,
              45.3697999
            ],
            [
              9.36962453,
              45.37003834
            ],
            [
              9.36968927,
              45.37023143
            ],
            [
              9.36967487,
              45.37030569
            ],
            [
              9.36971509,
              45.37034456
            ],
            [
              9.36988198,
              45.37056058
            ],
            [
              9.3699106,
              45.37063442
            ],
            [
              9.36994247,
              45.37072735
            ],
            [
              9.36994078,
              45.37078899
            ],
            [
              9.36993807,
              45.37084774
            ],
            [
              9.36992497,
              45.37088381
            ],
            [
              9.36987748,
              45.37099813
            ],
            [
              9.36985485,
              45.37106808
            ],
            [
              9.36986056,
              45.37116322
            ],
            [
              9.36986604,
              45.37130522
            ],
            [
              9.36986062,
              45.37142308
            ],
            [
              9.36985099,
              45.37152511
            ],
            [
              9.36983989,
              45.37163577
            ],
            [
              9.36982984,
              45.37175364
            ],
            [
              9.36984541,
              45.37186931
            ],
            [
              9.36986526,
              45.37201345
            ],
            [
              9.36987837,
              45.37214282
            ],
            [
              9.36988512,
              45.37215831
            ],
            [
              9.36992316,
              45.37226025
            ],
            [
              9.36996688,
              45.37236868
            ],
            [
              9.3700255,
              45.37248104
            ],
            [
              9.37012392,
              45.3725656
            ],
            [
              9.37018113,
              45.3726185
            ],
            [
              9.37028504,
              45.37267853
            ],
            [
              9.37038539,
              45.37274146
            ],
            [
              9.37051404,
              45.37282561
            ],
            [
              9.3706025,
              45.37287914
            ],
            [
              9.370576,
              45.37290297
            ],
            [
              9.37048629,
              45.37298134
            ],
            [
              9.37038789,
              45.37306763
            ],
            [
              9.37034658,
              45.3730969
            ],
            [
              9.370294,
              45.37313481
            ],
            [
              9.37023072,
              45.37317887
            ],
            [
              9.37014788,
              45.37321036
            ],
            [
              9.37005674,
              45.37322815
            ],
            [
              9.36999935,
              45.37323255
            ],
            [
              9.36988611,
              45.37323921
            ],
            [
              9.36975749,
              45.37324408
            ],
            [
              9.36934135,
              45.37325441
            ],
            [
              9.36906771,
              45.37326779
            ],
            [
              9.36874588,
              45.37327943
            ],
            [
              9.36861367,
              45.37328646
            ],
            [
              9.36850916,
              45.37329634
            ],
            [
              9.36845901,
              45.37330796
            ],
            [
              9.36837353,
              45.37332897
            ],
            [
              9.36829817,
              45.37341018
            ],
            [
              9.36824567,
              45.37346036
            ],
            [
              9.36822279,
              45.37348958
            ],
            [
              9.36817596,
              45.37354371
            ],
            [
              9.3681571,
              45.37356139
            ],
            [
              9.36811482,
              45.37360399
            ],
            [
              9.36807141,
              45.37363108
            ],
            [
              9.36800663,
              45.37368127
            ],
            [
              9.36795295,
              45.37370551
            ],
            [
              9.36796476,
              45.37379271
            ],
            [
              9.36810692,
              45.37381918
            ],
            [
              9.36819376,
              45.37385545
            ],
            [
              9.36823391,
              45.37388458
            ],
            [
              9.36825251,
              45.37390727
            ],
            [
              9.36830002,
              45.37396414
            ],
            [
              9.36833088,
              45.37406538
            ],
            [
              9.36834459,
              45.37412807
            ],
            [
              9.36837825,
              45.37418497
            ],
            [
              9.36850904,
              45.37428137
            ],
            [
              9.36858096,
              45.37430757
            ],
            [
              9.36857225,
              45.37430723
            ],
            [
              9.36860567,
              45.37432305
            ],
            [
              9.36876084,
              45.37438266
            ],
            [
              9.36882295,
              45.3743995
            ],
            [
              9.36895444,
              45.37444147
            ],
            [
              9.36913367,
              45.37449781
            ],
            [
              9.3692246,
              45.37452974
            ],
            [
              9.36935609,
              45.37457353
            ],
            [
              9.36946907,
              45.37460832
            ],
            [
              9.36961899,
              45.37465347
            ],
            [
              9.36981205,
              45.37471582
            ],
            [
              9.36990651,
              45.3747434
            ],
            [
              9.36996453,
              45.37476382
            ],
            [
              9.37010935,
              45.37481329
            ],
            [
              9.37024431,
              45.37484511
            ],
            [
              9.37033403,
              45.3748518
            ],
            [
              9.37040988,
              45.3748524
            ],
            [
              9.37054264,
              45.37485646
            ],
            [
              9.37071639,
              45.37486228
            ],
            [
              9.37071853,
              45.37487597
            ],
            [
              9.37074012,
              45.37488457
            ],
            [
              9.37073951,
              45.37495772
            ],
            [
              9.3707434,
              45.37500781
            ],
            [
              9.3707553,
              45.37519625
            ],
            [
              9.37076678,
              45.37540054
            ],
            [
              9.37078038,
              45.37561745
            ],
            [
              9.3707903,
              45.3758185
            ],
            [
              9.37079962,
              45.37592154
            ],
            [
              9.37081004,
              45.37603359
            ],
            [
              9.3708234,
              45.37612581
            ],
            [
              9.3708014,
              45.3761309
            ],
            [
              9.37083649,
              45.37634199
            ],
            [
              9.37087249,
              45.37653184
            ],
            [
              9.37088853,
              45.37664604
            ],
            [
              9.37093243,
              45.37687298
            ],
            [
              9.37096018,
              45.37705382
            ],
            [
              9.37098739,
              45.37723285
            ],
            [
              9.37101067,
              45.3773539
            ],
            [
              9.37104036,
              45.37751851
            ],
            [
              9.37106196,
              45.37761613
            ],
            [
              9.37099637,
              45.37761733
            ],
            [
              9.37087954,
              45.37762259
            ],
            [
              9.37071151,
              45.37763298
            ],
            [
              9.37041848,
              45.37765081
            ],
            [
              9.37016847,
              45.37766388
            ],
            [
              9.36994561,
              45.3776769
            ],
            [
              9.36979513,
              45.37768797
            ],
            [
              9.36962029,
              45.37770156
            ],
            [
              9.36953744,
              45.37770422
            ],
            [
              9.36933136,
              45.37771355
            ],
            [
              9.36910794,
              45.37773156
            ],
            [
              9.3690619,
              45.37773126
            ],
            [
              9.36899849,
              45.37773353
            ],
            [
              9.36884148,
              45.37773773
            ],
            [
              9.36878208,
              45.37773026
            ],
            [
              9.36871283,
              45.37776005
            ],
            [
              9.36860735,
              45.37773872
            ],
            [
              9.36856797,
              45.37773665
            ],
            [
              9.368455,
              45.37773036
            ],
            [
              9.36828734,
              45.37772605
            ],
            [
              9.36818972,
              45.37772447
            ],
            [
              9.36798988,
              45.37772206
            ],
            [
              9.36781713,
              45.37772104
            ],
            [
              9.36774659,
              45.37772158
            ],
            [
              9.36753398,
              45.37771847
            ],
            [
              9.3672922,
              45.37771361
            ],
            [
              9.36694923,
              45.37770827
            ],
            [
              9.36663492,
              45.37770944
            ],
            [
              9.36616008,
              45.37770041
            ],
            [
              9.36579871,
              45.37769403
            ],
            [
              9.36524261,
              45.37768558
            ],
            [
              9.36498655,
              45.37768074
            ],
            [
              9.36477239,
              45.37767982
            ],
            [
              9.36466559,
              45.37768228
            ],
            [
              9.36462777,
              45.37768421
            ],
            [
              9.36457405,
              45.37767156
            ],
            [
              9.36450201,
              45.37767912
            ],
            [
              9.36447501,
              45.37769408
            ],
            [
              9.36439794,
              45.37771144
            ],
            [
              9.36433105,
              45.37772403
            ],
            [
              9.36415897,
              45.37775293
            ],
            [
              9.36389959,
              45.3777985
            ],
            [
              9.36371729,
              45.37782525
            ],
            [
              9.36358447,
              45.3778432
            ],
            [
              9.36350683,
              45.37785331
            ],
            [
              9.36341334,
              45.37786313
            ],
            [
              9.36332647,
              45.37787041
            ],
            [
              9.36328204,
              45.37787675
            ],
            [
              9.36323761,
              45.37788416
            ],
            [
              9.36316205,
              45.37789931
            ],
            [
              9.36310002,
              45.37793963
            ],
            [
              9.36307515,
              45.37796544
            ],
            [
              9.36304724,
              45.3779904
            ],
            [
              9.36300299,
              45.37795374
            ],
            [
              9.36284252,
              45.37793606
            ],
            [
              9.362835206126544,
              45.37793338405377
            ],
            [
              9.36283076,
              45.37794044
            ],
            [
              9.36282577,
              45.37795344
            ],
            [
              9.36295941,
              45.37798278
            ],
            [
              9.36297534,
              45.37799352
            ],
            [
              9.36299849,
              45.37800965
            ],
            [
              9.36296597,
              45.37803216
            ],
            [
              9.36292186,
              45.37807348
            ],
            [
              9.3628984,
              45.37813491
            ],
            [
              9.36292017,
              45.37823004
            ],
            [
              9.36294271,
              45.37829344
            ],
            [
              9.36300471,
              45.37848794
            ],
            [
              9.36302445,
              45.37852393
            ],
            [
              9.3630745,
              45.37863732
            ],
            [
              9.36316019,
              45.37873432
            ],
            [
              9.36325256,
              45.37883671
            ],
            [
              9.36328508,
              45.37887263
            ],
            [
              9.36335636,
              45.3789578
            ],
            [
              9.36342504,
              45.37903721
            ],
            [
              9.3634429,
              45.37915256
            ],
            [
              9.36342229,
              45.37930958
            ],
            [
              9.36342486,
              45.37936763
            ],
            [
              9.36342312,
              45.3795195
            ],
            [
              9.36342809,
              45.37967782
            ],
            [
              9.36342273,
              45.37970852
            ],
            [
              9.36340523,
              45.37981069
            ],
            [
              9.36338956,
              45.37988759
            ],
            [
              9.36335583,
              45.38006341
            ],
            [
              9.36328844,
              45.38030576
            ],
            [
              9.36324183,
              45.38046974
            ],
            [
              9.36322933,
              45.38050153
            ],
            [
              9.36322074,
              45.3805124
            ],
            [
              9.36321671,
              45.3805189
            ],
            [
              9.36320453,
              45.38052906
            ],
            [
              9.36316226,
              45.38060465
            ],
            [
              9.36314599,
              45.38067361
            ],
            [
              9.36312283,
              45.38083099
            ],
            [
              9.36310684,
              45.3809281
            ],
            [
              9.36307325,
              45.38106207
            ],
            [
              9.36302169,
              45.38124447
            ],
            [
              9.36298614,
              45.38138676
            ],
            [
              9.36292459,
              45.38153854
            ],
            [
              9.36286799,
              45.38168571
            ],
            [
              9.36283415,
              45.38178035
            ],
            [
              9.36279487,
              45.38191345
            ],
            [
              9.36275925,
              45.38205664
            ],
            [
              9.36273629,
              45.38217139
            ],
            [
              9.36270543,
              45.38224589
            ],
            [
              9.36269448,
              45.38230559
            ],
            [
              9.362684,
              45.38236028
            ],
            [
              9.36268482,
              45.38241459
            ],
            [
              9.36272773,
              45.38247604
            ],
            [
              9.36271863,
              45.38249655
            ],
            [
              9.36245193,
              45.38250764
            ],
            [
              9.36222182,
              45.38245718
            ],
            [
              9.3620005,
              45.38241749
            ],
            [
              9.36170017,
              45.3823761
            ],
            [
              9.36150564,
              45.38235689
            ],
            [
              9.36124601,
              45.38234819
            ],
            [
              9.36092553,
              45.38233984
            ],
            [
              9.36063358,
              45.38232207
            ],
            [
              9.36013841,
              45.38230612
            ],
            [
              9.36013658,
              45.38227611
            ],
            [
              9.36013498,
              45.38216462
            ],
            [
              9.36000499,
              45.38216649
            ],
            [
              9.35993433,
              45.38216677
            ],
            [
              9.35993581,
              45.38210707
            ],
            [
              9.35993921,
              45.38203521
            ],
            [
              9.35994093,
              45.38200302
            ],
            [
              9.3599344,
              45.38181172
            ],
            [
              9.35960611,
              45.38185076
            ],
            [
              9.35952285,
              45.38185744
            ],
            [
              9.35942268,
              45.38186052
            ],
            [
              9.35904002,
              45.38187224
            ],
            [
              9.35903829,
              45.38184517
            ],
            [
              9.35895752,
              45.38184247
            ],
            [
              9.35896606,
              45.38175006
            ],
            [
              9.35897063,
              45.3816775
            ],
            [
              9.35899908,
              45.38137355
            ],
            [
              9.35901474,
              45.38122276
            ],
            [
              9.35903033,
              45.38069991
            ],
            [
              9.35905925,
              45.3802287
            ],
            [
              9.35909649,
              45.37977084
            ],
            [
              9.3591331,
              45.37928167
            ],
            [
              9.35911461,
              45.37928139
            ],
            [
              9.35808877,
              45.37943911
            ],
            [
              9.35806135,
              45.37944095
            ],
            [
              9.35803753,
              45.37944509
            ],
            [
              9.35801318,
              45.37944932
            ],
            [
              9.35787118,
              45.37946972
            ],
            [
              9.35760434,
              45.37950399
            ],
            [
              9.35734006,
              45.37953971
            ],
            [
              9.35725366,
              45.37955136
            ],
            [
              9.35676433,
              45.37961732
            ],
            [
              9.35675529,
              45.37947522
            ],
            [
              9.35671932,
              45.37937941
            ],
            [
              9.35575969,
              45.37981419
            ],
            [
              9.35568213,
              45.37977659
            ],
            [
              9.35568046,
              45.37974496
            ],
            [
              9.35567744,
              45.37968785
            ],
            [
              9.35557213,
              45.37763281
            ],
            [
              9.35556428,
              45.37759034
            ],
            [
              9.35556738,
              45.37740675
            ],
            [
              9.35557451,
              45.37718608
            ],
            [
              9.35591798,
              45.37720368
            ],
            [
              9.35589402,
              45.37742298
            ],
            [
              9.355923234241443,
              45.37742407656096
            ],
            [
              9.35593193,
              45.37719748
            ],
            [
              9.35588622,
              45.37719489
            ],
            [
              9.35571185,
              45.37718621
            ],
            [
              9.35557916,
              45.37717937
            ],
            [
              9.35558059,
              45.3771496
            ],
            [
              9.35558542,
              45.37706391
            ],
            [
              9.35559079,
              45.37698327
            ],
            [
              9.35559269,
              45.37694068
            ],
            [
              9.35559779,
              45.37685987
            ],
            [
              9.35559891,
              45.37681369
            ],
            [
              9.35560328,
              45.37675834
            ],
            [
              9.35560486,
              45.37671781
            ],
            [
              9.35560863,
              45.37660252
            ],
            [
              9.35561383,
              45.37648662
            ],
            [
              9.35561834,
              45.37645839
            ],
            [
              9.35557758,
              45.3764556
            ],
            [
              9.35551897,
              45.37645381
            ],
            [
              9.35535412,
              45.37644791
            ],
            [
              9.35522049,
              45.37644207
            ],
            [
              9.35511759,
              45.3764374
            ],
            [
              9.35509636,
              45.37643924
            ],
            [
              9.35502909,
              45.3764439
            ],
            [
              9.35493585,
              45.37645011
            ],
            [
              9.35489173,
              45.37645305
            ],
            [
              9.35475743,
              45.37646039
            ],
            [
              9.35471446,
              45.3764648
            ],
            [
              9.35465109,
              45.37646902
            ],
            [
              9.3545743,
              45.37647412
            ],
            [
              9.35443199,
              45.37648301
            ],
            [
              9.3543272,
              45.37648991
            ],
            [
              9.35431489,
              45.37648616
            ],
            [
              9.35430698,
              45.37648492
            ],
            [
              9.35429843,
              45.37647254
            ],
            [
              9.35429035,
              45.37645458
            ],
            [
              9.35427147,
              45.37637035
            ],
            [
              9.35426337,
              45.3763378
            ],
            [
              9.35425521,
              45.37629425
            ],
            [
              9.35424779,
              45.37623914
            ],
            [
              9.35424431,
              45.37620745
            ],
            [
              9.35423338,
              45.3761185
            ],
            [
              9.35423043,
              45.37609221
            ],
            [
              9.35422187,
              45.37601497
            ],
            [
              9.35421763,
              45.37598562
            ],
            [
              9.35420946,
              45.37591386
            ],
            [
              9.35419592,
              45.37581469
            ],
            [
              9.35418991,
              45.375764
            ],
            [
              9.35418354,
              45.37570499
            ],
            [
              9.35418211,
              45.37568241
            ],
            [
              9.35408114,
              45.37573856
            ],
            [
              9.35395491,
              45.37580824
            ],
            [
              9.35390851,
              45.37583294
            ],
            [
              9.35388941,
              45.37584193
            ],
            [
              9.35378778,
              45.37589521
            ],
            [
              9.3536832,
              45.37594613
            ],
            [
              9.3535767,
              45.37598341
            ],
            [
              9.35355916,
              45.37598899
            ],
            [
              9.3534502,
              45.37601369
            ],
            [
              9.35332282,
              45.37605493
            ],
            [
              9.35329282,
              45.37606466
            ],
            [
              9.35324319,
              45.37607984
            ],
            [
              9.35312596,
              45.37612871
            ],
            [
              9.35297621,
              45.37616633
            ],
            [
              9.3529518,
              45.37616762
            ],
            [
              9.35289861,
              45.37617173
            ],
            [
              9.3527485,
              45.3761837
            ],
            [
              9.3525856,
              45.37619103
            ],
            [
              9.35240965,
              45.37619875
            ],
            [
              9.35225774,
              45.37620387
            ],
            [
              9.3522112,
              45.37621067
            ],
            [
              9.35219181,
              45.3762385
            ],
            [
              9.35219106,
              45.3762477
            ],
            [
              9.35218448,
              45.37628288
            ],
            [
              9.35217977,
              45.3762894
            ],
            [
              9.35216584,
              45.37630871
            ],
            [
              9.35212672,
              45.37631514
            ],
            [
              9.35210881,
              45.37631628
            ],
            [
              9.35200264,
              45.37632463
            ],
            [
              9.35193032,
              45.37633031
            ],
            [
              9.35176359,
              45.3763416
            ],
            [
              9.3516595,
              45.37635075
            ],
            [
              9.35163804,
              45.37635999
            ],
            [
              9.35162397,
              45.37636906
            ],
            [
              9.35162589,
              45.37644388
            ],
            [
              9.35162933,
              45.37652231
            ],
            [
              9.3516296,
              45.37653096
            ],
            [
              9.35162863,
              45.37654775
            ],
            [
              9.3515921,
              45.37654117
            ],
            [
              9.35153118,
              45.3765507
            ],
            [
              9.35146947,
              45.37656024
            ],
            [
              9.35134727,
              45.37654371
            ],
            [
              9.35117798,
              45.37651918
            ],
            [
              9.35100693,
              45.37648904
            ],
            [
              9.35100983,
              45.37647061
            ],
            [
              9.35101056,
              45.37640933
            ],
            [
              9.35101081,
              45.37617647
            ],
            [
              9.35101239,
              45.37578988
            ],
            [
              9.35101325,
              45.37552476
            ],
            [
              9.35088307,
              45.3755183
            ],
            [
              9.35066662,
              45.37550826
            ],
            [
              9.35045474,
              45.37549678
            ],
            [
              9.3503646,
              45.37549206
            ],
            [
              9.35021821,
              45.37548601
            ],
            [
              9.35009266,
              45.37548135
            ],
            [
              9.34993975,
              45.37547333
            ],
            [
              9.34992772,
              45.3754685
            ],
            [
              9.34992488,
              45.37546202
            ]
          ]
        ]
      }
    },
    {
      "type": "Feature",
      "properties": {
        "name": "Landriano",
        "istat_code": "018078",
        "administrative_unit": "E437",
        "sheet_count": 1,
        "source": "Agenzia Entrate WFS CP:CadastralZoning, fogli catastali raggruppati per comune"
      },
      "geometry": {
        "type": "Polygon",
        "coordinates": [
          [
            [
              9.3027118,
              45.32546786
            ],
            [
              9.30199525,
              45.32660922
            ],
            [
              9.30303844,
              45.32682754
            ],
            [
              9.30307206,
              45.32683375
            ],
            [
              9.30279784,
              45.32726992
            ],
            [
              9.3027755,
              45.32729201
            ],
            [
              9.30274826,
              45.3272971
            ],
            [
              9.30269303,
              45.32729901
            ],
            [
              9.30260035,
              45.32728405
            ],
            [
              9.30238966,
              45.32722717
            ],
            [
              9.30168039,
              45.32707464
            ],
            [
              9.30126678,
              45.32702331
            ],
            [
              9.30101959,
              45.32700586
            ],
            [
              9.30090011,
              45.32719081
            ],
            [
              9.30009886,
              45.32869577
            ],
            [
              9.30006816,
              45.32869714
            ],
            [
              9.30001006,
              45.3286942
            ],
            [
              9.29999049,
              45.32869147
            ],
            [
              9.2999803,
              45.32874324
            ],
            [
              9.29999971,
              45.32881503
            ],
            [
              9.30003328,
              45.32887188
            ],
            [
              9.30022297,
              45.32905627
            ],
            [
              9.30024728,
              45.32910293
            ],
            [
              9.30023915,
              45.32913039
            ],
            [
              9.30021039,
              45.32916322
            ],
            [
              9.29973882,
              45.32953082
            ],
            [
              9.29971436,
              45.32954032
            ],
            [
              9.29780795,
              45.32943297
            ],
            [
              9.29779671,
              45.32941672
            ],
            [
              9.29788402,
              45.329159
            ],
            [
              9.29789166,
              45.3290724
            ],
            [
              9.29773151,
              45.32907646
            ],
            [
              9.29733485,
              45.32898338
            ],
            [
              9.29721985,
              45.32896515
            ],
            [
              9.29709792,
              45.32896385
            ],
            [
              9.29607996,
              45.32902543
            ],
            [
              9.29588924,
              45.32894691
            ],
            [
              9.29583059,
              45.32894382
            ],
            [
              9.29542326,
              45.32898921
            ],
            [
              9.29517206,
              45.32895127
            ],
            [
              9.29455294,
              45.32895439
            ],
            [
              9.29382645,
              45.32900545
            ],
            [
              9.29352241,
              45.32898778
            ],
            [
              9.29310481,
              45.32898194
            ],
            [
              9.29217674,
              45.32894688
            ],
            [
              9.29194695,
              45.32898798
            ],
            [
              9.29154749,
              45.32892955
            ],
            [
              9.2908793,
              45.32896713
            ],
            [
              9.29066,
              45.32892032
            ],
            [
              9.29059654,
              45.32891632
            ],
            [
              9.29015312,
              45.32895288
            ],
            [
              9.28967108,
              45.32891554
            ],
            [
              9.28937831,
              45.32893036
            ],
            [
              9.28904635,
              45.32884069
            ],
            [
              9.28885834,
              45.32881369
            ],
            [
              9.28877892,
              45.32881475
            ],
            [
              9.28876456,
              45.32882318
            ],
            [
              9.28871874,
              45.32886715
            ],
            [
              9.28862419,
              45.32893776
            ],
            [
              9.28805262,
              45.32930857
            ],
            [
              9.28787258,
              45.32940897
            ],
            [
              9.28764298,
              45.32951541
            ],
            [
              9.28751542,
              45.32959356
            ],
            [
              9.28704057,
              45.32993435
            ],
            [
              9.28685794,
              45.33009571
            ],
            [
              9.28689675,
              45.33012366
            ],
            [
              9.28697304,
              45.33017303
            ],
            [
              9.28703957,
              45.33019667
            ],
            [
              9.28720476,
              45.330283
            ],
            [
              9.28722793,
              45.33029459
            ],
            [
              9.28722745,
              45.33032886
            ],
            [
              9.28716233,
              45.33069514
            ],
            [
              9.28711102,
              45.33080321
            ],
            [
              9.28705986,
              45.33086749
            ],
            [
              9.28697614,
              45.33094625
            ],
            [
              9.28687591,
              45.33101695
            ],
            [
              9.28676514,
              45.33106351
            ],
            [
              9.28662573,
              45.33110849
            ],
            [
              9.28639842,
              45.33116522
            ],
            [
              9.28623975,
              45.33123949
            ],
            [
              9.28573103,
              45.33153048
            ],
            [
              9.28554191,
              45.33160702
            ],
            [
              9.28551424,
              45.33160346
            ],
            [
              9.28488777,
              45.3313234
            ],
            [
              9.28461455,
              45.3311836
            ],
            [
              9.28458428,
              45.33118498
            ],
            [
              9.28434831,
              45.33136787
            ],
            [
              9.28429358,
              45.33147238
            ],
            [
              9.28423865,
              45.3314982
            ],
            [
              9.28416056,
              45.33148232
            ],
            [
              9.28370416,
              45.3312941
            ],
            [
              9.28347827,
              45.33119053
            ],
            [
              9.28322042,
              45.33105529
            ],
            [
              9.28320209,
              45.33105724
            ],
            [
              9.28315643,
              45.33109424
            ],
            [
              9.2828979,
              45.33135412
            ],
            [
              9.28248309,
              45.33181892
            ],
            [
              9.28242899,
              45.33184739
            ],
            [
              9.28236503,
              45.33186276
            ],
            [
              9.28233584,
              45.3318384
            ],
            [
              9.28201515,
              45.33160732
            ],
            [
              9.2819703,
              45.33156176
            ],
            [
              9.28170921,
              45.33136805
            ],
            [
              9.28161555,
              45.33128089
            ],
            [
              9.28153169,
              45.33123976
            ],
            [
              9.28147722,
              45.33119888
            ],
            [
              9.28125717,
              45.33101532
            ],
            [
              9.2812282,
              45.33099423
            ],
            [
              9.28128985,
              45.33090435
            ],
            [
              9.28133268,
              45.33086625
            ],
            [
              9.28139187,
              45.33084045
            ],
            [
              9.28260798,
              45.3304773
            ],
            [
              9.28328574,
              45.33030936
            ],
            [
              9.28335,
              45.33030269
            ],
            [
              9.28351948,
              45.33033559
            ],
            [
              9.2835306,
              45.33031016
            ],
            [
              9.28359526,
              45.33007785
            ],
            [
              9.28363129,
              45.32987937
            ],
            [
              9.28167896,
              45.33043449
            ],
            [
              9.28162565,
              45.3304527
            ],
            [
              9.28162896,
              45.33043209
            ],
            [
              9.28183488,
              45.3300219
            ],
            [
              9.28193852,
              45.32983545
            ],
            [
              9.28207686,
              45.3296249
            ],
            [
              9.28205156,
              45.3296103
            ],
            [
              9.28219729,
              45.32932987
            ],
            [
              9.28253867,
              45.32898729
            ],
            [
              9.28308057,
              45.32840418
            ],
            [
              9.28352295,
              45.32799248
            ],
            [
              9.28387388,
              45.32764474
            ],
            [
              9.28408708,
              45.32742283
            ],
            [
              9.28421478,
              45.32726419
            ],
            [
              9.28461628,
              45.32685127
            ],
            [
              9.28507551,
              45.32646701
            ],
            [
              9.28514102,
              45.32641691
            ],
            [
              9.28523491,
              45.32647501
            ],
            [
              9.2853147,
              45.32640615
            ],
            [
              9.28535715,
              45.32636951
            ],
            [
              9.28536541,
              45.32636225
            ],
            [
              9.286267,
              45.32556861
            ],
            [
              9.28652954,
              45.32537499
            ],
            [
              9.2868768,
              45.32506853
            ],
            [
              9.28708507,
              45.32465467
            ],
            [
              9.28721746,
              45.32443793
            ],
            [
              9.28721605,
              45.32440388
            ],
            [
              9.28732487,
              45.32423642
            ],
            [
              9.28723028,
              45.32437892
            ],
            [
              9.28722631,
              45.32432657
            ],
            [
              9.28740777,
              45.32408242
            ],
            [
              9.28762408,
              45.32383103
            ],
            [
              9.28819177,
              45.32332306
            ],
            [
              9.28824664,
              45.32329255
            ],
            [
              9.28833706,
              45.32321967
            ],
            [
              9.28855872,
              45.32299684
            ],
            [
              9.28896468,
              45.32286699
            ],
            [
              9.28892764,
              45.32283019
            ],
            [
              9.28932316,
              45.32261799
            ],
            [
              9.2893953,
              45.32254457
            ],
            [
              9.28950425,
              45.3224389
            ],
            [
              9.28950001,
              45.32200614
            ],
            [
              9.28965703,
              45.32156727
            ],
            [
              9.28972137,
              45.3214913
            ],
            [
              9.28976427,
              45.32150146
            ],
            [
              9.29067137,
              45.32196101
            ],
            [
              9.29166213,
              45.3224784
            ],
            [
              9.29187213,
              45.32259653
            ],
            [
              9.29191061,
              45.32259574
            ],
            [
              9.29196358,
              45.32256941
            ],
            [
              9.29323279,
              45.32142936
            ],
            [
              9.29327472,
              45.32142518
            ],
            [
              9.29374685,
              45.32162728
            ],
            [
              9.29394628,
              45.32173911
            ],
            [
              9.29398667,
              45.32170272
            ],
            [
              9.29398049,
              45.32166789
            ],
            [
              9.29381329,
              45.32157938
            ],
            [
              9.29448999,
              45.32101243
            ],
            [
              9.29489959,
              45.32069511
            ],
            [
              9.29606774,
              45.32134031
            ],
            [
              9.29648611,
              45.32159054
            ],
            [
              9.29669549,
              45.32169211
            ],
            [
              9.29685162,
              45.32180217
            ],
            [
              9.29751981,
              45.32217574
            ],
            [
              9.29753262,
              45.32216836
            ],
            [
              9.29787263,
              45.32237494
            ],
            [
              9.29822878,
              45.32252338
            ],
            [
              9.29849251,
              45.32260695
            ],
            [
              9.29876617,
              45.32275655
            ],
            [
              9.2997444,
              45.32314287
            ],
            [
              9.29977862,
              45.32316274
            ],
            [
              9.2997873,
              45.32321178
            ],
            [
              9.29981422,
              45.32320966
            ],
            [
              9.29989675,
              45.32320701
            ],
            [
              9.30027022,
              45.32319856
            ],
            [
              9.30046285,
              45.32317922
            ],
            [
              9.30054654,
              45.32320604
            ],
            [
              9.30079304,
              45.32332703
            ],
            [
              9.30097252,
              45.32339055
            ],
            [
              9.30105162,
              45.32332323
            ],
            [
              9.30117031,
              45.32318031
            ],
            [
              9.30137249,
              45.32310434
            ],
            [
              9.30189891,
              45.32296253
            ],
            [
              9.30228052,
              45.32283731
            ],
            [
              9.30232259,
              45.32282828
            ],
            [
              9.3023777,
              45.32281888
            ],
            [
              9.30240966,
              45.32284621
            ],
            [
              9.30247923,
              45.32295406
            ],
            [
              9.30248821,
              45.32299653
            ],
            [
              9.3024576,
              45.32304636
            ],
            [
              9.30239943,
              45.323097
            ],
            [
              9.30219205,
              45.32319729
            ],
            [
              9.30213842,
              45.32324504
            ],
            [
              9.30213293,
              45.32329704
            ],
            [
              9.30219027,
              45.32362101
            ],
            [
              9.30224758,
              45.32366427
            ],
            [
              9.30233134,
              45.3236925
            ],
            [
              9.30245154,
              45.32371208
            ],
            [
              9.30255099,
              45.3237088
            ],
            [
              9.30270793,
              45.32366734
            ],
            [
              9.30284874,
              45.32364846
            ],
            [
              9.30294546,
              45.3236674
            ],
            [
              9.30299623,
              45.32369548
            ],
            [
              9.30301495,
              45.32371635
            ],
            [
              9.30302269,
              45.32376177
            ],
            [
              9.30293654,
              45.32392638
            ],
            [
              9.30291612,
              45.32399585
            ],
            [
              9.30292218,
              45.32414983
            ],
            [
              9.30296243,
              45.32437612
            ],
            [
              9.30297038,
              45.32453095
            ],
            [
              9.30295525,
              45.32456508
            ],
            [
              9.30288537,
              45.32461868
            ],
            [
              9.30275364,
              45.32467961
            ],
            [
              9.30270914,
              45.32469033
            ],
            [
              9.30267601,
              45.32468258
            ],
            [
              9.30259928,
              45.32470614
            ],
            [
              9.30248807,
              45.32474323
            ],
            [
              9.30184717,
              45.3249324
            ],
            [
              9.30181876,
              45.32504417
            ],
            [
              9.30175311,
              45.32521404
            ],
            [
              9.30180954,
              45.32522939
            ],
            [
              9.30272118,
              45.32545179
            ],
            [
              9.3027118,
              45.32546786
            ]
          ]
        ]
      }
    },
    {
      "type": "Feature",
      "properties": {
        "name": "Mediglia",
        "istat_code": "015139",
        "administrative_unit": "F084",
        "sheet_count": 4,
        "source": "Agenzia Entrate WFS CP:CadastralZoning, fogli catastali raggruppati per comune"
      },
      "geometry": {
        "type": "Polygon",
        "coordinates": [
          [
            [
              9.30954779,
              45.3962403
            ],
            [
              9.30960485,
              45.39618172
            ],
            [
              9.30954947,
              45.39595226
            ],
            [
              9.30966405,
              45.39583494
            ],
            [
              9.3100274,
              45.39575752
            ],
            [
              9.30998836,
              45.39562719
            ],
            [
              9.31021846,
              45.39565127
            ],
            [
              9.31038936,
              45.39556137
            ],
            [
              9.31045329,
              45.3953919
            ],
            [
              9.31028067,
              45.39530476
            ],
            [
              9.31021796,
              45.39526297
            ],
            [
              9.31000356,
              45.39511116
            ],
            [
              9.30982253,
              45.39525599
            ],
            [
              9.30975587,
              45.39524201
            ],
            [
              9.30980976,
              45.39512589
            ],
            [
              9.30977061,
              45.39497528
            ],
            [
              9.30984733,
              45.3947305
            ],
            [
              9.30993409,
              45.39461543
            ],
            [
              9.31018002,
              45.39472723
            ],
            [
              9.31038034,
              45.39481408
            ],
            [
              9.31060534,
              45.39492678
            ],
            [
              9.31072855,
              45.3949855
            ],
            [
              9.31103282,
              45.395021
            ],
            [
              9.31119852,
              45.3950297
            ],
            [
              9.31127609,
              45.39503531
            ],
            [
              9.31132522,
              45.39503747
            ],
            [
              9.31151989,
              45.39504322
            ],
            [
              9.31165577,
              45.39503758
            ],
            [
              9.31169736,
              45.39501837
            ],
            [
              9.31179287,
              45.39496077
            ],
            [
              9.31187242,
              45.39481479
            ],
            [
              9.31188058,
              45.39466601
            ],
            [
              9.31187069,
              45.39458251
            ],
            [
              9.31187917,
              45.39458042
            ],
            [
              9.31192055,
              45.39457021
            ],
            [
              9.31194594,
              45.39455656
            ],
            [
              9.31208732,
              45.39448061
            ],
            [
              9.31205711,
              45.39432405
            ],
            [
              9.31205397,
              45.39430773
            ],
            [
              9.31196957,
              45.39417622
            ],
            [
              9.31194344,
              45.39413551
            ],
            [
              9.31203226,
              45.39407755
            ],
            [
              9.31200659,
              45.39386459
            ],
            [
              9.3117938,
              45.39350559
            ],
            [
              9.31156704,
              45.39329422
            ],
            [
              9.31145342,
              45.39318961
            ],
            [
              9.31129889,
              45.39304858
            ],
            [
              9.3111901,
              45.39294789
            ],
            [
              9.3110782,
              45.39281314
            ],
            [
              9.3110267,
              45.39276848
            ],
            [
              9.31095813,
              45.39271942
            ],
            [
              9.31099936,
              45.3926803
            ],
            [
              9.31103901,
              45.39264083
            ],
            [
              9.31121903,
              45.39257816
            ],
            [
              9.31132249,
              45.39255006
            ],
            [
              9.31142262,
              45.39251928
            ],
            [
              9.31169192,
              45.39246619
            ],
            [
              9.31189686,
              45.39245636
            ],
            [
              9.31221425,
              45.39247287
            ],
            [
              9.31250463,
              45.39255699
            ],
            [
              9.3129377,
              45.39272522
            ],
            [
              9.31346386,
              45.39300939
            ],
            [
              9.31372784,
              45.39333571
            ],
            [
              9.31402831,
              45.39349468
            ],
            [
              9.31429586,
              45.39364052
            ],
            [
              9.31474483,
              45.39374683
            ],
            [
              9.31509587,
              45.39379319
            ],
            [
              9.31534899,
              45.39379201
            ],
            [
              9.31563756,
              45.39375826
            ],
            [
              9.31572552,
              45.39374545
            ],
            [
              9.31605974,
              45.39369065
            ],
            [
              9.31614734,
              45.39367629
            ],
            [
              9.31619446,
              45.39366839
            ],
            [
              9.31648288,
              45.39356582
            ],
            [
              9.31656329,
              45.39353388
            ],
            [
              9.31675518,
              45.39344878
            ],
            [
              9.31691928,
              45.39336249
            ],
            [
              9.31672302,
              45.39319546
            ],
            [
              9.31682554,
              45.3930538
            ],
            [
              9.31683714,
              45.39299472
            ],
            [
              9.31727593,
              45.39298798
            ],
            [
              9.31725163,
              45.39279266
            ],
            [
              9.31718019,
              45.39262718
            ],
            [
              9.31710582,
              45.39248435
            ],
            [
              9.31702843,
              45.39238076
            ],
            [
              9.31682094,
              45.3921566
            ],
            [
              9.31684473,
              45.39199101
            ],
            [
              9.31679926,
              45.39184858
            ],
            [
              9.31668456,
              45.39174088
            ],
            [
              9.31670313,
              45.39158094
            ],
            [
              9.31656995,
              45.39153348
            ],
            [
              9.31643143,
              45.3914525
            ],
            [
              9.31604597,
              45.39144075
            ],
            [
              9.31562281,
              45.39122544
            ],
            [
              9.31535347,
              45.39103813
            ],
            [
              9.31528492,
              45.39093546
            ],
            [
              9.31528225,
              45.39090742
            ],
            [
              9.31524343,
              45.3904777
            ],
            [
              9.3152599,
              45.39035239
            ],
            [
              9.3152959,
              45.39020709
            ],
            [
              9.31534727,
              45.39009977
            ],
            [
              9.31543184,
              45.38998006
            ],
            [
              9.31551836,
              45.38990389
            ],
            [
              9.31562418,
              45.38984281
            ],
            [
              9.31579423,
              45.38976828
            ],
            [
              9.31591796,
              45.38971365
            ],
            [
              9.31618357,
              45.38956833
            ],
            [
              9.31627271,
              45.38953646
            ],
            [
              9.31645404,
              45.38947127
            ],
            [
              9.31658192,
              45.38942565
            ],
            [
              9.31681888,
              45.38932996
            ],
            [
              9.31688371,
              45.38929655
            ],
            [
              9.31708376,
              45.3891909
            ],
            [
              9.31725571,
              45.389094
            ],
            [
              9.31738733,
              45.38900915
            ],
            [
              9.31758036,
              45.38894251
            ],
            [
              9.31826321,
              45.38868906
            ],
            [
              9.31850206,
              45.38847227
            ],
            [
              9.31868638,
              45.38839771
            ],
            [
              9.31875021,
              45.38843109
            ],
            [
              9.31885126,
              45.38841086
            ],
            [
              9.319126451207975,
              45.388232790099536
            ],
            [
              9.31912303,
              45.38823234
            ],
            [
              9.31927038,
              45.38812827
            ],
            [
              9.31946592,
              45.38794675
            ],
            [
              9.31957014,
              45.38778447
            ],
            [
              9.31961072,
              45.38772145
            ],
            [
              9.31962191,
              45.38758799
            ],
            [
              9.31965189,
              45.38744989
            ],
            [
              9.31959742,
              45.38733857
            ],
            [
              9.31955709,
              45.38728593
            ],
            [
              9.31956786,
              45.38725209
            ],
            [
              9.31953158,
              45.38722509
            ],
            [
              9.31952605,
              45.38721835
            ],
            [
              9.31949698,
              45.38716228
            ],
            [
              9.31943252,
              45.38712116
            ],
            [
              9.31942626,
              45.38711723
            ],
            [
              9.31935939,
              45.38710637
            ],
            [
              9.31938822,
              45.38703867
            ],
            [
              9.31943921,
              45.38691265
            ],
            [
              9.31946381,
              45.38684078
            ],
            [
              9.31950115,
              45.38674793
            ],
            [
              9.31954555,
              45.38663607
            ],
            [
              9.31959078,
              45.38663349
            ],
            [
              9.31975312,
              45.38658514
            ],
            [
              9.31986265,
              45.38653308
            ],
            [
              9.31990154,
              45.3865266
            ],
            [
              9.31994282,
              45.38649031
            ],
            [
              9.31999669,
              45.38646954
            ],
            [
              9.32004745,
              45.38645268
            ],
            [
              9.32009105,
              45.38641686
            ],
            [
              9.32017633,
              45.38641781
            ],
            [
              9.32027513,
              45.38643866
            ],
            [
              9.32037648,
              45.38644528
            ],
            [
              9.32047671,
              45.38646823
            ],
            [
              9.32052713,
              45.38642539
            ],
            [
              9.32055879,
              45.38642665
            ],
            [
              9.32072581,
              45.38641169
            ],
            [
              9.32076671,
              45.38655076
            ],
            [
              9.32079764,
              45.38664984
            ],
            [
              9.32081525,
              45.38669806
            ],
            [
              9.3208585,
              45.38672625
            ],
            [
              9.32086563,
              45.38673414
            ],
            [
              9.32095026,
              45.38674657
            ],
            [
              9.32128241,
              45.38680661
            ],
            [
              9.32186178,
              45.38691034
            ],
            [
              9.32228727,
              45.38698777
            ],
            [
              9.32251006,
              45.38702699
            ],
            [
              9.32258824,
              45.38704219
            ],
            [
              9.32262427,
              45.3869716
            ],
            [
              9.32267226,
              45.38697543
            ],
            [
              9.32272322,
              45.38698466
            ],
            [
              9.32274736,
              45.38698983
            ],
            [
              9.32279774,
              45.386998
            ],
            [
              9.32309318,
              45.38704922
            ],
            [
              9.32335311,
              45.38709005
            ],
            [
              9.32363208,
              45.38713643
            ],
            [
              9.3236475,
              45.38713846
            ],
            [
              9.32384324,
              45.38717085
            ],
            [
              9.32400243,
              45.38719465
            ],
            [
              9.32443846,
              45.38728096
            ],
            [
              9.32440398,
              45.38736625
            ],
            [
              9.3242854,
              45.38765548
            ],
            [
              9.32424359,
              45.38775797
            ],
            [
              9.32423683,
              45.38777301
            ],
            [
              9.32422116,
              45.38781064
            ],
            [
              9.32432588,
              45.38782426
            ],
            [
              9.32451793,
              45.38785072
            ],
            [
              9.32464258,
              45.38786582
            ],
            [
              9.32476775,
              45.38787947
            ],
            [
              9.32486581,
              45.38789416
            ],
            [
              9.32501039,
              45.38791147
            ],
            [
              9.32521319,
              45.38793468
            ],
            [
              9.32529902,
              45.387945
            ],
            [
              9.32541856,
              45.38796009
            ],
            [
              9.32548497,
              45.38796782
            ],
            [
              9.32564485,
              45.38798735
            ],
            [
              9.32578076,
              45.3880021
            ],
            [
              9.32596713,
              45.38798717
            ],
            [
              9.32607363,
              45.38797961
            ],
            [
              9.32632653,
              45.3879585
            ],
            [
              9.32639155,
              45.38795232
            ],
            [
              9.32655285,
              45.38794008
            ],
            [
              9.32665881,
              45.38793003
            ],
            [
              9.32690252,
              45.38791041
            ],
            [
              9.32711467,
              45.3878451
            ],
            [
              9.32714308,
              45.38777744
            ],
            [
              9.3271081,
              45.387729
            ],
            [
              9.32709451,
              45.38767477
            ],
            [
              9.32709087,
              45.38766074
            ],
            [
              9.32710522,
              45.38767258
            ],
            [
              9.327206,
              45.38774604
            ],
            [
              9.3274457,
              45.38783889
            ],
            [
              9.3277313,
              45.38794568
            ],
            [
              9.32775288,
              45.3879559
            ],
            [
              9.3278493,
              45.38797211
            ],
            [
              9.32790074,
              45.38794186
            ],
            [
              9.32792123,
              45.38782272
            ],
            [
              9.3279281,
              45.38780184
            ],
            [
              9.32795124,
              45.38777086
            ],
            [
              9.32800119,
              45.38769989
            ],
            [
              9.32809743,
              45.38756552
            ],
            [
              9.32820968,
              45.38740666
            ],
            [
              9.32830337,
              45.38727373
            ],
            [
              9.32839037,
              45.3871527
            ],
            [
              9.32846036,
              45.38705471
            ],
            [
              9.32850819,
              45.38699094
            ],
            [
              9.32862331,
              45.38683998
            ],
            [
              9.32877871,
              45.38683691
            ],
            [
              9.3290297,
              45.38688359
            ],
            [
              9.32916289,
              45.38690581
            ],
            [
              9.32932699,
              45.38696951
            ],
            [
              9.32967437,
              45.38710243
            ],
            [
              9.32985185,
              45.387142
            ],
            [
              9.32985247,
              45.3871625
            ],
            [
              9.32983666,
              45.3871955
            ],
            [
              9.3297329,
              45.38735023
            ],
            [
              9.3296917,
              45.38741286
            ],
            [
              9.32965053,
              45.38749545
            ],
            [
              9.32962928,
              45.38758975
            ],
            [
              9.32962119,
              45.38762732
            ],
            [
              9.32959539,
              45.38773969
            ],
            [
              9.32955693,
              45.38790555
            ],
            [
              9.32952253,
              45.38805694
            ],
            [
              9.32950986,
              45.388105
            ],
            [
              9.32945374,
              45.38837488
            ],
            [
              9.32944367,
              45.38843699
            ],
            [
              9.3294275,
              45.38851973
            ],
            [
              9.32941086,
              45.38862519
            ],
            [
              9.32937654,
              45.38881699
            ],
            [
              9.32935784,
              45.38891234
            ],
            [
              9.32934773,
              45.38895859
            ],
            [
              9.32934067,
              45.38899688
            ],
            [
              9.32932447,
              45.38907311
            ],
            [
              9.32929062,
              45.38924074
            ],
            [
              9.32926535,
              45.38937259
            ],
            [
              9.32923604,
              45.38951204
            ],
            [
              9.32920924,
              45.38964391
            ],
            [
              9.32918346,
              45.38976674
            ],
            [
              9.32917284,
              45.38981732
            ],
            [
              9.32916971,
              45.38984046
            ],
            [
              9.32916078,
              45.3898782
            ],
            [
              9.32917398,
              45.38991483
            ],
            [
              9.3292685,
              45.39001422
            ],
            [
              9.32929691,
              45.39008236
            ],
            [
              9.32938298,
              45.39025994
            ],
            [
              9.32943449,
              45.39036906
            ],
            [
              9.32949171,
              45.39048137
            ],
            [
              9.32952953,
              45.39056941
            ],
            [
              9.32956476,
              45.39064709
            ],
            [
              9.32959593,
              45.39071837
            ],
            [
              9.32964958,
              45.39084133
            ],
            [
              9.32967463,
              45.39090122
            ],
            [
              9.32968846,
              45.39093762
            ],
            [
              9.32971199,
              45.39099683
            ],
            [
              9.32976481,
              45.39115862
            ],
            [
              9.32978737,
              45.39124149
            ],
            [
              9.32981757,
              45.39134215
            ],
            [
              9.32984581,
              45.39145363
            ],
            [
              9.32986952,
              45.39154283
            ],
            [
              9.3298826,
              45.39156134
            ],
            [
              9.32990992,
              45.39169706
            ],
            [
              9.33000745,
              45.39184725
            ],
            [
              9.33006674,
              45.39194854
            ],
            [
              9.33012982,
              45.39206
            ],
            [
              9.33018973,
              45.39216493
            ],
            [
              9.33025068,
              45.39227169
            ],
            [
              9.33031402,
              45.39237838
            ],
            [
              9.33035126,
              45.39243839
            ],
            [
              9.33047906,
              45.39265506
            ],
            [
              9.33059675,
              45.39283526
            ],
            [
              9.330601456237945,
              45.39285708790292
            ],
            [
              9.3306141,
              45.3928436
            ],
            [
              9.33057895,
              45.39279224
            ],
            [
              9.33051802,
              45.39270533
            ],
            [
              9.33048028,
              45.39264537
            ],
            [
              9.33043426,
              45.39256996
            ],
            [
              9.33038462,
              45.39248808
            ],
            [
              9.33033805,
              45.39240836
            ],
            [
              9.33018301,
              45.39214233
            ],
            [
              9.33007042,
              45.39193494
            ],
            [
              9.32996918,
              45.39178313
            ],
            [
              9.32992165,
              45.39171116
            ],
            [
              9.32988933,
              45.3915659
            ],
            [
              9.32987948,
              45.39154792
            ],
            [
              9.32985189,
              45.39144012
            ],
            [
              9.32981079,
              45.39127213
            ],
            [
              9.32979721,
              45.39120975
            ],
            [
              9.32973389,
              45.39100639
            ],
            [
              9.32970953,
              45.39094257
            ],
            [
              9.32961844,
              45.39073482
            ],
            [
              9.32951443,
              45.39050363
            ],
            [
              9.32940888,
              45.39028073
            ],
            [
              9.32933177,
              45.39011122
            ],
            [
              9.32928677,
              45.39001456
            ],
            [
              9.32919349,
              45.38990343
            ],
            [
              9.32917754,
              45.3898854
            ],
            [
              9.32917643,
              45.38987062
            ],
            [
              9.32918292,
              45.38983742
            ],
            [
              9.32919231,
              45.38981511
            ],
            [
              9.32927417,
              45.38944316
            ],
            [
              9.32934946,
              45.38909395
            ],
            [
              9.32937859,
              45.38896299
            ],
            [
              9.32940809,
              45.38879526
            ],
            [
              9.32944313,
              45.38860443
            ],
            [
              9.32947359,
              45.38841903
            ],
            [
              9.3295007,
              45.38829168
            ],
            [
              9.3295363,
              45.38811384
            ],
            [
              9.32957494,
              45.38793598
            ],
            [
              9.32960449,
              45.38778014
            ],
            [
              9.32962912,
              45.38767227
            ],
            [
              9.32965521,
              45.38755215
            ],
            [
              9.32966929,
              45.38748937
            ],
            [
              9.32969759,
              45.38741646
            ],
            [
              9.32978347,
              45.38730772
            ],
            [
              9.32984026,
              45.38721203
            ],
            [
              9.3298743,
              45.38716615
            ],
            [
              9.32986862,
              45.38714742
            ],
            [
              9.3299248,
              45.38715665
            ],
            [
              9.33028647,
              45.38724446
            ],
            [
              9.33038868,
              45.38724753
            ],
            [
              9.33053627,
              45.38726415
            ],
            [
              9.33076979,
              45.38726408
            ],
            [
              9.3310125,
              45.38727463
            ],
            [
              9.33110315,
              45.38727122
            ],
            [
              9.33124628,
              45.38728519
            ],
            [
              9.33133134,
              45.3873088
            ],
            [
              9.33160087,
              45.38736046
            ],
            [
              9.33191476,
              45.38742092
            ],
            [
              9.33218836,
              45.38746462
            ],
            [
              9.33249101,
              45.38751324
            ],
            [
              9.33256694,
              45.38752836
            ],
            [
              9.33261278,
              45.38753139
            ],
            [
              9.33272934,
              45.38752769
            ],
            [
              9.33310503,
              45.38758587
            ],
            [
              9.33345628,
              45.38763965
            ],
            [
              9.33379263,
              45.3876901
            ],
            [
              9.33392243,
              45.38770719
            ],
            [
              9.33409892,
              45.38775518
            ],
            [
              9.33429053,
              45.38777768
            ],
            [
              9.33461153,
              45.38777951
            ],
            [
              9.33465553,
              45.3877777
            ],
            [
              9.33506016,
              45.38783095
            ],
            [
              9.33565304,
              45.3879107
            ],
            [
              9.33614519,
              45.38797864
            ],
            [
              9.33666134,
              45.38804691
            ],
            [
              9.33666476,
              45.38807605
            ],
            [
              9.33669968,
              45.38810695
            ],
            [
              9.33672532,
              45.38811621
            ],
            [
              9.3368597,
              45.38813682
            ],
            [
              9.3372848,
              45.38819821
            ],
            [
              9.33730558,
              45.38820778
            ],
            [
              9.3373556,
              45.38820966
            ],
            [
              9.3379134,
              45.38828316
            ],
            [
              9.33805516,
              45.38830278
            ],
            [
              9.33859095,
              45.38835835
            ],
            [
              9.33899066,
              45.38840329
            ],
            [
              9.33904644,
              45.38817085
            ],
            [
              9.33984532,
              45.38752439
            ],
            [
              9.34029772,
              45.38760751
            ],
            [
              9.34139174,
              45.38781081
            ],
            [
              9.34141471,
              45.38781384
            ],
            [
              9.34145035,
              45.38781649
            ],
            [
              9.34160386,
              45.3873144
            ],
            [
              9.34225591,
              45.38740688
            ],
            [
              9.34236752,
              45.38699642
            ],
            [
              9.34250269,
              45.38650663
            ],
            [
              9.3427182,
              45.38569754
            ],
            [
              9.343582,
              45.38571186
            ],
            [
              9.34404866,
              45.3857195
            ],
            [
              9.34464157,
              45.38573204
            ],
            [
              9.34470221,
              45.38579674
            ],
            [
              9.34499265,
              45.3862016
            ],
            [
              9.34533473,
              45.38667896
            ],
            [
              9.34577139,
              45.38729497
            ],
            [
              9.34573759,
              45.38731946
            ],
            [
              9.34563478,
              45.38740111
            ],
            [
              9.345617631616985,
              45.38744632541114
            ],
            [
              9.34563666,
              45.38741364
            ],
            [
              9.34573142,
              45.38734689
            ],
            [
              9.34580531,
              45.38729959
            ],
            [
              9.34590262,
              45.38724197
            ],
            [
              9.34591962,
              45.3872657
            ],
            [
              9.34594104,
              45.3872584
            ],
            [
              9.34600491,
              45.38734615
            ],
            [
              9.34608993,
              45.38735627
            ],
            [
              9.34615156,
              45.38736141
            ],
            [
              9.34624974,
              45.3873786
            ],
            [
              9.34637179,
              45.38740046
            ],
            [
              9.3465269,
              45.38741215
            ],
            [
              9.34661066,
              45.38741664
            ],
            [
              9.34690198,
              45.38741879
            ],
            [
              9.34706371,
              45.38742246
            ],
            [
              9.34736219,
              45.38742782
            ],
            [
              9.3474826,
              45.38743862
            ],
            [
              9.34769026,
              45.38744672
            ],
            [
              9.3478418,
              45.38745299
            ],
            [
              9.34803577,
              45.38739982
            ],
            [
              9.34815988,
              45.38733182
            ],
            [
              9.34819736,
              45.38729548
            ],
            [
              9.34820772,
              45.38724255
            ],
            [
              9.34821143,
              45.38734819
            ],
            [
              9.34821367,
              45.38751919
            ],
            [
              9.34822166,
              45.38777339
            ],
            [
              9.34822788,
              45.38798049
            ],
            [
              9.34823191,
              45.38812231
            ],
            [
              9.34823288,
              45.38817636
            ],
            [
              9.34824238,
              45.38823021
            ],
            [
              9.34825038,
              45.38828302
            ],
            [
              9.34826282,
              45.38830526
            ],
            [
              9.34830969,
              45.38834104
            ],
            [
              9.34836395,
              45.3883745
            ],
            [
              9.34839646,
              45.38837692
            ],
            [
              9.34854511,
              45.38839577
            ],
            [
              9.34871207,
              45.38841653
            ],
            [
              9.34884522,
              45.38844391
            ],
            [
              9.34900977,
              45.38849798
            ],
            [
              9.34905217,
              45.38848001
            ],
            [
              9.34908513,
              45.38844644
            ],
            [
              9.34915795,
              45.38840876
            ],
            [
              9.34943385,
              45.38826219
            ],
            [
              9.34925998,
              45.3881242
            ],
            [
              9.34920985,
              45.38807368
            ],
            [
              9.3491223,
              45.38788639
            ],
            [
              9.34868487,
              45.38784101
            ],
            [
              9.34870796,
              45.38769902
            ],
            [
              9.34871477,
              45.38764507
            ],
            [
              9.34872677,
              45.38753056
            ],
            [
              9.34873644,
              45.3874326
            ],
            [
              9.34873543,
              45.38737878
            ],
            [
              9.34874002,
              45.38735406
            ],
            [
              9.34869393,
              45.38723269
            ],
            [
              9.34864367,
              45.3870797
            ],
            [
              9.3486167,
              45.38699439
            ],
            [
              9.34860581,
              45.38694943
            ],
            [
              9.34858184,
              45.38682252
            ],
            [
              9.34855427,
              45.38667871
            ],
            [
              9.34853887,
              45.38655744
            ],
            [
              9.3486122,
              45.38654609
            ],
            [
              9.34868566,
              45.38638594
            ],
            [
              9.34870041,
              45.38635008
            ],
            [
              9.34894365,
              45.38617942
            ],
            [
              9.34919299,
              45.38600729
            ],
            [
              9.3493641,
              45.38588684
            ],
            [
              9.34966062,
              45.38554719
            ],
            [
              9.34976148,
              45.38543084
            ],
            [
              9.35005486,
              45.3854008
            ],
            [
              9.35014403,
              45.38585635
            ],
            [
              9.35023058,
              45.38629428
            ],
            [
              9.3502925,
              45.38661511
            ],
            [
              9.35034903,
              45.38690309
            ],
            [
              9.35037659,
              45.38705957
            ],
            [
              9.35041488,
              45.38719895
            ],
            [
              9.35077618,
              45.38703236
            ],
            [
              9.35097831,
              45.38693865
            ],
            [
              9.35114565,
              45.38686597
            ],
            [
              9.35123061,
              45.38682819
            ],
            [
              9.35150186,
              45.38671155
            ],
            [
              9.35178129,
              45.38659163
            ],
            [
              9.35200339,
              45.38649569
            ],
            [
              9.3522081,
              45.38640522
            ],
            [
              9.35244347,
              45.38628615
            ],
            [
              9.35264453,
              45.38618018
            ],
            [
              9.35290184,
              45.38603147
            ],
            [
              9.35322713,
              45.38584553
            ],
            [
              9.35343985,
              45.38572779
            ],
            [
              9.35366455,
              45.38564917
            ],
            [
              9.35373419,
              45.38563307
            ],
            [
              9.35389668,
              45.38562662
            ],
            [
              9.35403358,
              45.38562783
            ],
            [
              9.35405707,
              45.38563808
            ],
            [
              9.35432892,
              45.38566061
            ],
            [
              9.35450164,
              45.38567282
            ],
            [
              9.35465658,
              45.38568198
            ],
            [
              9.35491124,
              45.3856741
            ],
            [
              9.35503354,
              45.38567241
            ],
            [
              9.35522857,
              45.38568176
            ],
            [
              9.35534129,
              45.38568568
            ],
            [
              9.35547566,
              45.38567762
            ],
            [
              9.35563138,
              45.38567073
            ],
            [
              9.3556834,
              45.38565614
            ],
            [
              9.35583255,
              45.38559656
            ],
            [
              9.35609327,
              45.38546128
            ],
            [
              9.35627091,
              45.38536806
            ],
            [
              9.35651684,
              45.38525884
            ],
            [
              9.35681154,
              45.38512819
            ],
            [
              9.35700593,
              45.38503842
            ],
            [
              9.3571993,
              45.38495007
            ],
            [
              9.35723729,
              45.38493353
            ],
            [
              9.35746332,
              45.38480995
            ],
            [
              9.35760129,
              45.38473486
            ],
            [
              9.3577371,
              45.38467683
            ],
            [
              9.35792927,
              45.38468505
            ],
            [
              9.35825589,
              45.3847048
            ],
            [
              9.35835984,
              45.38468846
            ],
            [
              9.35840503,
              45.3846936
            ],
            [
              9.35852911,
              45.38469616
            ],
            [
              9.35853208,
              45.38467917
            ],
            [
              9.35860471,
              45.38468241
            ],
            [
              9.35860393,
              45.38470142
            ],
            [
              9.3586442,
              45.38470328
            ],
            [
              9.35864557,
              45.38467217
            ],
            [
              9.35867828,
              45.38467399
            ],
            [
              9.35867477,
              45.38470212
            ],
            [
              9.35869003,
              45.38470388
            ],
            [
              9.35870508,
              45.38474367
            ],
            [
              9.35876527,
              45.38483463
            ],
            [
              9.35880801,
              45.3848777
            ],
            [
              9.3588431,
              45.38491897
            ],
            [
              9.3588564,
              45.3849303
            ],
            [
              9.35891966,
              45.38494922
            ],
            [
              9.35895268,
              45.38495789
            ],
            [
              9.35896975,
              45.38495941
            ],
            [
              9.35913457,
              45.38494254
            ],
            [
              9.35923343,
              45.38492875
            ],
            [
              9.35931317,
              45.38491554
            ],
            [
              9.35941712,
              45.38489076
            ],
            [
              9.35951703,
              45.38489184
            ],
            [
              9.35963529,
              45.38493673
            ],
            [
              9.35976206,
              45.38501189
            ],
            [
              9.35990381,
              45.38506543
            ],
            [
              9.35999521,
              45.38510011
            ],
            [
              9.36014409,
              45.38516904
            ],
            [
              9.36030205,
              45.3852607
            ],
            [
              9.36043296,
              45.38530514
            ],
            [
              9.360605,
              45.38536614
            ],
            [
              9.36079714,
              45.38538434
            ],
            [
              9.36096679,
              45.38539989
            ],
            [
              9.3611898,
              45.38541499
            ],
            [
              9.36130054,
              45.38542217
            ],
            [
              9.36136107,
              45.38542667
            ],
            [
              9.36139199,
              45.38543973
            ],
            [
              9.3614246,
              45.38552204
            ],
            [
              9.3614473,
              45.38578432
            ],
            [
              9.36146429,
              45.38602086
            ],
            [
              9.36147206,
              45.38614328
            ],
            [
              9.36148983,
              45.3863318
            ],
            [
              9.3614348,
              45.38645587
            ],
            [
              9.3613511,
              45.38656255
            ],
            [
              9.36146614,
              45.3865964
            ],
            [
              9.36163808,
              45.38657621
            ],
            [
              9.3617966,
              45.38653657
            ],
            [
              9.36193069,
              45.38652957
            ],
            [
              9.36222557,
              45.38653315
            ],
            [
              9.362309,
              45.38653357
            ],
            [
              9.36246666,
              45.38653008
            ],
            [
              9.36273085,
              45.38653994
            ],
            [
              9.36296586,
              45.38655064
            ],
            [
              9.36326026,
              45.38656362
            ],
            [
              9.3634159,
              45.3865699
            ],
            [
              9.36361558,
              45.3865753
            ],
            [
              9.36381473,
              45.38657961
            ],
            [
              9.36390432,
              45.38658326
            ],
            [
              9.36412346,
              45.386594
            ],
            [
              9.36420276,
              45.3866001
            ],
            [
              9.36429314,
              45.38660621
            ],
            [
              9.36429597,
              45.38659592
            ],
            [
              9.36432075,
              45.38659714
            ],
            [
              9.36437337,
              45.38659958
            ],
            [
              9.36443471,
              45.38658668
            ],
            [
              9.36446487,
              45.38658654
            ],
            [
              9.36445369,
              45.38673028
            ],
            [
              9.36446312,
              45.38686643
            ],
            [
              9.36446761,
              45.38695396
            ],
            [
              9.36445458,
              45.38711934
            ],
            [
              9.36444842,
              45.38723158
            ],
            [
              9.36441898,
              45.38733949
            ],
            [
              9.36440034,
              45.38743465
            ],
            [
              9.36440964,
              45.38743659
            ],
            [
              9.3644082,
              45.38745738
            ],
            [
              9.3644015,
              45.38746194
            ],
            [
              9.36440207,
              45.38757464
            ],
            [
              9.3644009,
              45.38765287
            ],
            [
              9.36440105,
              45.38768445
            ],
            [
              9.36438051,
              45.38781344
            ],
            [
              9.36435944,
              45.38798026
            ],
            [
              9.36437704,
              45.38810488
            ],
            [
              9.36439065,
              45.38825149
            ],
            [
              9.36439263,
              45.38834229
            ],
            [
              9.36441011,
              45.38844479
            ],
            [
              9.36444182,
              45.38861179
            ],
            [
              9.36445299,
              45.38878468
            ],
            [
              9.36446992,
              45.38897951
            ],
            [
              9.36447893,
              45.38909561
            ],
            [
              9.36449304,
              45.38915506
            ],
            [
              9.36450437,
              45.38922252
            ],
            [
              9.36452046,
              45.38933437
            ],
            [
              9.36455956,
              45.3893933
            ],
            [
              9.3645888,
              45.38959702
            ],
            [
              9.3645997,
              45.38974487
            ],
            [
              9.36461011,
              45.38983898
            ],
            [
              9.36462726,
              45.38996266
            ],
            [
              9.36467959,
              45.39011903
            ],
            [
              9.3646723,
              45.39023767
            ],
            [
              9.36466433,
              45.39034033
            ],
            [
              9.36469027,
              45.39042672
            ],
            [
              9.36472631,
              45.39052805
            ],
            [
              9.36472743,
              45.39056912
            ],
            [
              9.36472088,
              45.39067997
            ],
            [
              9.3647546,
              45.39077293
            ],
            [
              9.36483256,
              45.39087676
            ],
            [
              9.36485938,
              45.39091232
            ],
            [
              9.36496952,
              45.39103712
            ],
            [
              9.36500994,
              45.39108431
            ],
            [
              9.36509333,
              45.39117504
            ],
            [
              9.3651766,
              45.39123259
            ],
            [
              9.36524777,
              45.39128172
            ],
            [
              9.36527693,
              45.39130125
            ],
            [
              9.36534038,
              45.3913712
            ],
            [
              9.36542079,
              45.39154522
            ],
            [
              9.36543421,
              45.39156545
            ],
            [
              9.36544403,
              45.39158136
            ],
            [
              9.36536446,
              45.39159866
            ],
            [
              9.36517106,
              45.39164323
            ],
            [
              9.36506597,
              45.39166718
            ],
            [
              9.36501976,
              45.39168867
            ],
            [
              9.36499906,
              45.39169402
            ],
            [
              9.36472557,
              45.39176134
            ],
            [
              9.3645201,
              45.39181223
            ],
            [
              9.36432876,
              45.39184943
            ],
            [
              9.36425205,
              45.3918573
            ],
            [
              9.36414751,
              45.39185721
            ],
            [
              9.36404836,
              45.3918481
            ],
            [
              9.3640083,
              45.39184419
            ],
            [
              9.36398677,
              45.39184189
            ],
            [
              9.36393108,
              45.39195269
            ],
            [
              9.36390842,
              45.39199121
            ],
            [
              9.3638025,
              45.39212612
            ],
            [
              9.36370826,
              45.39224517
            ],
            [
              9.36356844,
              45.39227004
            ],
            [
              9.36345665,
              45.3922714
            ],
            [
              9.36325278,
              45.39224546
            ],
            [
              9.36320039,
              45.39226184
            ],
            [
              9.36309879,
              45.39240901
            ],
            [
              9.36302144,
              45.39252608
            ],
            [
              9.3629643,
              45.39260872
            ],
            [
              9.36277219,
              45.3925961
            ],
            [
              9.36231583,
              45.39245583
            ],
            [
              9.36196638,
              45.392347
            ],
            [
              9.36185996,
              45.39231484
            ],
            [
              9.36152741,
              45.39221413
            ],
            [
              9.36131971,
              45.39215476
            ],
            [
              9.36116627,
              45.39211255
            ],
            [
              9.3610036,
              45.39206896
            ],
            [
              9.36099183,
              45.3920669
            ],
            [
              9.36091885,
              45.39233706
            ],
            [
              9.36085578,
              45.39256172
            ],
            [
              9.3608303,
              45.39266025
            ],
            [
              9.36078923,
              45.39280501
            ],
            [
              9.36076729,
              45.39289171
            ],
            [
              9.3607375,
              45.39303498
            ],
            [
              9.36071616,
              45.39313563
            ],
            [
              9.36046558,
              45.39310974
            ],
            [
              9.36032178,
              45.39309439
            ],
            [
              9.36000461,
              45.39304165
            ],
            [
              9.35956466,
              45.39297129
            ],
            [
              9.35938577,
              45.39294252
            ],
            [
              9.35909638,
              45.39290154
            ],
            [
              9.35886688,
              45.39286586
            ],
            [
              9.35848377,
              45.39281098
            ],
            [
              9.35809703,
              45.39275392
            ],
            [
              9.35776924,
              45.39270869
            ],
            [
              9.3573892,
              45.39265561
            ],
            [
              9.35722992,
              45.39263498
            ],
            [
              9.3569011,
              45.39258866
            ],
            [
              9.35660247,
              45.3925466
            ],
            [
              9.35630643,
              45.39250201
            ],
            [
              9.35611023,
              45.39247169
            ],
            [
              9.35592172,
              45.39244278
            ],
            [
              9.35596119,
              45.39228155
            ],
            [
              9.35599081,
              45.39215263
            ],
            [
              9.35602144,
              45.39202154
            ],
            [
              9.35603882,
              45.3919373
            ],
            [
              9.35598445,
              45.39189917
            ],
            [
              9.35593144,
              45.39188934
            ],
            [
              9.35576417,
              45.39189736
            ],
            [
              9.35561255,
              45.39190531
            ],
            [
              9.35550237,
              45.39192097
            ],
            [
              9.3554627,
              45.39191434
            ],
            [
              9.35521401,
              45.39188873
            ],
            [
              9.35500083,
              45.3918658
            ],
            [
              9.35480774,
              45.39184347
            ],
            [
              9.35466357,
              45.39182698
            ],
            [
              9.35448531,
              45.39182073
            ],
            [
              9.35428232,
              45.39180088
            ],
            [
              9.35405173,
              45.39177284
            ],
            [
              9.35390672,
              45.39175342
            ],
            [
              9.35400553,
              45.39134574
            ],
            [
              9.35411424,
              45.39092739
            ],
            [
              9.35415289,
              45.39077409
            ],
            [
              9.35418957,
              45.39062788
            ],
            [
              9.35420956,
              45.39055389
            ],
            [
              9.35384074,
              45.3905036
            ],
            [
              9.35381726,
              45.39050121
            ],
            [
              9.35387364,
              45.39027603
            ],
            [
              9.35382179,
              45.39022303
            ],
            [
              9.35346733,
              45.39018236
            ],
            [
              9.35327425,
              45.39016124
            ],
            [
              9.35313635,
              45.3901448
            ],
            [
              9.35306715,
              45.39018234
            ],
            [
              9.35298201,
              45.39047219
            ],
            [
              9.35291514,
              45.39069438
            ],
            [
              9.35285846,
              45.3906785
            ],
            [
              9.35284513,
              45.39069735
            ],
            [
              9.35281349,
              45.39068529
            ],
            [
              9.35253473,
              45.39059468
            ],
            [
              9.35239587,
              45.39054793
            ],
            [
              9.35230441,
              45.39051641
            ],
            [
              9.35219202,
              45.39050306
            ],
            [
              9.35202149,
              45.39050053
            ],
            [
              9.35188047,
              45.39049783
            ],
            [
              9.3517816,
              45.39049405
            ],
            [
              9.35173549,
              45.39046886
            ],
            [
              9.35172729,
              45.39042992
            ],
            [
              9.35173226,
              45.39035463
            ],
            [
              9.35173924,
              45.3902825
            ],
            [
              9.35174247,
              45.39023598
            ],
            [
              9.35166423,
              45.39019801
            ],
            [
              9.3516584,
              45.39022505
            ],
            [
              9.35158507,
              45.39027233
            ],
            [
              9.35148099,
              45.39032988
            ],
            [
              9.35103796,
              45.39053335
            ],
            [
              9.35093956,
              45.39063169
            ],
            [
              9.35079812,
              45.39088224
            ],
            [
              9.35083496,
              45.39092058
            ],
            [
              9.35088769,
              45.39093225
            ],
            [
              9.35096353,
              45.39095188
            ],
            [
              9.35101362,
              45.39097567
            ],
            [
              9.35116148,
              45.39108037
            ],
            [
              9.35135838,
              45.39122269
            ],
            [
              9.35144157,
              45.39128228
            ],
            [
              9.35154733,
              45.39139482
            ],
            [
              9.35170806,
              45.3915651
            ],
            [
              9.35159642,
              45.39156943
            ],
            [
              9.35152213,
              45.3915745
            ],
            [
              9.3511501,
              45.39158093
            ],
            [
              9.35098407,
              45.3915845
            ],
            [
              9.35064178,
              45.3915908
            ],
            [
              9.3502068,
              45.39162081
            ],
            [
              9.34992719,
              45.39163943
            ],
            [
              9.34976012,
              45.39165095
            ],
            [
              9.34964506,
              45.39165735
            ],
            [
              9.34953911,
              45.39166711
            ],
            [
              9.34942215,
              45.39167692
            ],
            [
              9.34932743,
              45.3916836
            ],
            [
              9.34920548,
              45.39169444
            ],
            [
              9.34918425,
              45.39170082
            ],
            [
              9.34916714,
              45.39170651
            ],
            [
              9.3489662,
              45.39163954
            ],
            [
              9.34889685,
              45.39178019
            ],
            [
              9.34886788,
              45.39184717
            ],
            [
              9.34883512,
              45.39192294
            ],
            [
              9.3487791,
              45.39206408
            ],
            [
              9.34875398,
              45.39213421
            ],
            [
              9.348748682645645,
              45.39213388443894
            ],
            [
              9.34872385,
              45.39220526
            ],
            [
              9.34863983,
              45.39239422
            ],
            [
              9.34860142,
              45.39248063
            ],
            [
              9.3484855,
              45.39271898
            ],
            [
              9.3484157,
              45.39281354
            ],
            [
              9.34840504,
              45.39284986
            ],
            [
              9.34838724,
              45.39289923
            ],
            [
              9.34833898,
              45.39302322
            ],
            [
              9.34829135,
              45.39313014
            ],
            [
              9.34823966,
              45.39324858
            ],
            [
              9.3482168,
              45.39325051
            ],
            [
              9.34816155,
              45.39325518
            ],
            [
              9.34798302,
              45.39327537
            ],
            [
              9.34795792,
              45.39327866
            ],
            [
              9.34787443,
              45.39328957
            ],
            [
              9.34770821,
              45.39330283
            ],
            [
              9.3475538,
              45.39331448
            ],
            [
              9.34744818,
              45.39332244
            ],
            [
              9.34736865,
              45.39332784
            ],
            [
              9.3473452,
              45.39332868
            ],
            [
              9.34722434,
              45.39333039
            ],
            [
              9.34708055,
              45.3933186
            ],
            [
              9.34707967,
              45.39331207
            ],
            [
              9.34702265,
              45.39330935
            ],
            [
              9.34699096,
              45.39331046
            ],
            [
              9.34691793,
              45.39332142
            ],
            [
              9.34682452,
              45.39333968
            ],
            [
              9.34676605,
              45.39337358
            ],
            [
              9.34671431,
              45.3934177
            ],
            [
              9.34668883,
              45.39347966
            ],
            [
              9.34667131,
              45.3935183
            ],
            [
              9.34662631,
              45.39366609
            ],
            [
              9.34659866,
              45.39375096
            ],
            [
              9.34660065,
              45.3937686
            ],
            [
              9.34656712,
              45.39378074
            ],
            [
              9.34650726,
              45.3939545
            ],
            [
              9.34643924,
              45.39413697
            ],
            [
              9.34639528,
              45.39425331
            ],
            [
              9.34635388,
              45.39435883
            ],
            [
              9.34631198,
              45.39445426
            ],
            [
              9.34625679,
              45.39459303
            ],
            [
              9.34620365,
              45.39471666
            ],
            [
              9.34615719,
              45.39482113
            ],
            [
              9.34611581,
              45.3949198
            ],
            [
              9.34606065,
              45.39503945
            ],
            [
              9.3460076,
              45.39513425
            ],
            [
              9.34595711,
              45.3952222
            ],
            [
              9.34585465,
              45.39520958
            ],
            [
              9.34564163,
              45.39518933
            ],
            [
              9.34548643,
              45.39517505
            ],
            [
              9.34532411,
              45.39515716
            ],
            [
              9.34510652,
              45.39513689
            ],
            [
              9.34506286,
              45.39513466
            ],
            [
              9.3449034,
              45.39511879
            ],
            [
              9.3446822,
              45.39509707
            ],
            [
              9.34444398,
              45.39506394
            ],
            [
              9.34436371,
              45.39505314
            ],
            [
              9.34417903,
              45.39503377
            ],
            [
              9.34404411,
              45.39499986
            ],
            [
              9.3440139,
              45.39501433
            ],
            [
              9.343976,
              45.39500831
            ],
            [
              9.34393097,
              45.39500014
            ],
            [
              9.34386767,
              45.39517763
            ],
            [
              9.34380385,
              45.39535833
            ],
            [
              9.34369599,
              45.39566801
            ],
            [
              9.34367876,
              45.39571399
            ],
            [
              9.34367024,
              45.39576247
            ],
            [
              9.34361145,
              45.39577285
            ],
            [
              9.34348976,
              45.3957614
            ],
            [
              9.34330824,
              45.39573866
            ],
            [
              9.34310006,
              45.39571173
            ],
            [
              9.34292667,
              45.39568862
            ],
            [
              9.34276096,
              45.39566837
            ],
            [
              9.34258756,
              45.39564455
            ],
            [
              9.34235279,
              45.39561699
            ],
            [
              9.34210932,
              45.3955848
            ],
            [
              9.34190577,
              45.39556
            ],
            [
              9.34163418,
              45.3955272
            ],
            [
              9.34147104,
              45.39550693
            ],
            [
              9.34132422,
              45.39548516
            ],
            [
              9.3412271,
              45.39548481
            ],
            [
              9.34119488,
              45.39548062
            ],
            [
              9.34112175,
              45.39547297
            ],
            [
              9.34106249,
              45.39548004
            ],
            [
              9.34102209,
              45.39551138
            ],
            [
              9.34097204,
              45.39558749
            ],
            [
              9.34095413,
              45.39564457
            ],
            [
              9.34096571,
              45.39564574
            ],
            [
              9.34095808,
              45.39566489
            ],
            [
              9.34092559,
              45.39565501
            ],
            [
              9.34073891,
              45.39563526
            ],
            [
              9.34046014,
              45.39560379
            ],
            [
              9.34038816,
              45.39560249
            ],
            [
              9.34026409,
              45.39560233
            ],
            [
              9.33948742,
              45.39549721
            ],
            [
              9.33912895,
              45.39544909
            ],
            [
              9.33883738,
              45.39540954
            ],
            [
              9.33878018,
              45.39539917
            ],
            [
              9.33866428,
              45.39538783
            ],
            [
              9.33831014,
              45.39532574
            ],
            [
              9.33817925,
              45.39530309
            ],
            [
              9.33797047,
              45.39527798
            ],
            [
              9.33796677,
              45.39526815
            ],
            [
              9.33793665,
              45.39526547
            ],
            [
              9.33793309,
              45.39527202
            ],
            [
              9.33777238,
              45.39525393
            ],
            [
              9.33751619,
              45.39522203
            ],
            [
              9.33733184,
              45.39518671
            ],
            [
              9.33709299,
              45.3951404
            ],
            [
              9.33690064,
              45.39510005
            ],
            [
              9.33671952,
              45.39507119
            ],
            [
              9.33658031,
              45.3950415
            ],
            [
              9.33634146,
              45.3950072
            ],
            [
              9.33613105,
              45.39497515
            ],
            [
              9.3359381,
              45.39494607
            ],
            [
              9.33577379,
              45.39492589
            ],
            [
              9.33568335,
              45.39491798
            ],
            [
              9.33558473,
              45.39490694
            ],
            [
              9.3354396,
              45.39486824
            ],
            [
              9.3352505,
              45.39484961
            ],
            [
              9.33502769,
              45.39482407
            ],
            [
              9.33484014,
              45.3948032
            ],
            [
              9.33473333,
              45.39479203
            ],
            [
              9.33467298,
              45.39476524
            ],
            [
              9.33461574,
              45.39479013
            ],
            [
              9.33459764,
              45.39476919
            ],
            [
              9.33459659,
              45.39475207
            ],
            [
              9.33459584,
              45.39473985
            ],
            [
              9.33460219,
              45.39469324
            ],
            [
              9.33457774,
              45.39469068
            ],
            [
              9.33459752,
              45.39447687
            ],
            [
              9.33460123,
              45.3944535
            ],
            [
              9.33464976,
              45.39428887
            ],
            [
              9.33465001,
              45.3942496
            ],
            [
              9.33466491,
              45.3942516
            ],
            [
              9.33465937,
              45.39423577
            ],
            [
              9.33462387,
              45.39422045
            ],
            [
              9.33445732,
              45.39423253
            ],
            [
              9.33439951,
              45.39422524
            ],
            [
              9.33430211,
              45.39421873
            ],
            [
              9.33410429,
              45.3942057
            ],
            [
              9.33395621,
              45.39419075
            ],
            [
              9.3337767,
              45.39417182
            ],
            [
              9.33365618,
              45.39418126
            ],
            [
              9.3334061,
              45.39416528
            ],
            [
              9.33326955,
              45.39415708
            ],
            [
              9.3331822,
              45.39415023
            ],
            [
              9.33326505,
              45.39384775
            ],
            [
              9.33329407,
              45.39384534
            ],
            [
              9.33335483,
              45.39360993
            ],
            [
              9.33342677,
              45.39334954
            ],
            [
              9.3329832,
              45.39330153
            ],
            [
              9.33249188,
              45.39325026
            ],
            [
              9.33236465,
              45.39323765
            ],
            [
              9.33232445,
              45.3932338
            ],
            [
              9.33213327,
              45.39321633
            ],
            [
              9.33182481,
              45.39318656
            ],
            [
              9.33142176,
              45.39314856
            ],
            [
              9.3311386,
              45.39312426
            ],
            [
              9.33090859,
              45.39309972
            ],
            [
              9.33068609,
              45.39307875
            ],
            [
              9.3304513,
              45.39305597
            ],
            [
              9.33047647,
              45.3929738
            ],
            [
              9.33059921,
              45.39293224
            ],
            [
              9.33057646,
              45.39289562
            ],
            [
              9.330567109484116,
              45.39288070747426
            ],
            [
              9.33054269,
              45.39289338
            ],
            [
              9.33050762,
              45.39290288
            ],
            [
              9.33043389,
              45.39292505
            ],
            [
              9.33039894,
              45.39291919
            ],
            [
              9.33035153,
              45.39298923
            ],
            [
              9.33030471,
              45.39312549
            ],
            [
              9.33027678,
              45.39323141
            ],
            [
              9.33025231,
              45.39333337
            ],
            [
              9.33021756,
              45.39349151
            ],
            [
              9.33018196,
              45.39363706
            ],
            [
              9.33015953,
              45.39373829
            ],
            [
              9.33011997,
              45.39390212
            ],
            [
              9.33006067,
              45.39415217
            ],
            [
              9.33001708,
              45.39433152
            ],
            [
              9.32999689,
              45.39442387
            ],
            [
              9.3299725,
              45.39450695
            ],
            [
              9.32993368,
              45.39464526
            ],
            [
              9.32994433,
              45.39469745
            ],
            [
              9.32995841,
              45.39476032
            ],
            [
              9.32997233,
              45.39479744
            ],
            [
              9.33000462,
              45.39485652
            ],
            [
              9.33001856,
              45.39491016
            ],
            [
              9.3300589,
              45.395051
            ],
            [
              9.33009155,
              45.39516648
            ],
            [
              9.33010495,
              45.39521906
            ],
            [
              9.33011458,
              45.39525555
            ],
            [
              9.33013595,
              45.3953529
            ],
            [
              9.33015907,
              45.39543954
            ],
            [
              9.33016909,
              45.39547974
            ],
            [
              9.33017325,
              45.39549646
            ],
            [
              9.33018215,
              45.39552761
            ],
            [
              9.33021292,
              45.39564125
            ],
            [
              9.33023756,
              45.39572812
            ],
            [
              9.33024754,
              45.3957633
            ],
            [
              9.33026282,
              45.39582122
            ],
            [
              9.33029889,
              45.39596072
            ],
            [
              9.33034238,
              45.39612259
            ],
            [
              9.3303538,
              45.39616951
            ],
            [
              9.33035658,
              45.39618045
            ],
            [
              9.33036009,
              45.3961942
            ],
            [
              9.33035945,
              45.39623746
            ],
            [
              9.33041017,
              45.3962481
            ],
            [
              9.33037431,
              45.39633235
            ],
            [
              9.33036011,
              45.39634547
            ],
            [
              9.33031351,
              45.39644643
            ],
            [
              9.3302895,
              45.39649841
            ],
            [
              9.33025598,
              45.39657102
            ],
            [
              9.3301049,
              45.39689823
            ],
            [
              9.33021136,
              45.3969405
            ],
            [
              9.3303187,
              45.3969831
            ],
            [
              9.33042306,
              45.39702451
            ],
            [
              9.33054363,
              45.39707238
            ],
            [
              9.33052737,
              45.39709171
            ],
            [
              9.33054663,
              45.39710037
            ],
            [
              9.33036792,
              45.39730053
            ],
            [
              9.33024388,
              45.39724973
            ],
            [
              9.33014369,
              45.3972087
            ],
            [
              9.33003877,
              45.39716571
            ],
            [
              9.32992725,
              45.39712003
            ],
            [
              9.32989891,
              45.39717632
            ],
            [
              9.32987686,
              45.39721613
            ],
            [
              9.32983159,
              45.39729787
            ],
            [
              9.32970565,
              45.3975398
            ],
            [
              9.32960796,
              45.39773909
            ],
            [
              9.32953358,
              45.39787255
            ],
            [
              9.32944404,
              45.3980259
            ],
            [
              9.32940079,
              45.39810019
            ],
            [
              9.32938473,
              45.39813091
            ],
            [
              9.32936488,
              45.39814275
            ],
            [
              9.3293657,
              45.39817201
            ],
            [
              9.32938973,
              45.39819018
            ],
            [
              9.3295316,
              45.39829464
            ],
            [
              9.3295931,
              45.39833993
            ],
            [
              9.32974738,
              45.39845224
            ],
            [
              9.32963008,
              45.39850972
            ],
            [
              9.32958249,
              45.39853304
            ],
            [
              9.3295503,
              45.39854885
            ],
            [
              9.32958681,
              45.3985854
            ],
            [
              9.32966652,
              45.39866825
            ],
            [
              9.32978331,
              45.39878334
            ],
            [
              9.32988216,
              45.39888502
            ],
            [
              9.32998939,
              45.3988328
            ],
            [
              9.3302939,
              45.39868087
            ],
            [
              9.33032582,
              45.39866468
            ],
            [
              9.33042184,
              45.39861596
            ],
            [
              9.33058679,
              45.39853545
            ],
            [
              9.33070572,
              45.39847924
            ],
            [
              9.3311391,
              45.39857851
            ],
            [
              9.33117917,
              45.39858769
            ],
            [
              9.33118315,
              45.39872365
            ],
            [
              9.331194,
              45.39895207
            ],
            [
              9.33118759,
              45.39899311
            ],
            [
              9.3311016,
              45.39926261
            ],
            [
              9.33111067,
              45.39931352
            ],
            [
              9.33104974,
              45.39948696
            ],
            [
              9.33100951,
              45.39961029
            ],
            [
              9.33097179,
              45.39972347
            ],
            [
              9.33093057,
              45.39985369
            ],
            [
              9.3308738,
              45.40004046
            ],
            [
              9.33081856,
              45.40022251
            ],
            [
              9.33079195,
              45.40031027
            ],
            [
              9.33075019,
              45.40043687
            ],
            [
              9.33074645,
              45.40051534
            ],
            [
              9.33074227,
              45.40052436
            ],
            [
              9.3307489,
              45.40052918
            ],
            [
              9.33076351,
              45.40053979
            ],
            [
              9.33079841,
              45.40052014
            ],
            [
              9.33087952,
              45.40053266
            ],
            [
              9.33087653,
              45.40054316
            ],
            [
              9.33104129,
              45.40057216
            ],
            [
              9.33139257,
              45.40061237
            ],
            [
              9.3316896,
              45.40064688
            ],
            [
              9.3319826,
              45.40067996
            ],
            [
              9.33250982,
              45.40075783
            ],
            [
              9.33273644,
              45.40079467
            ],
            [
              9.33304001,
              45.40084195
            ],
            [
              9.33308113,
              45.40088791
            ],
            [
              9.33311895,
              45.40089412
            ],
            [
              9.33332251,
              45.40092805
            ],
            [
              9.33363174,
              45.40097953
            ],
            [
              9.3336146,
              45.40103484
            ],
            [
              9.33356941,
              45.40118744
            ],
            [
              9.33354291,
              45.40127275
            ],
            [
              9.33351848,
              45.40135558
            ],
            [
              9.33349868,
              45.40143989
            ],
            [
              9.33348823,
              45.40149312
            ],
            [
              9.33344348,
              45.40166352
            ],
            [
              9.33339356,
              45.40184292
            ],
            [
              9.33337061,
              45.40194137
            ],
            [
              9.33334669,
              45.4020278
            ],
            [
              9.33330819,
              45.40217396
            ],
            [
              9.33327281,
              45.4023089
            ],
            [
              9.33324417,
              45.40242106
            ],
            [
              9.33318695,
              45.4026334
            ],
            [
              9.3331514,
              45.40281337
            ],
            [
              9.33316782,
              45.40281757
            ],
            [
              9.33316055,
              45.40284181
            ],
            [
              9.33312308,
              45.40283585
            ],
            [
              9.3327093,
              45.40277596
            ],
            [
              9.33258043,
              45.40275321
            ],
            [
              9.33235764,
              45.40271966
            ],
            [
              9.33207696,
              45.4026767
            ],
            [
              9.33198238,
              45.40266095
            ],
            [
              9.33154964,
              45.40260033
            ],
            [
              9.3310919,
              45.40253959
            ],
            [
              9.33052254,
              45.40246433
            ],
            [
              9.3304645,
              45.40246324
            ],
            [
              9.3304518,
              45.40245968
            ],
            [
              9.33040687,
              45.40244569
            ],
            [
              9.33021488,
              45.40242816
            ],
            [
              9.32979447,
              45.40238772
            ],
            [
              9.32973818,
              45.40238343
            ],
            [
              9.32968747,
              45.40237806
            ],
            [
              9.32964547,
              45.4023734
            ],
            [
              9.32946271,
              45.40235911
            ],
            [
              9.32929158,
              45.40232322
            ],
            [
              9.32901883,
              45.40226242
            ],
            [
              9.32894938,
              45.40225335
            ],
            [
              9.32869418,
              45.40221099
            ],
            [
              9.3285587,
              45.40219047
            ],
            [
              9.32829686,
              45.402148
            ],
            [
              9.32817133,
              45.40212733
            ],
            [
              9.32803249,
              45.40210662
            ],
            [
              9.32790594,
              45.4020852
            ],
            [
              9.32774352,
              45.40206015
            ],
            [
              9.32772251,
              45.40205725
            ],
            [
              9.32764572,
              45.40204782
            ],
            [
              9.32740672,
              45.40202344
            ],
            [
              9.32742292,
              45.40195942
            ],
            [
              9.32746286,
              45.40181771
            ],
            [
              9.32752255,
              45.40160767
            ],
            [
              9.32756544,
              45.40145481
            ],
            [
              9.32759904,
              45.40134295
            ],
            [
              9.32765038,
              45.40116673
            ],
            [
              9.32769187,
              45.40102862
            ],
            [
              9.3277263,
              45.40089481
            ],
            [
              9.32779639,
              45.40062527
            ],
            [
              9.32784577,
              45.40043637
            ],
            [
              9.32787838,
              45.40031664
            ],
            [
              9.32789077,
              45.40027399
            ],
            [
              9.32792688,
              45.4001453
            ],
            [
              9.32789594,
              45.40010975
            ],
            [
              9.32781823,
              45.40006396
            ],
            [
              9.3274441,
              45.39986002
            ],
            [
              9.32737426,
              45.39982011
            ],
            [
              9.32756248,
              45.39976814
            ],
            [
              9.32760492,
              45.39974358
            ],
            [
              9.32780392,
              45.39962122
            ],
            [
              9.32785287,
              45.39959336
            ],
            [
              9.32803504,
              45.39943472
            ],
            [
              9.32810894,
              45.39936886
            ],
            [
              9.32816647,
              45.39932387
            ],
            [
              9.32826261,
              45.3992537
            ],
            [
              9.3284298,
              45.39919071
            ],
            [
              9.32831973,
              45.39911736
            ],
            [
              9.32804464,
              45.39893616
            ],
            [
              9.32801847,
              45.39891921
            ],
            [
              9.32792393,
              45.3988579
            ],
            [
              9.32745948,
              45.39864533
            ],
            [
              9.32739158,
              45.39861816
            ],
            [
              9.32733654,
              45.3986145
            ],
            [
              9.32720558,
              45.39864728
            ],
            [
              9.3269295,
              45.3987606
            ],
            [
              9.32680292,
              45.39883361
            ],
            [
              9.32672991,
              45.39889567
            ],
            [
              9.32667857,
              45.39890979
            ],
            [
              9.32652423,
              45.39898817
            ],
            [
              9.32648258,
              45.39897699
            ],
            [
              9.32590457,
              45.39850777
            ],
            [
              9.32572063,
              45.39838239
            ],
            [
              9.3256673,
              45.39836232
            ],
            [
              9.32560626,
              45.39834733
            ],
            [
              9.32552519,
              45.39832733
            ],
            [
              9.32543896,
              45.39831345
            ],
            [
              9.32531528,
              45.39829282
            ],
            [
              9.32522854,
              45.39827895
            ],
            [
              9.32514024,
              45.3982658
            ],
            [
              9.32461026,
              45.39814334
            ],
            [
              9.32429102,
              45.39809248
            ],
            [
              9.32391313,
              45.39805724
            ],
            [
              9.3238465,
              45.39805057
            ],
            [
              9.32381651,
              45.39804758
            ],
            [
              9.32376885,
              45.39804457
            ],
            [
              9.32371342,
              45.39803893
            ],
            [
              9.32345056,
              45.39801027
            ],
            [
              9.32311944,
              45.39797241
            ],
            [
              9.32284786,
              45.39794199
            ],
            [
              9.32272777,
              45.39792207
            ],
            [
              9.32262636,
              45.39790516
            ],
            [
              9.32245533,
              45.39787627
            ],
            [
              9.32238109,
              45.39786562
            ],
            [
              9.32233341,
              45.39785675
            ],
            [
              9.32234654,
              45.39779032
            ],
            [
              9.32234894,
              45.39775823
            ],
            [
              9.32234192,
              45.39767671
            ],
            [
              9.32210461,
              45.39764214
            ],
            [
              9.32180729,
              45.39759628
            ],
            [
              9.32161457,
              45.39756654
            ],
            [
              9.32157142,
              45.39755862
            ],
            [
              9.32127504,
              45.39751398
            ],
            [
              9.32100484,
              45.39747222
            ],
            [
              9.32091554,
              45.39747076
            ],
            [
              9.32040124,
              45.39753854
            ],
            [
              9.31936978,
              45.39770612
            ],
            [
              9.31927934,
              45.3977233
            ],
            [
              9.319260837688713,
              45.397726183804174
            ],
            [
              9.31925948,
              45.39772941
            ],
            [
              9.3192231,
              45.39781182
            ],
            [
              9.31914161,
              45.39800829
            ],
            [
              9.31906934,
              45.39816482
            ],
            [
              9.31899912,
              45.3983192
            ],
            [
              9.31889456,
              45.39854662
            ],
            [
              9.31880174,
              45.39873438
            ],
            [
              9.31869174,
              45.39896228
            ],
            [
              9.31862285,
              45.39910668
            ],
            [
              9.31854864,
              45.39926076
            ],
            [
              9.31848817,
              45.39939372
            ],
            [
              9.31842273,
              45.39949885
            ],
            [
              9.31832835,
              45.39961607
            ],
            [
              9.31824199,
              45.39971841
            ],
            [
              9.3181414,
              45.39982552
            ],
            [
              9.31794417,
              45.39996017
            ],
            [
              9.31772308,
              45.40010903
            ],
            [
              9.31764335,
              45.40013415
            ],
            [
              9.31757335,
              45.40012738
            ],
            [
              9.31743583,
              45.40009498
            ],
            [
              9.31728399,
              45.40005821
            ],
            [
              9.31712719,
              45.40002117
            ],
            [
              9.31706212,
              45.4000049
            ],
            [
              9.31697603,
              45.39998334
            ],
            [
              9.31695727,
              45.39997963
            ],
            [
              9.316822,
              45.39995821
            ],
            [
              9.31675842,
              45.3999472
            ],
            [
              9.31665577,
              45.39993804
            ],
            [
              9.31634837,
              45.39991379
            ],
            [
              9.31616085,
              45.3999066
            ],
            [
              9.31599506,
              45.39991284
            ],
            [
              9.31580059,
              45.399954
            ],
            [
              9.31573955,
              45.39996522
            ],
            [
              9.31556741,
              45.39995297
            ],
            [
              9.31545168,
              45.39993999
            ],
            [
              9.31535018,
              45.39992664
            ],
            [
              9.31515337,
              45.39988694
            ],
            [
              9.31502249,
              45.39986024
            ],
            [
              9.31493821,
              45.39984585
            ],
            [
              9.31467976,
              45.39979867
            ],
            [
              9.31439067,
              45.39974792
            ],
            [
              9.31416696,
              45.39970614
            ],
            [
              9.31390188,
              45.39965609
            ],
            [
              9.31347488,
              45.39957506
            ],
            [
              9.31326598,
              45.39952498
            ],
            [
              9.31294727,
              45.39945003
            ],
            [
              9.31263373,
              45.39937381
            ],
            [
              9.31221956,
              45.39929684
            ],
            [
              9.31199524,
              45.39924465
            ],
            [
              9.31182872,
              45.39920674
            ],
            [
              9.31165797,
              45.39916277
            ],
            [
              9.31150286,
              45.39912418
            ],
            [
              9.31140334,
              45.39908241
            ],
            [
              9.31124753,
              45.39901355
            ],
            [
              9.31123399,
              45.39900961
            ],
            [
              9.31096114,
              45.39892964
            ],
            [
              9.31082573,
              45.39890675
            ],
            [
              9.31080693,
              45.39890648
            ],
            [
              9.31071886,
              45.3989233
            ],
            [
              9.3107039,
              45.39890026
            ],
            [
              9.31064809,
              45.39892654
            ],
            [
              9.31056544,
              45.39905325
            ],
            [
              9.31052787,
              45.39911819
            ],
            [
              9.31011225,
              45.39903159
            ],
            [
              9.31009635,
              45.39905422
            ],
            [
              9.30993467,
              45.39901252
            ],
            [
              9.30960716,
              45.39897912
            ],
            [
              9.30966138,
              45.39895139
            ],
            [
              9.30968713,
              45.3989328
            ],
            [
              9.30971542,
              45.39891453
            ],
            [
              9.30978154,
              45.39883594
            ],
            [
              9.3098266,
              45.39868798
            ],
            [
              9.30986214,
              45.39855255
            ],
            [
              9.3099132,
              45.39836658
            ],
            [
              9.3098488,
              45.39820924
            ],
            [
              9.30984464,
              45.39814001
            ],
            [
              9.30995893,
              45.39788657
            ],
            [
              9.31008638,
              45.39787036
            ],
            [
              9.31014136,
              45.39778083
            ],
            [
              9.31020615,
              45.39769048
            ],
            [
              9.3103015,
              45.39758502
            ],
            [
              9.31039787,
              45.3974861
            ],
            [
              9.31043567,
              45.39744373
            ],
            [
              9.31059262,
              45.39730139
            ],
            [
              9.31043441,
              45.39704444
            ],
            [
              9.31033446,
              45.3969178
            ],
            [
              9.31008129,
              45.39667063
            ],
            [
              9.30954779,
              45.3962403
            ]
          ]
        ]
      }
    },
    {
      "type": "Feature",
      "properties": {
        "name": "Melegnano",
        "istat_code": "015140",
        "administrative_unit": "F100",
        "sheet_count": 16,
        "source": "Agenzia Entrate WFS CP:CadastralZoning, fogli catastali raggruppati per comune"
      },
      "geometry": {
        "type": "Polygon",
        "coordinates": [
          [
            [
              9.29665885,
              45.3486761
            ],
            [
              9.29666865,
              45.34861877
            ],
            [
              9.29675323,
              45.34848114
            ],
            [
              9.29689658,
              45.34827122
            ],
            [
              9.2969306,
              45.34822964
            ],
            [
              9.29759866,
              45.34744397
            ],
            [
              9.29767974,
              45.34740781
            ],
            [
              9.29786821,
              45.34739121
            ],
            [
              9.29898828,
              45.347396
            ],
            [
              9.29899633,
              45.34736936
            ],
            [
              9.29901883,
              45.34737183
            ],
            [
              9.299020334564798,
              45.34736895100727
            ],
            [
              9.29901349,
              45.34736835
            ],
            [
              9.29901748,
              45.34734998
            ],
            [
              9.29903477,
              45.34731272
            ],
            [
              9.29909749,
              45.34722683
            ],
            [
              9.29915768,
              45.34714819
            ],
            [
              9.29918722,
              45.34709895
            ],
            [
              9.29921833,
              45.34705727
            ],
            [
              9.29928974,
              45.34696701
            ],
            [
              9.29938153,
              45.34684381
            ],
            [
              9.29942589,
              45.34678438
            ],
            [
              9.2994779,
              45.34671372
            ],
            [
              9.29953862,
              45.3466394
            ],
            [
              9.29960494,
              45.34656145
            ],
            [
              9.29964473,
              45.3465107
            ],
            [
              9.29973497,
              45.34638461
            ],
            [
              9.29979768,
              45.34629585
            ],
            [
              9.29988794,
              45.34617734
            ],
            [
              9.29999246,
              45.34603024
            ],
            [
              9.30008528,
              45.34590847
            ],
            [
              9.30015824,
              45.34582434
            ],
            [
              9.30020574,
              45.34578619
            ],
            [
              9.30031877,
              45.3457455
            ],
            [
              9.30042411,
              45.34569981
            ],
            [
              9.30072579,
              45.34556461
            ],
            [
              9.30095742,
              45.34546084
            ],
            [
              9.30123966,
              45.34533442
            ],
            [
              9.30139561,
              45.34526282
            ],
            [
              9.30150891,
              45.34521979
            ],
            [
              9.30153776,
              45.34528423
            ],
            [
              9.30158668,
              45.34527882
            ],
            [
              9.30164973,
              45.34525832
            ],
            [
              9.30171838,
              45.34523783
            ],
            [
              9.30185936,
              45.34521878
            ],
            [
              9.30193009,
              45.34520691
            ],
            [
              9.30204764,
              45.34518785
            ],
            [
              9.30217076,
              45.34516233
            ],
            [
              9.30244002,
              45.34513069
            ],
            [
              9.30264611,
              45.34509438
            ],
            [
              9.30282171,
              45.34507496
            ],
            [
              9.3031036,
              45.34502354
            ],
            [
              9.30334377,
              45.34497967
            ],
            [
              9.3036979,
              45.34491424
            ],
            [
              9.30400627,
              45.34486137
            ],
            [
              9.3042439,
              45.34481664
            ],
            [
              9.30434109,
              45.34479678
            ],
            [
              9.30440316,
              45.34478274
            ],
            [
              9.30447586,
              45.34476614
            ],
            [
              9.30460271,
              45.34473444
            ],
            [
              9.30466576,
              45.34470833
            ],
            [
              9.30475357,
              45.34466245
            ],
            [
              9.30483069,
              45.34462327
            ],
            [
              9.30489142,
              45.34457593
            ],
            [
              9.3049889,
              45.34449943
            ],
            [
              9.30505422,
              45.34444445
            ],
            [
              9.30516689,
              45.3443417
            ],
            [
              9.30525209,
              45.34426617
            ],
            [
              9.30534827,
              45.34419403
            ],
            [
              9.30545996,
              45.34411231
            ],
            [
              9.30554636,
              45.34405116
            ],
            [
              9.3056601,
              45.34394979
            ],
            [
              9.30577168,
              45.34382722
            ],
            [
              9.30586515,
              45.34375064
            ],
            [
              9.30600272,
              45.34362231
            ],
            [
              9.30619425,
              45.34346879
            ],
            [
              9.30640098,
              45.34329694
            ],
            [
              9.30668037,
              45.34306755
            ],
            [
              9.30697195,
              45.34283026
            ],
            [
              9.30706138,
              45.34275785
            ],
            [
              9.30711882,
              45.34271377
            ],
            [
              9.30712853,
              45.34271519
            ],
            [
              9.30716951,
              45.34274063
            ],
            [
              9.30716344,
              45.34274965
            ],
            [
              9.30727517,
              45.34282748
            ],
            [
              9.3074674,
              45.34296736
            ],
            [
              9.30772733,
              45.34315963
            ],
            [
              9.30806285,
              45.34341163
            ],
            [
              9.30831722,
              45.34359979
            ],
            [
              9.30876712,
              45.34393288
            ],
            [
              9.30928458,
              45.34431845
            ],
            [
              9.30977819,
              45.34469134
            ],
            [
              9.3102022,
              45.34500936
            ],
            [
              9.31040059,
              45.3451603
            ],
            [
              9.31041962,
              45.34517536
            ],
            [
              9.31063908,
              45.34534136
            ],
            [
              9.31092739,
              45.34555539
            ],
            [
              9.31127207,
              45.34581189
            ],
            [
              9.31168132,
              45.34611469
            ],
            [
              9.31208442,
              45.34641639
            ],
            [
              9.31236085,
              45.34662151
            ],
            [
              9.31255573,
              45.34676529
            ],
            [
              9.31269908,
              45.34687224
            ],
            [
              9.3128329,
              45.34697178
            ],
            [
              9.31332053,
              45.34733087
            ],
            [
              9.31391458,
              45.34776341
            ],
            [
              9.31425743,
              45.34802001
            ],
            [
              9.31451685,
              45.34820814
            ],
            [
              9.31467037,
              45.34832282
            ],
            [
              9.31496612,
              45.34853928
            ],
            [
              9.31541951,
              45.34887507
            ],
            [
              9.31582788,
              45.34917897
            ],
            [
              9.3161994,
              45.3494571
            ],
            [
              9.31655404,
              45.34971694
            ],
            [
              9.31681708,
              45.34991227
            ],
            [
              9.31688397,
              45.34997289
            ],
            [
              9.31692253,
              45.3500035
            ],
            [
              9.31713664,
              45.35017066
            ],
            [
              9.31742462,
              45.35038261
            ],
            [
              9.31763872,
              45.35054798
            ],
            [
              9.31800673,
              45.35081047
            ],
            [
              9.31842711,
              45.35111313
            ],
            [
              9.31870984,
              45.3513053
            ],
            [
              9.31891337,
              45.35144803
            ],
            [
              9.318907404873544,
              45.35145277582757
            ],
            [
              9.31914234,
              45.35162085
            ],
            [
              9.31947334,
              45.3518558
            ],
            [
              9.31970548,
              45.3520231
            ],
            [
              9.31976635,
              45.35206238
            ],
            [
              9.3200675,
              45.35226614
            ],
            [
              9.32031244,
              45.35243563
            ],
            [
              9.32048442,
              45.35255956
            ],
            [
              9.32059358,
              45.35264248
            ],
            [
              9.32066322,
              45.35269203
            ],
            [
              9.32068883,
              45.35271084
            ],
            [
              9.32081843,
              45.35277581
            ],
            [
              9.32089888,
              45.35280679
            ],
            [
              9.3209223,
              45.35281569
            ],
            [
              9.32088286,
              45.35284643
            ],
            [
              9.32083777,
              45.35287172
            ],
            [
              9.32094789,
              45.35295441
            ],
            [
              9.32103296,
              45.35301702
            ],
            [
              9.32114906,
              45.35309181
            ],
            [
              9.3211799,
              45.35304639
            ],
            [
              9.32122732,
              45.35306096
            ],
            [
              9.32134657,
              45.3531002
            ],
            [
              9.32153478,
              45.35315911
            ],
            [
              9.32157569,
              45.35317224
            ],
            [
              9.32164963772305,
              45.353226030708726
            ],
            [
              9.32165435,
              45.35322346
            ],
            [
              9.32158623,
              45.35317441
            ],
            [
              9.32157996,
              45.35317114
            ],
            [
              9.32154967,
              45.35316124
            ],
            [
              9.32151259,
              45.35314951
            ],
            [
              9.32139046,
              45.35311156
            ],
            [
              9.32127383,
              45.35307449
            ],
            [
              9.32122523,
              45.35306024
            ],
            [
              9.32117561,
              45.35304421
            ],
            [
              9.32120547,
              45.35299767
            ],
            [
              9.32127533,
              45.35288908
            ],
            [
              9.32131735,
              45.35282522
            ],
            [
              9.32137002,
              45.35274728
            ],
            [
              9.32139736,
              45.35270615
            ],
            [
              9.32140898,
              45.35268452
            ],
            [
              9.32141303,
              45.35267694
            ],
            [
              9.32143427,
              45.35264051
            ],
            [
              9.32147923,
              45.35255468
            ],
            [
              9.32149883,
              45.35251881
            ],
            [
              9.3215286,
              45.35246436
            ],
            [
              9.3215403,
              45.35244295
            ],
            [
              9.32154324,
              45.35243751
            ],
            [
              9.32156979,
              45.35238825
            ],
            [
              9.32159025,
              45.35235031
            ],
            [
              9.32159816,
              45.35233572
            ],
            [
              9.32159875,
              45.35233463
            ],
            [
              9.32161217,
              45.35230255
            ],
            [
              9.32163612,
              45.35225623
            ],
            [
              9.32165657,
              45.3522149
            ],
            [
              9.32166506,
              45.3521971
            ],
            [
              9.32169244,
              45.35213964
            ],
            [
              9.32171787,
              45.35208623
            ],
            [
              9.32177167,
              45.35196967
            ],
            [
              9.32177281,
              45.35196744
            ],
            [
              9.32179553,
              45.35192311
            ],
            [
              9.32181635,
              45.35188088
            ],
            [
              9.32183922,
              45.35183936
            ],
            [
              9.32188841,
              45.35172606
            ],
            [
              9.32203654,
              45.35139406
            ],
            [
              9.32222536,
              45.3510014
            ],
            [
              9.32232479,
              45.3507791
            ],
            [
              9.32240659,
              45.35079362
            ],
            [
              9.32241733,
              45.35079611
            ],
            [
              9.3226073,
              45.35083139
            ],
            [
              9.32269642,
              45.35084851
            ],
            [
              9.32274988,
              45.35085778
            ],
            [
              9.32292708,
              45.35089201
            ],
            [
              9.32300499,
              45.35090734
            ],
            [
              9.3230442,
              45.35091447
            ],
            [
              9.32305387,
              45.35091589
            ],
            [
              9.32310224,
              45.35092516
            ],
            [
              9.3231221,
              45.35092872
            ],
            [
              9.3231435,
              45.35093265
            ],
            [
              9.32314909,
              45.35093371
            ],
            [
              9.32319695,
              45.35093938
            ],
            [
              9.32322393,
              45.35094366
            ],
            [
              9.32322801,
              45.350944
            ],
            [
              9.32323819,
              45.35094362
            ],
            [
              9.32328198,
              45.35094282
            ],
            [
              9.32328758,
              45.3509428
            ],
            [
              9.32332016,
              45.35094454
            ],
            [
              9.32332322,
              45.35094597
            ],
            [
              9.323377613881568,
              45.3509679609094
            ],
            [
              9.32337949,
              45.35096664
            ],
            [
              9.32346911,
              45.35089837
            ],
            [
              9.32361562,
              45.35079074
            ],
            [
              9.32374372,
              45.3506997
            ],
            [
              9.32384777,
              45.35062745
            ],
            [
              9.32387852,
              45.35060685
            ],
            [
              9.32391344,
              45.35058769
            ],
            [
              9.32394013,
              45.3505725
            ],
            [
              9.32399551,
              45.35053601
            ],
            [
              9.32409138,
              45.35047205
            ],
            [
              9.32412215,
              45.35045218
            ],
            [
              9.3241812,
              45.35041964
            ],
            [
              9.32422071,
              45.35039687
            ],
            [
              9.32432265,
              45.35040231
            ],
            [
              9.32439771,
              45.35035882
            ],
            [
              9.32455966,
              45.35026895
            ],
            [
              9.32463882,
              45.35022257
            ],
            [
              9.32477611,
              45.35015046
            ],
            [
              9.32495337,
              45.35005764
            ],
            [
              9.32503659,
              45.35001466
            ],
            [
              9.32515451,
              45.34995455
            ],
            [
              9.3252566,
              45.34990462
            ],
            [
              9.32530667,
              45.34987478
            ],
            [
              9.32538892,
              45.34982387
            ],
            [
              9.32544303,
              45.34979287
            ],
            [
              9.32536219,
              45.34971719
            ],
            [
              9.32531067,
              45.3496669
            ],
            [
              9.32528624,
              45.34964839
            ],
            [
              9.3251635,
              45.34954222
            ],
            [
              9.32509006,
              45.3494666
            ],
            [
              9.32501713,
              45.34938881
            ],
            [
              9.32494412,
              45.34930038
            ],
            [
              9.32486958,
              45.34920799
            ],
            [
              9.32486264,
              45.34914357
            ],
            [
              9.32485705,
              45.34909608
            ],
            [
              9.32486104,
              45.34908707
            ],
            [
              9.32487115,
              45.34901539
            ],
            [
              9.32487967,
              45.3489711
            ],
            [
              9.32490715,
              45.34890911
            ],
            [
              9.32494998,
              45.34880604
            ],
            [
              9.32498508,
              45.3487343
            ],
            [
              9.32501722,
              45.34867122
            ],
            [
              9.32504379,
              45.34860811
            ],
            [
              9.32505911,
              45.34857287
            ],
            [
              9.32510207,
              45.34849721
            ],
            [
              9.32516351,
              45.34844444
            ],
            [
              9.32525224,
              45.34846919
            ],
            [
              9.32540371,
              45.34851267
            ],
            [
              9.3254802,
              45.34853495
            ],
            [
              9.3255924,
              45.34856149
            ],
            [
              9.32573418,
              45.34859546
            ],
            [
              9.32579795,
              45.3486054
            ],
            [
              9.32589691,
              45.3486189
            ],
            [
              9.32599025,
              45.34863838
            ],
            [
              9.32613815,
              45.34867024
            ],
            [
              9.32617029,
              45.34867662
            ],
            [
              9.32628092,
              45.34870078
            ],
            [
              9.32647057,
              45.34874018
            ],
            [
              9.32664238,
              45.34877495
            ],
            [
              9.32674995,
              45.3487984
            ],
            [
              9.32680063,
              45.34873708
            ],
            [
              9.32688324,
              45.3486386
            ],
            [
              9.32692125,
              45.34859243
            ],
            [
              9.32699016,
              45.34850839
            ],
            [
              9.32706262,
              45.3484211
            ],
            [
              9.32712596,
              45.34834354
            ],
            [
              9.32723137,
              45.34821945
            ],
            [
              9.32735046,
              45.34807444
            ],
            [
              9.32744978,
              45.34795541
            ],
            [
              9.32748476,
              45.34791608
            ],
            [
              9.32751816,
              45.34787469
            ],
            [
              9.32755432,
              45.34782995
            ],
            [
              9.32761394,
              45.3477589
            ],
            [
              9.32764792,
              45.34771841
            ],
            [
              9.32773609,
              45.34761164
            ],
            [
              9.32781211,
              45.34752037
            ],
            [
              9.32783745,
              45.34749152
            ],
            [
              9.32788638,
              45.34756036
            ],
            [
              9.32797199,
              45.347683
            ],
            [
              9.32818595,
              45.34798016
            ],
            [
              9.32822825,
              45.34803896
            ],
            [
              9.32831534,
              45.34816231
            ],
            [
              9.32843431,
              45.34832938
            ],
            [
              9.32860966,
              45.3485706
            ],
            [
              9.328618957459586,
              45.348567824071374
            ],
            [
              9.32860256,
              45.34854552
            ],
            [
              9.32855486,
              45.34848071
            ],
            [
              9.32854097,
              45.34846182
            ],
            [
              9.32846054,
              45.34835211
            ],
            [
              9.32837695,
              45.34823739
            ],
            [
              9.32827968,
              45.34810257
            ],
            [
              9.32823394,
              45.34803875
            ],
            [
              9.3282018,
              45.34799385
            ],
            [
              9.32813929,
              45.34790445
            ],
            [
              9.32807058,
              45.34780854
            ],
            [
              9.32798085,
              45.34768292
            ],
            [
              9.32789009,
              45.34755551
            ],
            [
              9.32784855,
              45.34749645
            ],
            [
              9.32784188,
              45.34748928
            ],
            [
              9.3278454,
              45.34748315
            ],
            [
              9.32789849,
              45.34745997
            ],
            [
              9.32792896,
              45.34742875
            ],
            [
              9.32795794,
              45.34741118
            ],
            [
              9.32803039,
              45.34736546
            ],
            [
              9.32807186,
              45.34733986
            ],
            [
              9.32809306,
              45.34731388
            ],
            [
              9.32811523,
              45.34728394
            ],
            [
              9.3281253,
              45.34726987
            ],
            [
              9.32817112,
              45.34720387
            ],
            [
              9.32825419,
              45.34708339
            ],
            [
              9.32828891,
              45.34703183
            ],
            [
              9.32832771,
              45.34697808
            ],
            [
              9.32837857,
              45.3469063
            ],
            [
              9.32842138,
              45.3468457
            ],
            [
              9.32848881,
              45.34674435
            ],
            [
              9.32856428,
              45.34663146
            ],
            [
              9.32863019,
              45.34653191
            ],
            [
              9.32869007,
              45.34644139
            ],
            [
              9.32876102,
              45.34633464
            ],
            [
              9.32882289,
              45.3462405
            ],
            [
              9.32886517,
              45.34617738
            ],
            [
              9.32894463,
              45.34605368
            ],
            [
              9.32901459,
              45.34595053
            ],
            [
              9.32905734,
              45.34588306
            ],
            [
              9.32912596,
              45.34579312
            ],
            [
              9.329133,
              45.34578121
            ],
            [
              9.32913852,
              45.34577074
            ],
            [
              9.32913746,
              45.34576535
            ],
            [
              9.32913129,
              45.34575783
            ],
            [
              9.32906669,
              45.34573963
            ],
            [
              9.3289892,
              45.34570278
            ],
            [
              9.32894044,
              45.34568024
            ],
            [
              9.32887497,
              45.345677
            ],
            [
              9.328804,
              45.34564737
            ],
            [
              9.32877564,
              45.34560199
            ],
            [
              9.32869021,
              45.34558224
            ],
            [
              9.32863227,
              45.3455632
            ],
            [
              9.32859795,
              45.34554133
            ],
            [
              9.32858672,
              45.34553812
            ],
            [
              9.32868893,
              45.34544382
            ],
            [
              9.32880446,
              45.34537393
            ],
            [
              9.32894258,
              45.34527762
            ],
            [
              9.32904293,
              45.3451987
            ],
            [
              9.32908366,
              45.34511161
            ],
            [
              9.32920206,
              45.34506737
            ],
            [
              9.32933888,
              45.34498124
            ],
            [
              9.3294188,
              45.34494327
            ],
            [
              9.32954755,
              45.34487659
            ],
            [
              9.32958526,
              45.34484357
            ],
            [
              9.3296011,
              45.34480728
            ],
            [
              9.3296279,
              45.34475525
            ],
            [
              9.32967662,
              45.34472997
            ],
            [
              9.33061201,
              45.34460456
            ],
            [
              9.33123997,
              45.34451639
            ],
            [
              9.33176416,
              45.34444637
            ],
            [
              9.33191287,
              45.34442518
            ],
            [
              9.33187771,
              45.34451177
            ],
            [
              9.33189019,
              45.34454213
            ],
            [
              9.33187959,
              45.34455958
            ],
            [
              9.33181585,
              45.34466214
            ],
            [
              9.33175718,
              45.34475141
            ],
            [
              9.33172331,
              45.34480359
            ],
            [
              9.33167724,
              45.34486911
            ],
            [
              9.33167119,
              45.34487991
            ],
            [
              9.33165618,
              45.34491838
            ],
            [
              9.33160505,
              45.3449911
            ],
            [
              9.33155192,
              45.34506958
            ],
            [
              9.3315185,
              45.34511602
            ],
            [
              9.33144109,
              45.34523049
            ],
            [
              9.33133986,
              45.34537593
            ],
            [
              9.33127205,
              45.34547493
            ],
            [
              9.33117846,
              45.34561423
            ],
            [
              9.33107575,
              45.34576578
            ],
            [
              9.33099933,
              45.34587666
            ],
            [
              9.33093357,
              45.34597493
            ],
            [
              9.33096963,
              45.34598448
            ],
            [
              9.33114998,
              45.34603014
            ],
            [
              9.33141894,
              45.34609773
            ],
            [
              9.33157664,
              45.34614025
            ],
            [
              9.33176372,
              45.34619197
            ],
            [
              9.33194978,
              45.34624407
            ],
            [
              9.33205113,
              45.34627246
            ],
            [
              9.332254,
              45.34628499
            ],
            [
              9.3323116,
              45.34628918
            ],
            [
              9.33232743,
              45.34629383
            ],
            [
              9.33236011,
              45.34630743
            ],
            [
              9.33236585,
              45.34633262
            ],
            [
              9.33236645,
              45.34634918
            ],
            [
              9.33236192,
              45.34635964
            ],
            [
              9.33232421,
              45.3463877
            ],
            [
              9.3323033,
              45.34641383
            ],
            [
              9.33229157,
              45.34643175
            ],
            [
              9.33228651,
              45.34644937
            ],
            [
              9.33227899,
              45.34649103
            ],
            [
              9.33226987,
              45.34653409
            ],
            [
              9.33224271,
              45.34661056
            ],
            [
              9.33220116,
              45.34671718
            ],
            [
              9.33216989,
              45.34680119
            ],
            [
              9.33214732,
              45.34686042
            ],
            [
              9.33212168,
              45.3469297
            ],
            [
              9.33209453,
              45.34699502
            ],
            [
              9.33206229,
              45.34709931
            ],
            [
              9.33203257,
              45.34719463
            ],
            [
              9.33200736,
              45.34727095
            ],
            [
              9.33197855,
              45.34734857
            ],
            [
              9.33194213,
              45.34745775
            ],
            [
              9.33192534,
              45.3475048
            ],
            [
              9.33190271,
              45.3475303
            ],
            [
              9.33188783,
              45.34753965
            ],
            [
              9.33187018,
              45.34754945
            ],
            [
              9.33179817,
              45.34757232
            ],
            [
              9.33171852,
              45.34759478
            ],
            [
              9.33170104,
              45.34760003
            ],
            [
              9.33169,
              45.34760983
            ],
            [
              9.33170404,
              45.34763064
            ],
            [
              9.33170708,
              45.34765493
            ],
            [
              9.33170219,
              45.34765837
            ],
            [
              9.33173365,
              45.34770318
            ],
            [
              9.33176738,
              45.34775676
            ],
            [
              9.33177031,
              45.34775556
            ],
            [
              9.33179551,
              45.34778351
            ],
            [
              9.33180248,
              45.34778064
            ],
            [
              9.33181083,
              45.34780254
            ],
            [
              9.33180847,
              45.34782128
            ],
            [
              9.33179801,
              45.34785586
            ],
            [
              9.33178075,
              45.34791457
            ],
            [
              9.33177291,
              45.34794411
            ],
            [
              9.33175306,
              45.34798914
            ],
            [
              9.33171807,
              45.34807165
            ],
            [
              9.33169508,
              45.34813037
            ],
            [
              9.33167888,
              45.34817864
            ],
            [
              9.33165274,
              45.34825465
            ],
            [
              9.33162712,
              45.34832994
            ],
            [
              9.33160082,
              45.34841248
            ],
            [
              9.33156854,
              45.34850577
            ],
            [
              9.33152778,
              45.34861878
            ],
            [
              9.33151338,
              45.34866076
            ],
            [
              9.33149821,
              45.34867726
            ],
            [
              9.33149838,
              45.34869523
            ],
            [
              9.33149311,
              45.34871579
            ],
            [
              9.33147829,
              45.34877566
            ],
            [
              9.33145473,
              45.34886151
            ],
            [
              9.33143262,
              45.34894304
            ],
            [
              9.33140761,
              45.34903321
            ],
            [
              9.33137153,
              45.34916379
            ],
            [
              9.33134058,
              45.34926408
            ],
            [
              9.33132322,
              45.34932396
            ],
            [
              9.33129138,
              45.34943326
            ],
            [
              9.33126973,
              45.34951118
            ],
            [
              9.33126146,
              45.34953499
            ],
            [
              9.33122009,
              45.34965152
            ],
            [
              9.33119522,
              45.34972045
            ],
            [
              9.33118102,
              45.3497437
            ],
            [
              9.33117645,
              45.34976359
            ],
            [
              9.33116507,
              45.34981438
            ],
            [
              9.33132504,
              45.34985507
            ],
            [
              9.33156832,
              45.34991789
            ],
            [
              9.33170683,
              45.34995358
            ],
            [
              9.33191685,
              45.3500057
            ],
            [
              9.33210496,
              45.35005495
            ],
            [
              9.33223222,
              45.35008744
            ],
            [
              9.33240444,
              45.35013099
            ],
            [
              9.33263601,
              45.35019201
            ],
            [
              9.33271831,
              45.35021379
            ],
            [
              9.33285378,
              45.35015804
            ],
            [
              9.332907267254244,
              45.35013602959265
            ],
            [
              9.3329062,
              45.35013566
            ],
            [
              9.33298509,
              45.35010335
            ],
            [
              9.33319581,
              45.35002108
            ],
            [
              9.3334876,
              45.3498959
            ],
            [
              9.33375109,
              45.34978088
            ],
            [
              9.33400567,
              45.34967193
            ],
            [
              9.33409065,
              45.34963368
            ],
            [
              9.33404204,
              45.34960134
            ],
            [
              9.33397601,
              45.34955677
            ],
            [
              9.33386189,
              45.3494784
            ],
            [
              9.33375544,
              45.34940543
            ],
            [
              9.33358144,
              45.34928463
            ],
            [
              9.33337725,
              45.34914516
            ],
            [
              9.3333358,
              45.34911603
            ],
            [
              9.33334542,
              45.34910882
            ],
            [
              9.33344266,
              45.34903491
            ],
            [
              9.33347917,
              45.34901034
            ],
            [
              9.33354709,
              45.34896234
            ],
            [
              9.33363582,
              45.34890131
            ],
            [
              9.33369869,
              45.34885799
            ],
            [
              9.3337594,
              45.34880721
            ],
            [
              9.33385607,
              45.34872974
            ],
            [
              9.33397042,
              45.34863572
            ],
            [
              9.33405341,
              45.34856835
            ],
            [
              9.33413895,
              45.34850059
            ],
            [
              9.33422502,
              45.34843284
            ],
            [
              9.33431209,
              45.34836401
            ],
            [
              9.33439512,
              45.34829912
            ],
            [
              9.33454141,
              45.34818308
            ],
            [
              9.33461586,
              45.34812648
            ],
            [
              9.33462291,
              45.34811857
            ],
            [
              9.33462887,
              45.34811378
            ],
            [
              9.33466643,
              45.34808362
            ],
            [
              9.33468762,
              45.34806242
            ],
            [
              9.33471572,
              45.3480593
            ],
            [
              9.33477086,
              45.34805095
            ],
            [
              9.33502259,
              45.34795144
            ],
            [
              9.33508616,
              45.347927
            ],
            [
              9.33514787,
              45.34788879
            ],
            [
              9.33517927,
              45.34787024
            ],
            [
              9.33521672,
              45.34784776
            ],
            [
              9.33526333,
              45.347819
            ],
            [
              9.33526882,
              45.34781561
            ],
            [
              9.33537317,
              45.34772535
            ],
            [
              9.33542037,
              45.34768582
            ],
            [
              9.33536704,
              45.34762166
            ],
            [
              9.33536237,
              45.34753973
            ],
            [
              9.33535916,
              45.34745021
            ],
            [
              9.33532749,
              45.34738919
            ],
            [
              9.33528566,
              45.34731481
            ],
            [
              9.33534795,
              45.34719849
            ],
            [
              9.33528479,
              45.34712869
            ],
            [
              9.33520964,
              45.34700872
            ],
            [
              9.33496747,
              45.34690345
            ],
            [
              9.33485341,
              45.34685299
            ],
            [
              9.33477773,
              45.34681983
            ],
            [
              9.33485754,
              45.3467938
            ],
            [
              9.33493389,
              45.34677136
            ],
            [
              9.33502957,
              45.34675645
            ],
            [
              9.33514841,
              45.34673898
            ],
            [
              9.33522388,
              45.34672808
            ],
            [
              9.33526862,
              45.34671288
            ],
            [
              9.3353702,
              45.34668679
            ],
            [
              9.33542501,
              45.34667267
            ],
            [
              9.33543557,
              45.34667012
            ],
            [
              9.33547889,
              45.34665812
            ],
            [
              9.33566201,
              45.34661362
            ],
            [
              9.33572004,
              45.34658214
            ],
            [
              9.33572468,
              45.34650435
            ],
            [
              9.33573136,
              45.34642514
            ],
            [
              9.33591023,
              45.34636555
            ],
            [
              9.33592156,
              45.34638352
            ],
            [
              9.3359654,
              45.34645112
            ],
            [
              9.33599489,
              45.34650654
            ],
            [
              9.33601455,
              45.34654325
            ],
            [
              9.33598612,
              45.3465725
            ],
            [
              9.33592018,
              45.34664149
            ],
            [
              9.33585121,
              45.34671841
            ],
            [
              9.33577561,
              45.34680804
            ],
            [
              9.33573918,
              45.34686364
            ],
            [
              9.33571004,
              45.34690769
            ],
            [
              9.33570384,
              45.34697905
            ],
            [
              9.33569868,
              45.34703959
            ],
            [
              9.33569146,
              45.34711851
            ],
            [
              9.33568836,
              45.3471567
            ],
            [
              9.33569664,
              45.34720096
            ],
            [
              9.33570596,
              45.34724917
            ],
            [
              9.33573028,
              45.34730123
            ],
            [
              9.33582499,
              45.34751133
            ],
            [
              9.33582966,
              45.34752139
            ],
            [
              9.33584932,
              45.34756521
            ],
            [
              9.3359148,
              45.34766694
            ],
            [
              9.33597877,
              45.34777332
            ],
            [
              9.33600741,
              45.34781783
            ],
            [
              9.33607699,
              45.34788427
            ],
            [
              9.33614246,
              45.34794534
            ],
            [
              9.33616342,
              45.34796463
            ],
            [
              9.33622624,
              45.34801183
            ],
            [
              9.33635748,
              45.34811231
            ],
            [
              9.33644735,
              45.34817954
            ],
            [
              9.33659852,
              45.34829397
            ],
            [
              9.33669091,
              45.34836015
            ],
            [
              9.33673391,
              45.34839194
            ],
            [
              9.33683028,
              45.3484638
            ],
            [
              9.33690543,
              45.34851692
            ],
            [
              9.3369588,
              45.34855558
            ],
            [
              9.33701155,
              45.34860497
            ],
            [
              9.33709637,
              45.34868679
            ],
            [
              9.33719877,
              45.34878448
            ],
            [
              9.33730946,
              45.34888902
            ],
            [
              9.3373917,
              45.34896617
            ],
            [
              9.33745481,
              45.34902493
            ],
            [
              9.33749672,
              45.34904982
            ],
            [
              9.33756827,
              45.34909239
            ],
            [
              9.33768144,
              45.34920967
            ],
            [
              9.33778746,
              45.34932225
            ],
            [
              9.33788784,
              45.34942763
            ],
            [
              9.33794621,
              45.34948681
            ],
            [
              9.33797804,
              45.34953625
            ],
            [
              9.33808225,
              45.34970009
            ],
            [
              9.33814741,
              45.34979428
            ],
            [
              9.33828603,
              45.35001082
            ],
            [
              9.33830294,
              45.35003283
            ],
            [
              9.33835885,
              45.35010862
            ],
            [
              9.3384014,
              45.35016239
            ],
            [
              9.33842806,
              45.35019667
            ],
            [
              9.33850192,
              45.35029664
            ],
            [
              9.33853217,
              45.35033669
            ],
            [
              9.33862589,
              45.35052153
            ],
            [
              9.33866638,
              45.35059942
            ],
            [
              9.33863988,
              45.35067932
            ],
            [
              9.33862591,
              45.35072877
            ],
            [
              9.33860208,
              45.35076422
            ],
            [
              9.3385003,
              45.35089962
            ],
            [
              9.3384598,
              45.35095235
            ],
            [
              9.33830581,
              45.35096115
            ],
            [
              9.3381885,
              45.35096875
            ],
            [
              9.33803743,
              45.35101968
            ],
            [
              9.33795868,
              45.35104565
            ],
            [
              9.33790187,
              45.35105936
            ],
            [
              9.33784455,
              45.35107415
            ],
            [
              9.33755538,
              45.35114089
            ],
            [
              9.3374326,
              45.35116903
            ],
            [
              9.33726112,
              45.35120834
            ],
            [
              9.33707338,
              45.35124984
            ],
            [
              9.33691968,
              45.35128698
            ],
            [
              9.33686642,
              45.35129961
            ],
            [
              9.33676459,
              45.35133671
            ],
            [
              9.33665669,
              45.35137705
            ],
            [
              9.33662123,
              45.35139002
            ],
            [
              9.33657918,
              45.35140551
            ],
            [
              9.33645152,
              45.35145305
            ],
            [
              9.33630159,
              45.35150961
            ],
            [
              9.33623878,
              45.35153302
            ],
            [
              9.33610984,
              45.35156391
            ],
            [
              9.3359585,
              45.35160313
            ],
            [
              9.33576588,
              45.35165362
            ],
            [
              9.33562475,
              45.35169102
            ],
            [
              9.33554933,
              45.35171171
            ],
            [
              9.335468493849174,
              45.351732732188324
            ],
            [
              9.33547738,
              45.35175472
            ],
            [
              9.33551918,
              45.35185233
            ],
            [
              9.33556617,
              45.35195457
            ],
            [
              9.3355818,
              45.35205601
            ],
            [
              9.3355768,
              45.35210726
            ],
            [
              9.33555697,
              45.35223955
            ],
            [
              9.33555102,
              45.35232039
            ],
            [
              9.33555863,
              45.35241842
            ],
            [
              9.33556533,
              45.35252691
            ],
            [
              9.3356222,
              45.35259873
            ],
            [
              9.33565253,
              45.35264126
            ],
            [
              9.3358188,
              45.35270393
            ],
            [
              9.3359165,
              45.35268676
            ],
            [
              9.33597636,
              45.35272959
            ],
            [
              9.33596795,
              45.35278343
            ],
            [
              9.33596001,
              45.35285251
            ],
            [
              9.33595252,
              45.35291301
            ],
            [
              9.33602589,
              45.35295969
            ],
            [
              9.33612341,
              45.35302516
            ],
            [
              9.33615739,
              45.35304637
            ],
            [
              9.33617512,
              45.35305805
            ],
            [
              9.33623226,
              45.35307918
            ],
            [
              9.3363132,
              45.35310876
            ],
            [
              9.33635923,
              45.35311425
            ],
            [
              9.3364205,
              45.35309372
            ],
            [
              9.33646922,
              45.35305872
            ],
            [
              9.3364902,
              45.35305613
            ],
            [
              9.33650285,
              45.35306041
            ],
            [
              9.33664852,
              45.35311108
            ],
            [
              9.33665406,
              45.35311215
            ],
            [
              9.33689958,
              45.35322122
            ],
            [
              9.33696521,
              45.35325994
            ],
            [
              9.3370167,
              45.35332098
            ],
            [
              9.33710385,
              45.35342102
            ],
            [
              9.33712504,
              45.3534526
            ],
            [
              9.3372088,
              45.35357668
            ],
            [
              9.33724864,
              45.35363406
            ],
            [
              9.33726719,
              45.35365739
            ],
            [
              9.33733362,
              45.35373981
            ],
            [
              9.33736352,
              45.35376109
            ],
            [
              9.33736159,
              45.35378813
            ],
            [
              9.33718492,
              45.35389127
            ],
            [
              9.33690683,
              45.35406066
            ],
            [
              9.33687129,
              45.3540823
            ],
            [
              9.33683637,
              45.35410499
            ],
            [
              9.33697533,
              45.35415813
            ],
            [
              9.33717413,
              45.35423
            ],
            [
              9.33735822,
              45.35429863
            ],
            [
              9.33758987,
              45.35438556
            ],
            [
              9.33783298,
              45.35446475
            ],
            [
              9.33760888,
              45.3547
            ],
            [
              9.33744221,
              45.3548725
            ],
            [
              9.33723451,
              45.35508838
            ],
            [
              9.337158106590206,
              45.35517021314413
            ],
            [
              9.33716469,
              45.35517697
            ],
            [
              9.33728038,
              45.35532179
            ],
            [
              9.3373102,
              45.3553605
            ],
            [
              9.33742076,
              45.35549958
            ],
            [
              9.33754156,
              45.35564726
            ],
            [
              9.3375606,
              45.35567236
            ],
            [
              9.33770353,
              45.35584979
            ],
            [
              9.33783052,
              45.35600822
            ],
            [
              9.33787885,
              45.35606701
            ],
            [
              9.33795288,
              45.35615769
            ],
            [
              9.33795701,
              45.3561663
            ],
            [
              9.33796146,
              45.35618584
            ],
            [
              9.3379626,
              45.35619376
            ],
            [
              9.33797265,
              45.35626312
            ],
            [
              9.33797522,
              45.35628094
            ],
            [
              9.33799208,
              45.3563652
            ],
            [
              9.33801186,
              45.35647368
            ],
            [
              9.33801285,
              45.35647908
            ],
            [
              9.33804349,
              45.3566469
            ],
            [
              9.33806208,
              45.3567473
            ],
            [
              9.33807168,
              45.35679916
            ],
            [
              9.33809052,
              45.35689426
            ],
            [
              9.33809892,
              45.35694019
            ],
            [
              9.33813262,
              45.35694447
            ],
            [
              9.33816369,
              45.35692945
            ],
            [
              9.33826163,
              45.35690157
            ],
            [
              9.33842088,
              45.3568578
            ],
            [
              9.338623,
              45.35680544
            ],
            [
              9.33887217,
              45.3567401
            ],
            [
              9.33919941,
              45.35665397
            ],
            [
              9.33948753,
              45.35657838
            ],
            [
              9.33949019,
              45.35659384
            ],
            [
              9.33948366,
              45.35663307
            ],
            [
              9.33945703,
              45.3567774
            ],
            [
              9.3394209,
              45.35698758
            ],
            [
              9.33938471,
              45.35718157
            ],
            [
              9.33935058,
              45.3573788
            ],
            [
              9.3393144,
              45.3575764
            ],
            [
              9.33927717,
              45.35776319
            ],
            [
              9.33923638,
              45.357959
            ],
            [
              9.33919059,
              45.35819043
            ],
            [
              9.33913874,
              45.35844669
            ],
            [
              9.33909948,
              45.35864286
            ],
            [
              9.33905168,
              45.3588822
            ],
            [
              9.33900899,
              45.35909331
            ],
            [
              9.33895987,
              45.35933484
            ],
            [
              9.33892336,
              45.3595324
            ],
            [
              9.33890194,
              45.35964518
            ],
            [
              9.33890004,
              45.35965516
            ],
            [
              9.33889945,
              45.35965823
            ],
            [
              9.3388978,
              45.35966695
            ],
            [
              9.33889733,
              45.35966939
            ],
            [
              9.33889583,
              45.35967659
            ],
            [
              9.33884687,
              45.35983456
            ],
            [
              9.33847246,
              45.35974764
            ],
            [
              9.33798896,
              45.35963696
            ],
            [
              9.33756025,
              45.35953655
            ],
            [
              9.3373856,
              45.35949466
            ],
            [
              9.33708239,
              45.35942549
            ],
            [
              9.33679561,
              45.359359
            ],
            [
              9.3364213,
              45.35927422
            ],
            [
              9.33617548,
              45.3592171
            ],
            [
              9.33597171,
              45.35916883
            ],
            [
              9.33580281,
              45.35912657
            ],
            [
              9.3357941,
              45.35912408
            ],
            [
              9.33556758,
              45.35971821
            ],
            [
              9.33546218,
              45.35999566
            ],
            [
              9.33541667,
              45.36011286
            ],
            [
              9.33533243,
              45.36032061
            ],
            [
              9.3353181,
              45.36031632
            ],
            [
              9.33528995,
              45.3603135
            ],
            [
              9.33518418,
              45.36029993
            ],
            [
              9.33502203,
              45.36027913
            ],
            [
              9.33494826,
              45.36027013
            ],
            [
              9.33482047,
              45.36025452
            ],
            [
              9.33472785,
              45.36024276
            ],
            [
              9.33458828,
              45.36022502
            ],
            [
              9.33455409,
              45.36022086
            ],
            [
              9.33441834,
              45.36020351
            ],
            [
              9.33428209,
              45.36018615
            ],
            [
              9.33409736,
              45.36016362
            ],
            [
              9.33401672,
              45.36015393
            ],
            [
              9.33386975,
              45.36013555
            ],
            [
              9.33368503,
              45.3601123
            ],
            [
              9.33357072,
              45.36009772
            ],
            [
              9.33341866,
              45.36007827
            ],
            [
              9.33331031,
              45.36007131
            ],
            [
              9.33308455,
              45.36005422
            ],
            [
              9.33306866,
              45.36009674
            ],
            [
              9.333059095132615,
              45.360120884959855
            ],
            [
              9.33305943,
              45.36012089
            ],
            [
              9.33308603,
              45.36006508
            ],
            [
              9.33337455,
              45.36008838
            ],
            [
              9.33343254,
              45.36009245
            ],
            [
              9.33344692,
              45.36009517
            ],
            [
              9.33348947,
              45.36010058
            ],
            [
              9.33358249,
              45.36011241
            ],
            [
              9.3336821,
              45.36012644
            ],
            [
              9.33377812,
              45.36013869
            ],
            [
              9.33387823,
              45.36015092
            ],
            [
              9.33398039,
              45.36016494
            ],
            [
              9.33408049,
              45.36017718
            ],
            [
              9.3342424,
              45.3601989
            ],
            [
              9.33440585,
              45.36021918
            ],
            [
              9.33450393,
              45.36023249
            ],
            [
              9.33460404,
              45.36024652
            ],
            [
              9.33477977,
              45.36026859
            ],
            [
              9.33487423,
              45.36028045
            ],
            [
              9.33532319,
              45.36033747
            ],
            [
              9.33532778,
              45.36033746
            ],
            [
              9.33532629,
              45.36034537
            ],
            [
              9.33530819,
              45.36039725
            ],
            [
              9.33524986,
              45.36056548
            ],
            [
              9.33522977,
              45.3606285
            ],
            [
              9.33518852,
              45.36074307
            ],
            [
              9.33514486,
              45.36088426
            ],
            [
              9.33509457,
              45.36102943
            ],
            [
              9.33503323,
              45.36120666
            ],
            [
              9.33499855,
              45.36131004
            ],
            [
              9.3349507,
              45.36143362
            ],
            [
              9.33485594,
              45.36166206
            ],
            [
              9.33483087,
              45.36172512
            ],
            [
              9.3348237,
              45.36174312
            ],
            [
              9.33470332,
              45.36205095
            ],
            [
              9.33451988,
              45.36249787
            ],
            [
              9.33442287,
              45.3626477
            ],
            [
              9.33440192,
              45.36268005
            ],
            [
              9.33440158,
              45.36271313
            ],
            [
              9.33438186,
              45.36274732
            ],
            [
              9.33434821,
              45.36285129
            ],
            [
              9.33432861,
              45.3629103
            ],
            [
              9.33433685,
              45.36291974
            ],
            [
              9.33434309,
              45.36291978
            ],
            [
              9.33456132,
              45.36294092
            ],
            [
              9.33478988,
              45.36296505
            ],
            [
              9.33524989,
              45.36300945
            ],
            [
              9.33554511,
              45.36303896
            ],
            [
              9.3354617,
              45.36330179
            ],
            [
              9.33539357,
              45.36351933
            ],
            [
              9.33537426,
              45.36358225
            ],
            [
              9.33529648,
              45.36383825
            ],
            [
              9.33527918,
              45.36389147
            ],
            [
              9.33525263,
              45.36397656
            ],
            [
              9.33518581,
              45.36419841
            ],
            [
              9.33517176,
              45.36422574
            ],
            [
              9.334504883416466,
              45.364073531877644
            ],
            [
              9.33449107,
              45.36410051
            ],
            [
              9.33451968,
              45.36418614
            ],
            [
              9.33463022,
              45.36454807
            ],
            [
              9.3347007,
              45.36478007
            ],
            [
              9.33473362,
              45.36488842
            ],
            [
              9.33476207,
              45.364983
            ],
            [
              9.33476112,
              45.36499416
            ],
            [
              9.33473715,
              45.36499676
            ],
            [
              9.3347387,
              45.36500216
            ],
            [
              9.33470859,
              45.36500693
            ],
            [
              9.33468954,
              45.36500626
            ],
            [
              9.33460052,
              45.3650042
            ],
            [
              9.33456734,
              45.3650055
            ],
            [
              9.33450821,
              45.36500701
            ],
            [
              9.33440763,
              45.36501052
            ],
            [
              9.33436199,
              45.36501136
            ],
            [
              9.3343303,
              45.36501424
            ],
            [
              9.33431263,
              45.36501786
            ],
            [
              9.3343084,
              45.36503795
            ],
            [
              9.3343097,
              45.36507987
            ],
            [
              9.33430349,
              45.3650964
            ],
            [
              9.33427913,
              45.36522951
            ],
            [
              9.33424077,
              45.36542974
            ],
            [
              9.33421692,
              45.36556893
            ],
            [
              9.33421075,
              45.36564455
            ],
            [
              9.33420524,
              45.36568848
            ],
            [
              9.33419005,
              45.36577995
            ],
            [
              9.33416228,
              45.3659618
            ],
            [
              9.33413545,
              45.3661235
            ],
            [
              9.33410975,
              45.36630139
            ],
            [
              9.33407938,
              45.36648649
            ],
            [
              9.33405514,
              45.36664566
            ],
            [
              9.33401919,
              45.3668603
            ],
            [
              9.33398128,
              45.36709978
            ],
            [
              9.33395851,
              45.36724094
            ],
            [
              9.33392768,
              45.36742929
            ],
            [
              9.3338842,
              45.3677091
            ],
            [
              9.33387453,
              45.36777671
            ],
            [
              9.3338487,
              45.36786536
            ],
            [
              9.33380181,
              45.36786853
            ],
            [
              9.33373912,
              45.3678718
            ],
            [
              9.33366477,
              45.36788201
            ],
            [
              9.33358933,
              45.36788607
            ],
            [
              9.33353279,
              45.36789327
            ],
            [
              9.33351394,
              45.36789519
            ],
            [
              9.33335694,
              45.3679098
            ],
            [
              9.33319664,
              45.36792443
            ],
            [
              9.33316899,
              45.36792555
            ],
            [
              9.3330814,
              45.36793144
            ],
            [
              9.3330645,
              45.36793218
            ],
            [
              9.33305425,
              45.36792968
            ],
            [
              9.333044,
              45.36792898
            ],
            [
              9.33295636,
              45.36790898
            ],
            [
              9.33294915,
              45.36789354
            ],
            [
              9.33294861,
              45.36788348
            ],
            [
              9.33294909,
              45.36786946
            ],
            [
              9.33294443,
              45.36785258
            ],
            [
              9.33294183,
              45.36783999
            ],
            [
              9.33294028,
              45.36783174
            ],
            [
              9.33291486,
              45.36776015
            ],
            [
              9.33288739,
              45.36770702
            ],
            [
              9.33287492,
              45.36764633
            ],
            [
              9.33284602,
              45.36750411
            ],
            [
              9.33282729,
              45.36746681
            ],
            [
              9.33282641,
              45.36744219
            ],
            [
              9.33282094,
              45.36733498
            ],
            [
              9.33282145,
              45.36733064
            ],
            [
              9.33281849,
              45.36732298
            ],
            [
              9.33278002,
              45.36722412
            ],
            [
              9.33269535,
              45.367074
            ],
            [
              9.33268791,
              45.36706191
            ],
            [
              9.33267995,
              45.36705487
            ],
            [
              9.33267177,
              45.3670595
            ],
            [
              9.33259271,
              45.36708551
            ],
            [
              9.33251089,
              45.3671138
            ],
            [
              9.33245508,
              45.3671403
            ],
            [
              9.33241264,
              45.36715842
            ],
            [
              9.33239726,
              45.36716337
            ],
            [
              9.33238421,
              45.36716766
            ],
            [
              9.3323581,
              45.36717592
            ],
            [
              9.33224726,
              45.3672042
            ],
            [
              9.33221623,
              45.3672046
            ],
            [
              9.33215889,
              45.36719884
            ],
            [
              9.3321374,
              45.3671975
            ],
            [
              9.33200075,
              45.36721296
            ],
            [
              9.33193244,
              45.36722122
            ],
            [
              9.33188277,
              45.36722658
            ],
            [
              9.33179858,
              45.36723834
            ],
            [
              9.33162897,
              45.36726643
            ],
            [
              9.33140904,
              45.36730377
            ],
            [
              9.33129369,
              45.36732474
            ],
            [
              9.33126404,
              45.36733395
            ],
            [
              9.33123466,
              45.36734846
            ],
            [
              9.33116288,
              45.36737428
            ],
            [
              9.33116914,
              45.36738277
            ],
            [
              9.33114267,
              45.36738775
            ],
            [
              9.33107105,
              45.36740143
            ],
            [
              9.33095886,
              45.36742349
            ],
            [
              9.33088173,
              45.36743852
            ],
            [
              9.33087595,
              45.36742935
            ],
            [
              9.3308368,
              45.36743224
            ],
            [
              9.33081016,
              45.36743639
            ],
            [
              9.33079507,
              45.36743932
            ],
            [
              9.33077851,
              45.36743978
            ],
            [
              9.33074992,
              45.36744398
            ],
            [
              9.33068078,
              45.36744809
            ],
            [
              9.33064138,
              45.36744673
            ],
            [
              9.33055752,
              45.36744227
            ],
            [
              9.33049076,
              45.36743607
            ],
            [
              9.33045677,
              45.36743041
            ],
            [
              9.33042531,
              45.36742258
            ],
            [
              9.33036632,
              45.3674069
            ],
            [
              9.33028143,
              45.36737914
            ],
            [
              9.3302567,
              45.36736976
            ],
            [
              9.33019042,
              45.36734175
            ],
            [
              9.33009023,
              45.36729369
            ],
            [
              9.33006361,
              45.3672794
            ],
            [
              9.33002748,
              45.36724889
            ],
            [
              9.32986404,
              45.36713917
            ],
            [
              9.32965601,
              45.36699665
            ],
            [
              9.32954378,
              45.36691697
            ],
            [
              9.3294249,
              45.36683516
            ],
            [
              9.32933011,
              45.36677119
            ],
            [
              9.32924455,
              45.36671302
            ],
            [
              9.32923737,
              45.36670867
            ],
            [
              9.32920313,
              45.36670209
            ],
            [
              9.32905285,
              45.36666814
            ],
            [
              9.32903393,
              45.36666357
            ],
            [
              9.32900481,
              45.36665802
            ],
            [
              9.32888977,
              45.36662694
            ],
            [
              9.32880582,
              45.36660393
            ],
            [
              9.32878477,
              45.3666007
            ],
            [
              9.32875149,
              45.36659595
            ],
            [
              9.32870101,
              45.36658887
            ],
            [
              9.32869559,
              45.3665869
            ],
            [
              9.32866681,
              45.36657884
            ],
            [
              9.328601,
              45.36656041
            ],
            [
              9.32856096,
              45.36654809
            ],
            [
              9.32847146,
              45.36652084
            ],
            [
              9.32836948,
              45.36649174
            ],
            [
              9.32836423,
              45.36648954
            ],
            [
              9.32831224,
              45.36646057
            ],
            [
              9.32827086,
              45.36643747
            ],
            [
              9.32822835,
              45.36641255
            ],
            [
              9.32818111,
              45.36638579
            ],
            [
              9.32816673,
              45.366377
            ],
            [
              9.32813968,
              45.36636196
            ],
            [
              9.32810307,
              45.36634143
            ],
            [
              9.32803385,
              45.36630656
            ],
            [
              9.32793716,
              45.36624942
            ],
            [
              9.32786286,
              45.36629887
            ],
            [
              9.32785378,
              45.36630609
            ],
            [
              9.32784165,
              45.36631402
            ],
            [
              9.32783028,
              45.36632106
            ],
            [
              9.32780238,
              45.36633225
            ],
            [
              9.32772833,
              45.36636505
            ],
            [
              9.3276993,
              45.36637555
            ],
            [
              9.32763056,
              45.3664023
            ],
            [
              9.32762396,
              45.36640345
            ],
            [
              9.32760678,
              45.36640763
            ],
            [
              9.32751503,
              45.36642974
            ],
            [
              9.32751199,
              45.36643227
            ],
            [
              9.32746525,
              45.3664338
            ],
            [
              9.3273492,
              45.36644015
            ],
            [
              9.3272953,
              45.36644349
            ],
            [
              9.32728808,
              45.36644242
            ],
            [
              9.32725981,
              45.36644284
            ],
            [
              9.32712101,
              45.36644204
            ],
            [
              9.32711691,
              45.36644276
            ],
            [
              9.32706148,
              45.36644683
            ],
            [
              9.32705684,
              45.36644648
            ],
            [
              9.32703106,
              45.36644185
            ],
            [
              9.32689666,
              45.36642266
            ],
            [
              9.3268242,
              45.36641306
            ],
            [
              9.32676712,
              45.36640342
            ],
            [
              9.32669654,
              45.36639046
            ],
            [
              9.32669097,
              45.36639012
            ],
            [
              9.32668088,
              45.36638873
            ],
            [
              9.32661319,
              45.3663733
            ],
            [
              9.3265519,
              45.36636106
            ],
            [
              9.32653941,
              45.36635755
            ],
            [
              9.32653237,
              45.36635615
            ],
            [
              9.32643225,
              45.36634419
            ],
            [
              9.3263347,
              45.36633982
            ],
            [
              9.32622396,
              45.36633586
            ],
            [
              9.32619099,
              45.36633888
            ],
            [
              9.32612303,
              45.36634673
            ],
            [
              9.32611898,
              45.3663471
            ],
            [
              9.32610688,
              45.36635347
            ],
            [
              9.3260157,
              45.36639394
            ],
            [
              9.32597801,
              45.36640991
            ],
            [
              9.32597588,
              45.36641137
            ],
            [
              9.32596091,
              45.36642409
            ],
            [
              9.3258622,
              45.36650207
            ],
            [
              9.32585866,
              45.36650602
            ],
            [
              9.32585617,
              45.36651036
            ],
            [
              9.32580495,
              45.36658787
            ],
            [
              9.32568495,
              45.36676883
            ],
            [
              9.3256724,
              45.36678758
            ],
            [
              9.32565121,
              45.3668121
            ],
            [
              9.32560091,
              45.36688132
            ],
            [
              9.3255295,
              45.36698045
            ],
            [
              9.32549932,
              45.367023
            ],
            [
              9.32549073,
              45.36703165
            ],
            [
              9.3254766,
              45.36704825
            ],
            [
              9.32540598,
              45.36713046
            ],
            [
              9.3253772,
              45.36716292
            ],
            [
              9.32537117,
              45.36717121
            ],
            [
              9.32536454,
              45.36717665
            ],
            [
              9.32534059,
              45.36719775
            ],
            [
              9.32526211,
              45.36726755
            ],
            [
              9.32521421,
              45.36731045
            ],
            [
              9.3250547,
              45.36745586
            ],
            [
              9.32497112,
              45.36753112
            ],
            [
              9.32487328,
              45.36762236
            ],
            [
              9.32480244,
              45.36768453
            ],
            [
              9.32476982,
              45.36771109
            ],
            [
              9.32476371,
              45.36771654
            ],
            [
              9.32475096,
              45.36772599
            ],
            [
              9.32473159,
              45.3677391
            ],
            [
              9.32468367,
              45.36777512
            ],
            [
              9.32467951,
              45.36777721
            ],
            [
              9.3246692,
              45.36778038
            ],
            [
              9.32460407,
              45.36780423
            ],
            [
              9.32454301,
              45.36782805
            ],
            [
              9.32453218,
              45.36783156
            ],
            [
              9.32447392,
              45.36784843
            ],
            [
              9.3244698,
              45.36785057
            ],
            [
              9.3244621,
              45.36785062
            ],
            [
              9.32438247,
              45.3678476
            ],
            [
              9.32423864,
              45.36784537
            ],
            [
              9.32419961,
              45.36784421
            ],
            [
              9.32405983,
              45.36783695
            ],
            [
              9.32396478,
              45.36783259
            ],
            [
              9.32395862,
              45.36783228
            ],
            [
              9.32394325,
              45.3678297
            ],
            [
              9.32384184,
              45.36781564
            ],
            [
              9.32365592,
              45.36778757
            ],
            [
              9.32359036,
              45.36777833
            ],
            [
              9.32348229,
              45.36776244
            ],
            [
              9.32335016,
              45.36774467
            ],
            [
              9.32326718,
              45.36773211
            ],
            [
              9.32322309,
              45.36771968
            ],
            [
              9.32319849,
              45.36771309
            ],
            [
              9.32316311,
              45.36770356
            ],
            [
              9.32314621,
              45.36770134
            ],
            [
              9.32311394,
              45.36769654
            ],
            [
              9.323068029629587,
              45.36769132779518
            ],
            [
              9.32306613,
              45.36769541
            ],
            [
              9.32295753,
              45.36768304
            ],
            [
              9.32283142,
              45.36767353
            ],
            [
              9.32278141,
              45.36766859
            ],
            [
              9.32261304,
              45.3676574
            ],
            [
              9.32248346,
              45.36765081
            ],
            [
              9.32229982,
              45.36764434
            ],
            [
              9.32219625,
              45.36763698
            ],
            [
              9.32198454,
              45.36762696
            ],
            [
              9.32193402,
              45.36762237
            ],
            [
              9.32176813,
              45.36759315
            ],
            [
              9.32156552,
              45.36756508
            ],
            [
              9.32146754,
              45.36755229
            ],
            [
              9.32124044,
              45.36752319
            ],
            [
              9.3211047,
              45.36750544
            ],
            [
              9.32093341,
              45.36746778
            ],
            [
              9.32088624,
              45.36746802
            ],
            [
              9.32073569,
              45.36743957
            ],
            [
              9.32070276,
              45.36743063
            ],
            [
              9.32059782,
              45.36741421
            ],
            [
              9.32048636,
              45.36738145
            ],
            [
              9.32046558,
              45.36737558
            ],
            [
              9.32038401,
              45.36734645
            ],
            [
              9.32034602,
              45.36733328
            ],
            [
              9.32033436,
              45.36733197
            ],
            [
              9.32023344,
              45.36732871
            ],
            [
              9.32014723,
              45.36732458
            ],
            [
              9.32012493,
              45.36731981
            ],
            [
              9.31999617,
              45.36729423
            ],
            [
              9.31982615,
              45.36725173
            ],
            [
              9.31970497,
              45.36722389
            ],
            [
              9.3195483,
              45.36718352
            ],
            [
              9.31952261,
              45.36717601
            ],
            [
              9.31941112,
              45.36714491
            ],
            [
              9.31910176,
              45.36705048
            ],
            [
              9.31896761,
              45.36700754
            ],
            [
              9.31888696,
              45.36698573
            ],
            [
              9.31878014,
              45.36696111
            ],
            [
              9.31862659,
              45.3669247
            ],
            [
              9.31850195,
              45.36690289
            ],
            [
              9.31846258,
              45.36689671
            ],
            [
              9.31826725,
              45.36687014
            ],
            [
              9.31823799,
              45.36686469
            ],
            [
              9.31809983,
              45.36683976
            ],
            [
              9.31800288,
              45.36682498
            ],
            [
              9.31783619,
              45.36679972
            ],
            [
              9.31779361,
              45.36679358
            ],
            [
              9.31775925,
              45.36678818
            ],
            [
              9.31771871,
              45.3667806
            ],
            [
              9.31763253,
              45.36676653
            ],
            [
              9.3177485,
              45.36666797
            ],
            [
              9.31795394,
              45.36648925
            ],
            [
              9.31823719,
              45.36624195
            ],
            [
              9.31857417,
              45.36596027
            ],
            [
              9.31895499,
              45.3656503
            ],
            [
              9.31908801,
              45.36554503
            ],
            [
              9.3191831,
              45.36543067
            ],
            [
              9.31921329,
              45.36538834
            ],
            [
              9.31922566,
              45.36534963
            ],
            [
              9.31923444,
              45.36531635
            ],
            [
              9.31922782,
              45.36518392
            ],
            [
              9.31918919,
              45.36499893
            ],
            [
              9.31917568,
              45.36487665
            ],
            [
              9.31913088,
              45.36465765
            ],
            [
              9.31904782,
              45.36446638
            ],
            [
              9.31895818,
              45.36430946
            ],
            [
              9.3188364,
              45.3641649
            ],
            [
              9.31863229,
              45.36396845
            ],
            [
              9.31844658,
              45.36382465
            ],
            [
              9.31827385,
              45.36370921
            ],
            [
              9.31817296,
              45.36365441
            ],
            [
              9.318173889620565,
              45.3636533420173
            ],
            [
              9.31814701,
              45.36363846
            ],
            [
              9.31807705,
              45.36360173
            ],
            [
              9.317984,
              45.36355672
            ],
            [
              9.31789714,
              45.3635164
            ],
            [
              9.31782994,
              45.36349554
            ],
            [
              9.31752412,
              45.36339086
            ],
            [
              9.31716351,
              45.36327975
            ],
            [
              9.31664014,
              45.36311935
            ],
            [
              9.31580184,
              45.36284938
            ],
            [
              9.31555238,
              45.36277866
            ],
            [
              9.31560453,
              45.36268855
            ],
            [
              9.3157132,
              45.36267618
            ],
            [
              9.31580947,
              45.3626326
            ],
            [
              9.31585715,
              45.36256984
            ],
            [
              9.31589283,
              45.36247075
            ],
            [
              9.315925954239361,
              45.36237878934165
            ],
            [
              9.31590693,
              45.36242793
            ],
            [
              9.31585307,
              45.36257187
            ],
            [
              9.31580361,
              45.36263115
            ],
            [
              9.31570918,
              45.36267554
            ],
            [
              9.31560568,
              45.36268576
            ],
            [
              9.31551822,
              45.36267679
            ],
            [
              9.31544426,
              45.36267028
            ],
            [
              9.31540514,
              45.36273517
            ],
            [
              9.31515042,
              45.36265927
            ],
            [
              9.31511,
              45.36265414
            ],
            [
              9.31486616,
              45.36257845
            ],
            [
              9.3147396,
              45.36253553
            ],
            [
              9.31462583,
              45.36249369
            ],
            [
              9.3144848,
              45.36242973
            ],
            [
              9.31441031,
              45.36239043
            ],
            [
              9.31430436,
              45.36233384
            ],
            [
              9.31418653,
              45.36226719
            ],
            [
              9.31411902,
              45.36221625
            ],
            [
              9.31408313,
              45.3621537
            ],
            [
              9.31400306,
              45.36208314
            ],
            [
              9.31393153,
              45.36200053
            ],
            [
              9.31386148,
              45.36192364
            ],
            [
              9.313786,
              45.36185023
            ],
            [
              9.31372491,
              45.36175924
            ],
            [
              9.3136846,
              45.36169413
            ],
            [
              9.31362823,
              45.36157207
            ],
            [
              9.31358096,
              45.36144551
            ],
            [
              9.31353538,
              45.36132765
            ],
            [
              9.3135129,
              45.36123064
            ],
            [
              9.3135033,
              45.36115452
            ],
            [
              9.31350761,
              45.36101849
            ],
            [
              9.31352242,
              45.36089966
            ],
            [
              9.31353308,
              45.36085192
            ],
            [
              9.31355698,
              45.36076147
            ],
            [
              9.31359879,
              45.36063806
            ],
            [
              9.31364576,
              45.36051932
            ],
            [
              9.31370757,
              45.36040262
            ],
            [
              9.31377182,
              45.36030804
            ],
            [
              9.31383264,
              45.3602194
            ],
            [
              9.31392402,
              45.36013405
            ],
            [
              9.31402499,
              45.36002256
            ],
            [
              9.31394604,
              45.35997367
            ],
            [
              9.31391771,
              45.35995967
            ],
            [
              9.3137344,
              45.35988565
            ],
            [
              9.31365601,
              45.35985534
            ],
            [
              9.31343526,
              45.35976617
            ],
            [
              9.3133292,
              45.35972444
            ],
            [
              9.31326057,
              45.35969662
            ],
            [
              9.31296147,
              45.35957535
            ],
            [
              9.31269559,
              45.35947013
            ],
            [
              9.3126507,
              45.35945195
            ],
            [
              9.31237721,
              45.35934123
            ],
            [
              9.31203989,
              45.35920409
            ],
            [
              9.31180086,
              45.35910715
            ],
            [
              9.31150808,
              45.35898867
            ],
            [
              9.31128543,
              45.35889926
            ],
            [
              9.31111041,
              45.35882572
            ],
            [
              9.31099225,
              45.3587788
            ],
            [
              9.3106618,
              45.35864591
            ],
            [
              9.31054104,
              45.35859761
            ],
            [
              9.31047551,
              45.35857142
            ],
            [
              9.31028155,
              45.35849437
            ],
            [
              9.31025799,
              45.35848432
            ],
            [
              9.31024315,
              45.35847714
            ],
            [
              9.31048205,
              45.35828864
            ],
            [
              9.31034788,
              45.35822221
            ],
            [
              9.31025416,
              45.35816978
            ],
            [
              9.31011077,
              45.35809831
            ],
            [
              9.31000835,
              45.35804803
            ],
            [
              9.30986342,
              45.35797657
            ],
            [
              9.3097738,
              45.35792952
            ],
            [
              9.309777336537456,
              45.357925649605974
            ],
            [
              9.30958696,
              45.35782973
            ],
            [
              9.30934105,
              45.35770585
            ],
            [
              9.30885906,
              45.35746321
            ],
            [
              9.30867294,
              45.35736953
            ],
            [
              9.30863619,
              45.35739364
            ],
            [
              9.30861052,
              45.3573715
            ],
            [
              9.30821852,
              45.35703784
            ],
            [
              9.30805863,
              45.35688525
            ],
            [
              9.3078526,
              45.35673337
            ],
            [
              9.30767157,
              45.35659798
            ],
            [
              9.30720989,
              45.3563562
            ],
            [
              9.30708308,
              45.35646295
            ],
            [
              9.30702898,
              45.3565045
            ],
            [
              9.30699963,
              45.356526
            ],
            [
              9.30698175,
              45.35651597
            ],
            [
              9.30693975,
              45.35651382
            ],
            [
              9.30675965,
              45.35661732
            ],
            [
              9.30672308,
              45.35664554
            ],
            [
              9.30659394,
              45.35672271
            ],
            [
              9.30649162,
              45.3567649
            ],
            [
              9.306284,
              45.35679218
            ],
            [
              9.30619276,
              45.35682876
            ],
            [
              9.30609015,
              45.35688413
            ],
            [
              9.30604284,
              45.35690288
            ],
            [
              9.30598615,
              45.35689295
            ],
            [
              9.30588444,
              45.35683506
            ],
            [
              9.30578617,
              45.3567689
            ],
            [
              9.30565123,
              45.35667954
            ],
            [
              9.30542618,
              45.35655233
            ],
            [
              9.30534659,
              45.35650946
            ],
            [
              9.30499249,
              45.356328
            ],
            [
              9.30422037,
              45.35592039
            ],
            [
              9.30413716,
              45.35587322
            ],
            [
              9.30416197,
              45.3558243
            ],
            [
              9.30439736,
              45.35561133
            ],
            [
              9.30340995,
              45.35521213
            ],
            [
              9.30357399,
              45.35504416
            ],
            [
              9.30338824,
              45.35497487
            ],
            [
              9.30296486,
              45.35478001
            ],
            [
              9.30141747,
              45.35408531
            ],
            [
              9.30090712,
              45.35387426
            ],
            [
              9.30088664,
              45.35386349
            ],
            [
              9.30084822,
              45.35384087
            ],
            [
              9.30082821,
              45.35379605
            ],
            [
              9.30082182,
              45.35374727
            ],
            [
              9.30081574,
              45.35373032
            ],
            [
              9.30019535,
              45.35351185
            ],
            [
              9.29999611,
              45.35345282
            ],
            [
              9.29978772,
              45.35337857
            ],
            [
              9.29975922,
              45.35335997
            ],
            [
              9.29972368,
              45.3533472
            ],
            [
              9.29971525,
              45.35334416
            ],
            [
              9.29964976,
              45.35333295
            ],
            [
              9.299511,
              45.35328527
            ],
            [
              9.29837263,
              45.35289397
            ],
            [
              9.29811239,
              45.35280565
            ],
            [
              9.29760981,
              45.35263655
            ],
            [
              9.29759245,
              45.35262654
            ],
            [
              9.29738737,
              45.35255065
            ],
            [
              9.29737508,
              45.35253269
            ],
            [
              9.29738216,
              45.35251864
            ],
            [
              9.29820216,
              45.35141405
            ],
            [
              9.29876723,
              45.35063261
            ],
            [
              9.29909115,
              45.35019155
            ],
            [
              9.29931645,
              45.34987344
            ],
            [
              9.29932616,
              45.34986589
            ],
            [
              9.29889741,
              45.34967286
            ],
            [
              9.2984902,
              45.3494935
            ],
            [
              9.29814968,
              45.34934432
            ],
            [
              9.29755989,
              45.34908336
            ],
            [
              9.29670551,
              45.34870914
            ],
            [
              9.29665885,
              45.3486761
            ]
          ]
        ]
      }
    },
    {
      "type": "Feature",
      "properties": {
        "name": "San Giuliano Milanese",
        "istat_code": "015195",
        "administrative_unit": "H930",
        "sheet_count": 17,
        "source": "Agenzia Entrate WFS CP:CadastralZoning, fogli catastali raggruppati per comune"
      },
      "geometry": {
        "type": "Polygon",
        "coordinates": [
          [
            [
              9.25846911,
              45.37376058
            ],
            [
              9.25848044,
              45.37357577
            ],
            [
              9.25849984,
              45.37348784
            ],
            [
              9.25853131,
              45.37334365
            ],
            [
              9.25859231,
              45.37316301
            ],
            [
              9.25864592,
              45.37305263
            ],
            [
              9.25874195,
              45.37293023
            ],
            [
              9.25885397,
              45.37278509
            ],
            [
              9.25896892,
              45.37263021
            ],
            [
              9.25905735,
              45.37250639
            ],
            [
              9.25912334,
              45.37252096
            ],
            [
              9.25916618,
              45.37249814
            ],
            [
              9.25922397,
              45.37246888
            ],
            [
              9.25929977,
              45.37244767
            ],
            [
              9.25937638,
              45.37242625
            ],
            [
              9.25939509,
              45.37242954
            ],
            [
              9.25943098,
              45.37243604
            ],
            [
              9.25958149,
              45.37247696
            ],
            [
              9.25985058,
              45.37255496
            ],
            [
              9.26012132,
              45.37262974
            ],
            [
              9.26035409,
              45.37269473
            ],
            [
              9.26041077,
              45.37269747
            ],
            [
              9.26042371,
              45.3726932
            ],
            [
              9.26043613,
              45.37268424
            ],
            [
              9.26045614,
              45.37266017
            ],
            [
              9.26048544,
              45.37259325
            ],
            [
              9.26054948,
              45.37245979
            ],
            [
              9.26061408,
              45.37231408
            ],
            [
              9.26070842,
              45.37209534
            ],
            [
              9.26078958,
              45.37190646
            ],
            [
              9.26090491,
              45.37169734
            ],
            [
              9.26104128,
              45.37144031
            ],
            [
              9.26116111,
              45.37122047
            ],
            [
              9.2612679,
              45.37102207
            ],
            [
              9.26133709,
              45.37089337
            ],
            [
              9.26144786,
              45.3706764
            ],
            [
              9.26152354,
              45.37052411
            ],
            [
              9.26169847,
              45.37018916
            ],
            [
              9.26183476,
              45.36991605
            ],
            [
              9.26198663,
              45.36961649
            ],
            [
              9.2621184,
              45.36935304
            ],
            [
              9.26217254,
              45.36924794
            ],
            [
              9.26210236,
              45.36923046
            ],
            [
              9.26212744,
              45.36918793
            ],
            [
              9.26182895,
              45.36913136
            ],
            [
              9.26151176,
              45.36906778
            ],
            [
              9.26134113,
              45.36903508
            ],
            [
              9.26132369,
              45.36902785
            ],
            [
              9.26136366,
              45.36896252
            ],
            [
              9.26144845,
              45.36882392
            ],
            [
              9.26165771,
              45.36847148
            ],
            [
              9.26184812,
              45.36815176
            ],
            [
              9.2618249,
              45.36794866
            ],
            [
              9.26179838,
              45.36767859
            ],
            [
              9.26176632,
              45.36739482
            ],
            [
              9.26173975,
              45.3671338
            ],
            [
              9.26173915,
              45.3671278
            ],
            [
              9.26173437,
              45.36708089
            ],
            [
              9.26170769,
              45.36683489
            ],
            [
              9.26168938,
              45.36665788
            ],
            [
              9.26166322,
              45.3664155
            ],
            [
              9.26163338,
              45.36612758
            ],
            [
              9.2616211,
              45.36600988
            ],
            [
              9.2616204,
              45.36600315
            ],
            [
              9.2616046,
              45.3658516
            ],
            [
              9.26159519,
              45.36577395
            ],
            [
              9.26158424,
              45.36568329
            ],
            [
              9.26156644,
              45.3655204
            ],
            [
              9.26156074,
              45.36549512
            ],
            [
              9.26157663,
              45.36546823
            ],
            [
              9.26158769,
              45.36544668
            ],
            [
              9.26158093,
              45.36539681
            ],
            [
              9.26143707,
              45.36542695
            ],
            [
              9.26127855,
              45.36542795
            ],
            [
              9.26111021,
              45.36542429
            ],
            [
              9.26110076,
              45.36536801
            ],
            [
              9.26106596,
              45.36512563
            ],
            [
              9.26101804,
              45.3648288
            ],
            [
              9.26096675,
              45.36445085
            ],
            [
              9.26090898,
              45.3640543
            ],
            [
              9.2609807,
              45.36403625
            ],
            [
              9.26127101,
              45.3639497
            ],
            [
              9.26188803,
              45.36377042
            ],
            [
              9.26234166,
              45.3636348
            ],
            [
              9.26266264,
              45.36353564
            ],
            [
              9.26270711,
              45.36351692
            ],
            [
              9.26284207,
              45.36358162
            ],
            [
              9.26309292,
              45.36370131
            ],
            [
              9.26349859,
              45.36385058
            ],
            [
              9.2637426,
              45.36394116
            ],
            [
              9.2638749,
              45.36398899
            ],
            [
              9.2639098,
              45.36400005
            ],
            [
              9.26396216,
              45.36401963
            ],
            [
              9.26400581,
              45.36402912
            ],
            [
              9.2640785,
              45.3640436
            ],
            [
              9.26420362,
              45.3640841
            ],
            [
              9.26430977,
              45.36411893
            ],
            [
              9.26442999,
              45.36417309
            ],
            [
              9.26453854,
              45.3642316
            ],
            [
              9.26472434,
              45.36433613
            ],
            [
              9.26486175,
              45.36441248
            ],
            [
              9.26500992,
              45.36449168
            ],
            [
              9.26531313,
              45.3646658
            ],
            [
              9.26551315,
              45.364766
            ],
            [
              9.26561213,
              45.36459989
            ],
            [
              9.26572783,
              45.36432894
            ],
            [
              9.26587631,
              45.36406542
            ],
            [
              9.26594525,
              45.36400312
            ],
            [
              9.26609009,
              45.36393338
            ],
            [
              9.26617728,
              45.36389686
            ],
            [
              9.26638611,
              45.36380755
            ],
            [
              9.26657423,
              45.36373229
            ],
            [
              9.26672146,
              45.36368516
            ],
            [
              9.26675281,
              45.36366712
            ],
            [
              9.26679324,
              45.3636732
            ],
            [
              9.26682453,
              45.36369261
            ],
            [
              9.26684305,
              45.36371239
            ],
            [
              9.26687194,
              45.3637541
            ],
            [
              9.26692747,
              45.36386316
            ],
            [
              9.26699275,
              45.36395891
            ],
            [
              9.26727561,
              45.36421372
            ],
            [
              9.2674211,
              45.36428196
            ],
            [
              9.26755816,
              45.36437972
            ],
            [
              9.26766125,
              45.36443721
            ],
            [
              9.26784573,
              45.36451729
            ],
            [
              9.26807672,
              45.36459915
            ],
            [
              9.26822225,
              45.36466236
            ],
            [
              9.26841181,
              45.36473884
            ],
            [
              9.26851952,
              45.3647985
            ],
            [
              9.26863989,
              45.36492182
            ],
            [
              9.26880198,
              45.36501633
            ],
            [
              9.26881073,
              45.36502461
            ],
            [
              9.26881847,
              45.36503502
            ],
            [
              9.26876082,
              45.36520746
            ],
            [
              9.26870337,
              45.36533132
            ],
            [
              9.26862271,
              45.365502
            ],
            [
              9.26853276,
              45.36575625
            ],
            [
              9.2684637,
              45.36593488
            ],
            [
              9.26839555,
              45.36610735
            ],
            [
              9.26832549,
              45.36628562
            ],
            [
              9.26823784,
              45.36650583
            ],
            [
              9.26819797,
              45.36660924
            ],
            [
              9.26816228,
              45.36670723
            ],
            [
              9.26815152,
              45.36672304
            ],
            [
              9.26815338,
              45.36676824
            ],
            [
              9.26819499,
              45.36680128
            ],
            [
              9.26819866,
              45.3668042
            ],
            [
              9.26833372,
              45.36685077
            ],
            [
              9.26844482,
              45.36688776
            ],
            [
              9.26861911,
              45.36694483
            ],
            [
              9.26868231,
              45.36696415
            ],
            [
              9.26882887,
              45.36700751
            ],
            [
              9.2690049,
              45.36703698
            ],
            [
              9.26925464,
              45.36708326
            ],
            [
              9.26923986,
              45.36714107
            ],
            [
              9.26918571,
              45.36730224
            ],
            [
              9.26913177,
              45.36742922
            ],
            [
              9.26908864,
              45.36753235
            ],
            [
              9.26913143,
              45.36755912
            ],
            [
              9.26915586,
              45.36755366
            ],
            [
              9.26922001,
              45.36757105
            ],
            [
              9.26926838,
              45.36758991
            ],
            [
              9.26953217,
              45.36768848
            ],
            [
              9.26974451,
              45.36776674
            ],
            [
              9.27001083,
              45.36786638
            ],
            [
              9.27034896,
              45.36799127
            ],
            [
              9.2706051,
              45.3680902
            ],
            [
              9.27070388,
              45.36811142
            ],
            [
              9.27091457,
              45.3680831
            ],
            [
              9.27104857,
              45.36809033
            ],
            [
              9.271049194284071,
              45.368104677285274
            ],
            [
              9.27113124,
              45.36810576
            ],
            [
              9.27114229,
              45.36807669
            ],
            [
              9.27116075,
              45.36796879
            ],
            [
              9.27123426,
              45.36779604
            ],
            [
              9.27131528,
              45.36761748
            ],
            [
              9.2713627,
              45.36750291
            ],
            [
              9.2714009,
              45.36732011
            ],
            [
              9.27143334,
              45.36717287
            ],
            [
              9.27148144,
              45.36700096
            ],
            [
              9.27153101,
              45.36681898
            ],
            [
              9.27154342,
              45.3667816
            ],
            [
              9.27157723,
              45.36646851
            ],
            [
              9.27155948,
              45.36638289
            ],
            [
              9.27146104,
              45.36629099
            ],
            [
              9.27140191,
              45.36624662
            ],
            [
              9.27126308,
              45.36619165
            ],
            [
              9.27110979,
              45.3661507
            ],
            [
              9.27087903,
              45.36613474
            ],
            [
              9.27064415,
              45.3660641
            ],
            [
              9.27009995,
              45.36568033
            ],
            [
              9.26969687,
              45.36542021
            ],
            [
              9.26964126,
              45.36537982
            ],
            [
              9.269547,
              45.36529223
            ],
            [
              9.26953722,
              45.36523825
            ],
            [
              9.26956906,
              45.36517848
            ],
            [
              9.26968603,
              45.36501138
            ],
            [
              9.27003111,
              45.36464859
            ],
            [
              9.27014698,
              45.36447156
            ],
            [
              9.27016006,
              45.36439645
            ],
            [
              9.27016272,
              45.36426957
            ],
            [
              9.27021648,
              45.36421122
            ],
            [
              9.27023541,
              45.36421985
            ],
            [
              9.27029804,
              45.36417885
            ],
            [
              9.270317,
              45.36411578
            ],
            [
              9.27042206,
              45.36416325
            ],
            [
              9.27083711,
              45.36440984
            ],
            [
              9.27168516,
              45.36486195
            ],
            [
              9.27235882,
              45.36522484
            ],
            [
              9.27246158,
              45.365247
            ],
            [
              9.27257487,
              45.36525265
            ],
            [
              9.27275116,
              45.36523616
            ],
            [
              9.27309335,
              45.36518266
            ],
            [
              9.27317991,
              45.36519675
            ],
            [
              9.27326918,
              45.36519565
            ],
            [
              9.27330738,
              45.36516856
            ],
            [
              9.27349222,
              45.36512752
            ],
            [
              9.27354279,
              45.36506896
            ],
            [
              9.2736521,
              45.36503068
            ],
            [
              9.2737121,
              45.36499116
            ],
            [
              9.27386903,
              45.36490436
            ],
            [
              9.27403053,
              45.3647887
            ],
            [
              9.27410636,
              45.36472602
            ],
            [
              9.27422473,
              45.36462388
            ],
            [
              9.27437441,
              45.36450971
            ],
            [
              9.27443232,
              45.36446657
            ],
            [
              9.27457322,
              45.36433836
            ],
            [
              9.27458291,
              45.36431344
            ],
            [
              9.27480419,
              45.3640991
            ],
            [
              9.27482158,
              45.36406729
            ],
            [
              9.2749609,
              45.36393152
            ],
            [
              9.27505905,
              45.36377318
            ],
            [
              9.27518643,
              45.36359597
            ],
            [
              9.2753348,
              45.36339271
            ],
            [
              9.27538954,
              45.36331858
            ],
            [
              9.27547091,
              45.36321872
            ],
            [
              9.27553839,
              45.3631063
            ],
            [
              9.2755885,
              45.3630774
            ],
            [
              9.27567966,
              45.36299456
            ],
            [
              9.275754,
              45.3629017
            ],
            [
              9.27576564,
              45.36289069
            ],
            [
              9.27581012,
              45.3628378
            ],
            [
              9.27578301,
              45.3628118
            ],
            [
              9.2757676,
              45.36278139
            ],
            [
              9.27571699,
              45.36262559
            ],
            [
              9.27564801,
              45.36241983
            ],
            [
              9.27558319,
              45.36227464
            ],
            [
              9.27550871,
              45.36210966
            ],
            [
              9.27554042,
              45.36210636
            ],
            [
              9.27556707,
              45.36210917
            ],
            [
              9.27560294,
              45.36211123
            ],
            [
              9.2757069,
              45.3621135
            ],
            [
              9.27603162,
              45.36212168
            ],
            [
              9.27607482,
              45.36207958
            ],
            [
              9.27609124,
              45.36201526
            ],
            [
              9.27616656,
              45.36188762
            ],
            [
              9.27622508,
              45.36183866
            ],
            [
              9.27632138,
              45.36177703
            ],
            [
              9.27635393,
              45.36174644
            ],
            [
              9.27644004,
              45.36169022
            ],
            [
              9.27670486,
              45.36163655
            ],
            [
              9.27678812,
              45.36159891
            ],
            [
              9.27684562,
              45.36155102
            ],
            [
              9.27691192,
              45.36146945
            ],
            [
              9.27700146,
              45.36131151
            ],
            [
              9.27717884,
              45.36137003
            ],
            [
              9.27742968,
              45.36142064
            ],
            [
              9.27745681,
              45.36136921
            ],
            [
              9.27757173,
              45.36120295
            ],
            [
              9.27762992,
              45.36112303
            ],
            [
              9.2777189,
              45.36097195
            ],
            [
              9.27784446,
              45.36080851
            ],
            [
              9.27787664,
              45.36075345
            ],
            [
              9.27793474,
              45.36078228
            ],
            [
              9.27816253,
              45.3608756
            ],
            [
              9.27827519,
              45.36092857
            ],
            [
              9.27848564,
              45.36100531
            ],
            [
              9.27879495,
              45.36111519
            ],
            [
              9.27956948,
              45.36137637
            ],
            [
              9.27997051,
              45.36151037
            ],
            [
              9.28064415,
              45.36175921
            ],
            [
              9.28059328,
              45.36179494
            ],
            [
              9.28057644,
              45.36180288
            ],
            [
              9.28034669,
              45.36191662
            ],
            [
              9.2799891,
              45.36209186
            ],
            [
              9.27996089,
              45.36211655
            ],
            [
              9.27981686,
              45.36220207
            ],
            [
              9.27970704,
              45.36224499
            ],
            [
              9.27959783,
              45.36230907
            ],
            [
              9.27945887,
              45.36236488
            ],
            [
              9.27923049,
              45.36247907
            ],
            [
              9.27914413,
              45.36250352
            ],
            [
              9.27908693,
              45.3625403
            ],
            [
              9.27903078,
              45.36262439
            ],
            [
              9.2789113,
              45.36279726
            ],
            [
              9.27880562,
              45.36295138
            ],
            [
              9.27870352,
              45.36310297
            ],
            [
              9.27861519,
              45.36322712
            ],
            [
              9.27849162,
              45.36340993
            ],
            [
              9.27830854,
              45.36362702
            ],
            [
              9.27820515,
              45.36379243
            ],
            [
              9.27820061,
              45.36382467
            ],
            [
              9.27816085,
              45.36388104
            ],
            [
              9.27813452,
              45.36391934
            ],
            [
              9.27835424,
              45.36400408
            ],
            [
              9.27853819,
              45.36407964
            ],
            [
              9.27875082,
              45.36416628
            ],
            [
              9.27895923,
              45.36427679
            ],
            [
              9.279106,
              45.36436859
            ],
            [
              9.27925629,
              45.36445813
            ],
            [
              9.27928558,
              45.36441998
            ],
            [
              9.27942964,
              45.36450632
            ],
            [
              9.27964316,
              45.36463481
            ],
            [
              9.27986335,
              45.36476935
            ],
            [
              9.280004234439893,
              45.3648532711668
            ],
            [
              9.27996922,
              45.36483186
            ],
            [
              9.27979269,
              45.36472143
            ],
            [
              9.279719,
              45.36467228
            ],
            [
              9.27955369,
              45.36455892
            ],
            [
              9.27944111,
              45.36448612
            ],
            [
              9.27934716,
              45.36443006
            ],
            [
              9.27936493,
              45.36441092
            ],
            [
              9.2793852,
              45.36438277
            ],
            [
              9.27940246,
              45.36436472
            ],
            [
              9.27947006,
              45.36431078
            ],
            [
              9.27955835,
              45.36424157
            ],
            [
              9.27958707,
              45.36421153
            ],
            [
              9.27961221,
              45.3641826
            ],
            [
              9.27972671,
              45.36410102
            ],
            [
              9.27977703,
              45.36406406
            ],
            [
              9.2798787,
              45.36399442
            ],
            [
              9.28001458,
              45.3638999
            ],
            [
              9.2800819,
              45.36380433
            ],
            [
              9.28014647,
              45.36377318
            ],
            [
              9.28029471,
              45.36370418
            ],
            [
              9.28041613,
              45.36362929
            ],
            [
              9.2804724,
              45.36358979
            ],
            [
              9.28055455,
              45.3635304
            ],
            [
              9.28058286,
              45.36351472
            ],
            [
              9.28067219,
              45.36346935
            ],
            [
              9.28076602,
              45.36342321
            ],
            [
              9.28078616,
              45.36339316
            ],
            [
              9.28083678,
              45.36336118
            ],
            [
              9.28088356,
              45.36334306
            ],
            [
              9.28099511,
              45.36332986
            ],
            [
              9.2810817,
              45.36333586
            ],
            [
              9.28110879,
              45.36332823
            ],
            [
              9.28111111,
              45.36331235
            ],
            [
              9.28116581,
              45.36327749
            ],
            [
              9.28122043,
              45.36326017
            ],
            [
              9.28126238,
              45.36324995
            ],
            [
              9.28134983,
              45.3632299
            ],
            [
              9.28153735,
              45.36318627
            ],
            [
              9.28157704,
              45.36315821
            ],
            [
              9.28170767,
              45.36309378
            ],
            [
              9.28169064,
              45.36307682
            ],
            [
              9.28166937,
              45.3630521
            ],
            [
              9.28168738,
              45.36304788
            ],
            [
              9.28166088,
              45.36302478
            ],
            [
              9.28156572,
              45.3629648
            ],
            [
              9.28147762,
              45.3629147
            ],
            [
              9.28132194,
              45.36286565
            ],
            [
              9.2812635,
              45.36283386
            ],
            [
              9.281174,
              45.3627642
            ],
            [
              9.28113152,
              45.36269645
            ],
            [
              9.28114063,
              45.3626867
            ],
            [
              9.28115075,
              45.36267265
            ],
            [
              9.28115889,
              45.36267045
            ],
            [
              9.28120031,
              45.3626717
            ],
            [
              9.28120434,
              45.36266628
            ],
            [
              9.28120732,
              45.36265478
            ],
            [
              9.28122718,
              45.36258603
            ],
            [
              9.28127772,
              45.3623934
            ],
            [
              9.28133418,
              45.36229819
            ],
            [
              9.28140399,
              45.36221375
            ],
            [
              9.28150213,
              45.36209144
            ],
            [
              9.28155477,
              45.36203189
            ],
            [
              9.28162944,
              45.36198166
            ],
            [
              9.28174571,
              45.36189532
            ],
            [
              9.28179544,
              45.36185343
            ],
            [
              9.28197769,
              45.36184384
            ],
            [
              9.2820602,
              45.36183262
            ],
            [
              9.28215632,
              45.36177113
            ],
            [
              9.28227714,
              45.36166617
            ],
            [
              9.28254987,
              45.36144149
            ],
            [
              9.28274942,
              45.36127325
            ],
            [
              9.28296624,
              45.36108956
            ],
            [
              9.28309826,
              45.36097704
            ],
            [
              9.28318553,
              45.36089364
            ],
            [
              9.28339381,
              45.36097973
            ],
            [
              9.28354831,
              45.3610403
            ],
            [
              9.28359274,
              45.36105728
            ],
            [
              9.2839276,
              45.36118651
            ],
            [
              9.28394564,
              45.36116386
            ],
            [
              9.28407505,
              45.36097217
            ],
            [
              9.28428741,
              45.36065984
            ],
            [
              9.2844599,
              45.36041104
            ],
            [
              9.28458815,
              45.36052087
            ],
            [
              9.28471361,
              45.36053852
            ],
            [
              9.2847483,
              45.36054527
            ],
            [
              9.28480659,
              45.36043693
            ],
            [
              9.28488036,
              45.36034585
            ],
            [
              9.28493488,
              45.36026456
            ],
            [
              9.28503384,
              45.36010778
            ],
            [
              9.28516287,
              45.35991084
            ],
            [
              9.2852893,
              45.35973009
            ],
            [
              9.28535333,
              45.35963621
            ],
            [
              9.2854118,
              45.35954915
            ],
            [
              9.28546816,
              45.35946843
            ],
            [
              9.28547965,
              45.35943634
            ],
            [
              9.28551758,
              45.35940922
            ],
            [
              9.28550955,
              45.35939303
            ],
            [
              9.28555325,
              45.35930671
            ],
            [
              9.28563636,
              45.35915471
            ],
            [
              9.28574844,
              45.3589743
            ],
            [
              9.28579927,
              45.35875205
            ],
            [
              9.28581333,
              45.35872462
            ],
            [
              9.28585386,
              45.3586312
            ],
            [
              9.28587674,
              45.35857765
            ],
            [
              9.28591092,
              45.35846695
            ],
            [
              9.28594265,
              45.35836566
            ],
            [
              9.28598471,
              45.35824918
            ],
            [
              9.28601468,
              45.35810503
            ],
            [
              9.28605903,
              45.35801051
            ],
            [
              9.28608114,
              45.35790101
            ],
            [
              9.28610985,
              45.35780803
            ],
            [
              9.28614716,
              45.35770277
            ],
            [
              9.28619332,
              45.35756506
            ],
            [
              9.28623237,
              45.35743281
            ],
            [
              9.28624207,
              45.35738454
            ],
            [
              9.28626356,
              45.35733334
            ],
            [
              9.28631418,
              45.35720207
            ],
            [
              9.28634884,
              45.35710204
            ],
            [
              9.28636173,
              45.35706021
            ],
            [
              9.28638704,
              45.35696332
            ],
            [
              9.28641467,
              45.35685507
            ],
            [
              9.28644993,
              45.35677573
            ],
            [
              9.28650881,
              45.3566352
            ],
            [
              9.2865406,
              45.35648848
            ],
            [
              9.2866047,
              45.35633609
            ],
            [
              9.28665309,
              45.3561462
            ],
            [
              9.28669698,
              45.35603188
            ],
            [
              9.2867374,
              45.35592245
            ],
            [
              9.28673933,
              45.35590838
            ],
            [
              9.28675719,
              45.35584589
            ],
            [
              9.28676091,
              45.35580692
            ],
            [
              9.28675664,
              45.3557853
            ],
            [
              9.28678328,
              45.3557892
            ],
            [
              9.28678627,
              45.35577875
            ],
            [
              9.28686164,
              45.35579653
            ],
            [
              9.28686033,
              45.35582747
            ],
            [
              9.28700881,
              45.35590614
            ],
            [
              9.28703198,
              45.35592332
            ],
            [
              9.28720837,
              45.35603996
            ],
            [
              9.28750815,
              45.35622852
            ],
            [
              9.28779917,
              45.35641134
            ],
            [
              9.28818279,
              45.35665465
            ],
            [
              9.28846867,
              45.3568346
            ],
            [
              9.28872425,
              45.35699956
            ],
            [
              9.28893457,
              45.3571323
            ],
            [
              9.28917471,
              45.35728293
            ],
            [
              9.28930887,
              45.35736305
            ],
            [
              9.28932598,
              45.35739083
            ],
            [
              9.28914241,
              45.35756837
            ],
            [
              9.28895645,
              45.35774529
            ],
            [
              9.2887725,
              45.35791213
            ],
            [
              9.28859872,
              45.35807456
            ],
            [
              9.28860441,
              45.35809185
            ],
            [
              9.28869645,
              45.35815918
            ],
            [
              9.28888871,
              45.35829669
            ],
            [
              9.28911394,
              45.35845248
            ],
            [
              9.28930822,
              45.3585855
            ],
            [
              9.28951534,
              45.35871851
            ],
            [
              9.28968838,
              45.35881905
            ],
            [
              9.28984734,
              45.35896403
            ],
            [
              9.28997146,
              45.35903828
            ],
            [
              9.29019244,
              45.35917016
            ],
            [
              9.29039227,
              45.35928838
            ],
            [
              9.29060807,
              45.35941595
            ],
            [
              9.2908337,
              45.35955253
            ],
            [
              9.29102649,
              45.35969277
            ],
            [
              9.29122442,
              45.35983121
            ],
            [
              9.29127493,
              45.35986761
            ],
            [
              9.29155304,
              45.36004819
            ],
            [
              9.29179797,
              45.36020824
            ],
            [
              9.29190146,
              45.36028216
            ],
            [
              9.29193027,
              45.36030162
            ],
            [
              9.29201104,
              45.36023255
            ],
            [
              9.29200434,
              45.36022607
            ],
            [
              9.29203587,
              45.36020328
            ],
            [
              9.29204308,
              45.36020977
            ],
            [
              9.29222455,
              45.36007305
            ],
            [
              9.29238213,
              45.35995838
            ],
            [
              9.29261005,
              45.35973787
            ],
            [
              9.2928256,
              45.35957513
            ],
            [
              9.29290946,
              45.35950966
            ],
            [
              9.29298884,
              45.3594601
            ],
            [
              9.29304166,
              45.35941274
            ],
            [
              9.29309445,
              45.3594497
            ],
            [
              9.29316665,
              45.35940475
            ],
            [
              9.29320796,
              45.35936962
            ],
            [
              9.29335807,
              45.35925068
            ],
            [
              9.29350191,
              45.35913422
            ],
            [
              9.29357,
              45.35908016
            ],
            [
              9.29379014,
              45.35891143
            ],
            [
              9.29401238,
              45.35874849
            ],
            [
              9.29412779,
              45.35866285
            ],
            [
              9.29419436,
              45.35860663
            ],
            [
              9.29434834,
              45.35848073
            ],
            [
              9.29444839,
              45.35839331
            ],
            [
              9.2946019,
              45.35827249
            ],
            [
              9.29476652,
              45.35813428
            ],
            [
              9.29493927,
              45.35799135
            ],
            [
              9.29512882,
              45.3578368
            ],
            [
              9.29531736,
              45.35768103
            ],
            [
              9.29549126,
              45.35753974
            ],
            [
              9.2957396,
              45.35732299
            ],
            [
              9.29574926868433,
              45.357326198078354
            ],
            [
              9.29586872,
              45.35722747
            ],
            [
              9.29599939,
              45.35711727
            ],
            [
              9.2961344,
              45.35693993
            ],
            [
              9.29621889,
              45.35683217
            ],
            [
              9.29629788,
              45.35668286
            ],
            [
              9.29630205,
              45.35666374
            ],
            [
              9.29629834,
              45.3565511
            ],
            [
              9.2962944,
              45.35649909
            ],
            [
              9.29589849,
              45.35633879
            ],
            [
              9.2955786,
              45.35621342
            ],
            [
              9.29549131,
              45.35617965
            ],
            [
              9.29565973,
              45.3560168
            ],
            [
              9.29578067,
              45.35589728
            ],
            [
              9.29583832,
              45.35583771
            ],
            [
              9.29592043,
              45.35574599
            ],
            [
              9.29598927,
              45.35566621
            ],
            [
              9.29610802,
              45.35551637
            ],
            [
              9.29617017,
              45.35543658
            ],
            [
              9.29619411,
              45.35540155
            ],
            [
              9.29628571,
              45.35524885
            ],
            [
              9.29638124,
              45.35506367
            ],
            [
              9.29647523,
              45.35487561
            ],
            [
              9.29654638,
              45.35473842
            ],
            [
              9.29667145,
              45.35450812
            ],
            [
              9.29672983,
              45.35438213
            ],
            [
              9.29681317,
              45.35422078
            ],
            [
              9.29691075,
              45.35403162
            ],
            [
              9.29699198,
              45.35385836
            ],
            [
              9.29710268,
              45.35362698
            ],
            [
              9.29713874,
              45.35355224
            ],
            [
              9.29721952,
              45.35339197
            ],
            [
              9.29727645,
              45.35328547
            ],
            [
              9.29734305,
              45.35316202
            ],
            [
              9.29736441,
              45.35312375
            ],
            [
              9.29738172,
              45.3530992
            ],
            [
              9.29741229,
              45.35305804
            ],
            [
              9.29746715,
              45.35296231
            ],
            [
              9.29747227,
              45.3529465
            ],
            [
              9.29749661,
              45.35288658
            ],
            [
              9.29755049,
              45.35278731
            ],
            [
              9.29757021,
              45.35272807
            ],
            [
              9.29760875,
              45.35265491
            ],
            [
              9.29783343,
              45.35272992
            ],
            [
              9.2980817,
              45.35281353
            ],
            [
              9.29830023,
              45.35288603
            ],
            [
              9.29858695,
              45.35298076
            ],
            [
              9.29897477,
              45.35311175
            ],
            [
              9.29933027,
              45.35323235
            ],
            [
              9.29948783,
              45.35328587
            ],
            [
              9.29954161,
              45.35330414
            ],
            [
              9.29962606,
              45.35333313
            ],
            [
              9.29965162,
              45.35334195
            ],
            [
              9.29974445,
              45.3533512
            ],
            [
              9.29974875,
              45.35336386
            ],
            [
              9.29976255,
              45.35338934
            ],
            [
              9.29978157,
              45.3533896
            ],
            [
              9.2999763,
              45.35346333
            ],
            [
              9.3001315,
              45.35351412
            ],
            [
              9.30020093,
              45.35351665
            ],
            [
              9.30056191,
              45.3536479
            ],
            [
              9.30085733,
              45.35375752
            ],
            [
              9.30083522,
              45.35378918
            ],
            [
              9.30085152,
              45.35383855
            ],
            [
              9.30089702,
              45.35386086
            ],
            [
              9.30091568,
              45.35388092
            ],
            [
              9.30121607,
              45.35400522
            ],
            [
              9.30147675,
              45.35411253
            ],
            [
              9.30182894,
              45.35427109
            ],
            [
              9.30203096,
              45.35436253
            ],
            [
              9.30226968,
              45.3544713
            ],
            [
              9.3025347,
              45.35458983
            ],
            [
              9.30279513,
              45.35470582
            ],
            [
              9.30297276,
              45.35478677
            ],
            [
              9.30321322,
              45.35489917
            ],
            [
              9.30339241,
              45.35498119
            ],
            [
              9.30358032,
              45.3550465
            ],
            [
              9.30354995,
              45.35508098
            ],
            [
              9.30346745,
              45.35516451
            ],
            [
              9.30342825,
              45.35521352
            ],
            [
              9.30371156,
              45.35533552
            ],
            [
              9.30401102,
              45.35546289
            ],
            [
              9.30416811,
              45.35552918
            ],
            [
              9.30425611,
              45.35556636
            ],
            [
              9.30430602,
              45.35558729
            ],
            [
              9.30438632,
              45.35562159
            ],
            [
              9.30424675,
              45.35575515
            ],
            [
              9.30416598,
              45.35583226
            ],
            [
              9.30414953,
              45.35584888
            ],
            [
              9.30414124,
              45.35586945
            ],
            [
              9.30414585,
              45.35588134
            ],
            [
              9.30418785,
              45.35590509
            ],
            [
              9.30454703,
              45.35609903
            ],
            [
              9.30479091,
              45.35622928
            ],
            [
              9.30498819,
              45.35633542
            ],
            [
              9.30501431,
              45.35635018
            ],
            [
              9.3052446,
              45.35648062
            ],
            [
              9.30537748,
              45.35654949
            ],
            [
              9.30552789,
              45.35662776
            ],
            [
              9.3056809,
              45.356714
            ],
            [
              9.30580568,
              45.35679878
            ],
            [
              9.30593976,
              45.35689188
            ],
            [
              9.30600357,
              45.35691726
            ],
            [
              9.30604465,
              45.35692091
            ],
            [
              9.30606305,
              45.35691114
            ],
            [
              9.30612226,
              45.35686594
            ],
            [
              9.30618667,
              45.35683376
            ],
            [
              9.30629773,
              45.35679258
            ],
            [
              9.30640234,
              45.35678288
            ],
            [
              9.30646029,
              45.35677676
            ],
            [
              9.30654113,
              45.35674641
            ],
            [
              9.30665713,
              45.35667845
            ],
            [
              9.30675625,
              45.3566188
            ],
            [
              9.30674645,
              45.35660974
            ],
            [
              9.30691764,
              45.35651176
            ],
            [
              9.30696255,
              45.35652964
            ],
            [
              9.3070218,
              45.35648809
            ],
            [
              9.30705181,
              45.35646217
            ],
            [
              9.30712614,
              45.35638281
            ],
            [
              9.30714772,
              45.35639183
            ],
            [
              9.30719003,
              45.3563536
            ],
            [
              9.30736649,
              45.35644666
            ],
            [
              9.30753676,
              45.35653861
            ],
            [
              9.3076807,
              45.3566142
            ],
            [
              9.3078264,
              45.35671905
            ],
            [
              9.30796303,
              45.35681631
            ],
            [
              9.30803468,
              45.35686674
            ],
            [
              9.30821339,
              45.35703934
            ],
            [
              9.30836661,
              45.35716653
            ],
            [
              9.308355969467788,
              45.35717523362838
            ],
            [
              9.30836963,
              45.35716491
            ],
            [
              9.30862993,
              45.35739817
            ],
            [
              9.30867069,
              45.35736423
            ],
            [
              9.30906355,
              45.35756252
            ],
            [
              9.30929344,
              45.35767291
            ],
            [
              9.30944338,
              45.35775913
            ],
            [
              9.30966684,
              45.35786641
            ],
            [
              9.30978357,
              45.35793077
            ],
            [
              9.30995925,
              45.35802482
            ],
            [
              9.31013151,
              45.35810007
            ],
            [
              9.31023125,
              45.35814249
            ],
            [
              9.31027984,
              45.35816729
            ],
            [
              9.31034583,
              45.35819893
            ],
            [
              9.31041591,
              45.35823632
            ],
            [
              9.31048579,
              45.35826779
            ],
            [
              9.31026379,
              45.35846197
            ],
            [
              9.31029847,
              45.35847151
            ],
            [
              9.3104828,
              45.35855364
            ],
            [
              9.31073944,
              45.35866861
            ],
            [
              9.31127983,
              45.35891168
            ],
            [
              9.31166788,
              45.35906768
            ],
            [
              9.31198448,
              45.35919853
            ],
            [
              9.31237429,
              45.35935645
            ],
            [
              9.31263026,
              45.35944984
            ],
            [
              9.31394592,
              45.35997145
            ],
            [
              9.31380576,
              45.36012713
            ],
            [
              9.31373626,
              45.36019843
            ],
            [
              9.3135874,
              45.36034626
            ],
            [
              9.31360143,
              45.36035501
            ],
            [
              9.31354275,
              45.36063537
            ],
            [
              9.31348139,
              45.36081755
            ],
            [
              9.31346479,
              45.36090999
            ],
            [
              9.31345373,
              45.36105122
            ],
            [
              9.31346048,
              45.36117902
            ],
            [
              9.31348097,
              45.36129846
            ],
            [
              9.31353402,
              45.3614532
            ],
            [
              9.31359812,
              45.36160409
            ],
            [
              9.31363223,
              45.36168157
            ],
            [
              9.3136627,
              45.36173845
            ],
            [
              9.31374332,
              45.36185675
            ],
            [
              9.31385367,
              45.36198435
            ],
            [
              9.31402917,
              45.36215367
            ],
            [
              9.31393478,
              45.36228127
            ],
            [
              9.31398773,
              45.36231823
            ],
            [
              9.3141729,
              45.36243688
            ],
            [
              9.31427282,
              45.36249877
            ],
            [
              9.3143678,
              45.36254976
            ],
            [
              9.31437388,
              45.36255274
            ],
            [
              9.31441278,
              45.36257179
            ],
            [
              9.31471516,
              45.36268014
            ],
            [
              9.31472016,
              45.3626818
            ],
            [
              9.31479491,
              45.36271025
            ],
            [
              9.31487656,
              45.36272839
            ],
            [
              9.31487809,
              45.36272874
            ],
            [
              9.31504599,
              45.36276861
            ],
            [
              9.31514828,
              45.36265953
            ],
            [
              9.31540411,
              45.36274212
            ],
            [
              9.31536629,
              45.36282995
            ],
            [
              9.31543259,
              45.36284617
            ],
            [
              9.31554513,
              45.3628694
            ],
            [
              9.31602611,
              45.36302237
            ],
            [
              9.3164183,
              45.36314706
            ],
            [
              9.316685,
              45.3632324
            ],
            [
              9.31704534,
              45.36334652
            ],
            [
              9.3174175,
              45.36346091
            ],
            [
              9.31753762,
              45.36349799
            ],
            [
              9.31769061,
              45.36354106
            ],
            [
              9.31777889,
              45.36356813
            ],
            [
              9.31786155,
              45.36359271
            ],
            [
              9.31822305,
              45.36378513
            ],
            [
              9.31839521,
              45.36389951
            ],
            [
              9.31844582,
              45.36393168
            ],
            [
              9.31861733,
              45.3640721
            ],
            [
              9.31875436,
              45.36421706
            ],
            [
              9.31885743,
              45.36435945
            ],
            [
              9.31887848,
              45.36438467
            ],
            [
              9.31896258,
              45.36454771
            ],
            [
              9.31901821,
              45.36469911
            ],
            [
              9.31904284,
              45.3647906
            ],
            [
              9.31907139,
              45.36492522
            ],
            [
              9.31908769,
              45.36511179
            ],
            [
              9.31904756,
              45.36529204
            ],
            [
              9.31904365,
              45.36530803
            ],
            [
              9.31898541,
              45.36544785
            ],
            [
              9.31895239,
              45.36550436
            ],
            [
              9.31887739,
              45.36558233
            ],
            [
              9.31881094,
              45.36565006
            ],
            [
              9.3187055,
              45.3657305
            ],
            [
              9.31874242,
              45.36577293
            ],
            [
              9.31863307,
              45.36586002
            ],
            [
              9.31857823,
              45.36584771
            ],
            [
              9.31839702,
              45.36600658
            ],
            [
              9.31816002,
              45.36620378
            ],
            [
              9.3179505,
              45.36638586
            ],
            [
              9.31772779,
              45.36658199
            ],
            [
              9.31766092,
              45.36663341
            ],
            [
              9.31759311,
              45.36669346
            ],
            [
              9.317555672169938,
              45.366722982209005
            ],
            [
              9.31757516,
              45.36672812
            ],
            [
              9.31771593,
              45.36678627
            ],
            [
              9.31775428,
              45.36679288
            ],
            [
              9.31779507,
              45.36679643
            ],
            [
              9.31783948,
              45.36680027
            ],
            [
              9.31800681,
              45.36681689
            ],
            [
              9.31800382,
              45.36686191
            ],
            [
              9.3180608,
              45.36687282
            ],
            [
              9.31823943,
              45.36690165
            ],
            [
              9.31827228,
              45.36691076
            ],
            [
              9.31862933,
              45.36696396
            ],
            [
              9.31862376,
              45.36698018
            ],
            [
              9.31882836,
              45.36706365
            ],
            [
              9.31918057,
              45.3671621
            ],
            [
              9.31973386,
              45.36729315
            ],
            [
              9.32046626,
              45.36744896
            ],
            [
              9.3206823,
              45.36750231
            ],
            [
              9.32092098,
              45.3675385
            ],
            [
              9.32100572,
              45.36757108
            ],
            [
              9.32109708,
              45.36760721
            ],
            [
              9.32128625,
              45.36762231
            ],
            [
              9.32151578,
              45.36765778
            ],
            [
              9.32159677,
              45.36767569
            ],
            [
              9.32148271,
              45.36789862
            ],
            [
              9.32146436,
              45.36793243
            ],
            [
              9.32114806,
              45.36853434
            ],
            [
              9.321123937092434,
              45.36855160971172
            ],
            [
              9.32115378,
              45.36853423
            ],
            [
              9.32147385,
              45.36792721
            ],
            [
              9.32148935,
              45.36789752
            ],
            [
              9.32160882,
              45.36767322
            ],
            [
              9.32166985,
              45.36768867
            ],
            [
              9.32177565,
              45.36770448
            ],
            [
              9.32190536,
              45.36772639
            ],
            [
              9.32226964,
              45.36772804
            ],
            [
              9.32264354,
              45.36776029
            ],
            [
              9.3227182,
              45.36774203
            ],
            [
              9.32290883,
              45.36775893
            ],
            [
              9.32294353,
              45.36776287
            ],
            [
              9.32302217,
              45.36777328
            ],
            [
              9.32305739,
              45.36777939
            ],
            [
              9.32309007,
              45.36778477
            ],
            [
              9.32392572,
              45.36792755
            ],
            [
              9.3240391,
              45.36791845
            ],
            [
              9.32437819,
              45.36794423
            ],
            [
              9.32447471,
              45.36793623
            ],
            [
              9.32464603,
              45.36788567
            ],
            [
              9.32468457,
              45.36787413
            ],
            [
              9.32481348,
              45.36778155
            ],
            [
              9.32492627,
              45.36770033
            ],
            [
              9.32497674,
              45.36766383
            ],
            [
              9.32508078,
              45.36757649
            ],
            [
              9.32511478,
              45.36754809
            ],
            [
              9.32527308,
              45.36741589
            ],
            [
              9.32542,
              45.36726945
            ],
            [
              9.32545366,
              45.3672341
            ],
            [
              9.3254812,
              45.36720849
            ],
            [
              9.32553166,
              45.36714062
            ],
            [
              9.32564275,
              45.36699368
            ],
            [
              9.32574418,
              45.36686122
            ],
            [
              9.32595888,
              45.36653904
            ],
            [
              9.32605413,
              45.36646227
            ],
            [
              9.32615431,
              45.3664068
            ],
            [
              9.32635301,
              45.36641543
            ],
            [
              9.32649201,
              45.36642679
            ],
            [
              9.32651102,
              45.36642951
            ],
            [
              9.32654807,
              45.36643568
            ],
            [
              9.32663782,
              45.36645604
            ],
            [
              9.32673874,
              45.36648725
            ],
            [
              9.32675066,
              45.36649177
            ],
            [
              9.32695192,
              45.36652434
            ],
            [
              9.32699968,
              45.36652543
            ],
            [
              9.32706625,
              45.36652762
            ],
            [
              9.32720043,
              45.36653127
            ],
            [
              9.3273229,
              45.3665302
            ],
            [
              9.32741691,
              45.36652046
            ],
            [
              9.32747736,
              45.36651035
            ],
            [
              9.32755155,
              45.36650204
            ],
            [
              9.32783348,
              45.36642609
            ],
            [
              9.32798735,
              45.36635591
            ],
            [
              9.32804065,
              45.3663114
            ],
            [
              9.32811463,
              45.36634653
            ],
            [
              9.32837251,
              45.36649926
            ],
            [
              9.32862007,
              45.36657078
            ],
            [
              9.32866976,
              45.36658526
            ],
            [
              9.32870452,
              45.36659539
            ],
            [
              9.32875552,
              45.36661025
            ],
            [
              9.32880428,
              45.36661745
            ],
            [
              9.32883145,
              45.36663316
            ],
            [
              9.32903872,
              45.36668617
            ],
            [
              9.32923724,
              45.36672876
            ],
            [
              9.32977502,
              45.36709626
            ],
            [
              9.32981805,
              45.36712399
            ],
            [
              9.33005724,
              45.36729133
            ],
            [
              9.33023744,
              45.36738435
            ],
            [
              9.33044622,
              45.36745423
            ],
            [
              9.33051525,
              45.36746307
            ],
            [
              9.3306845,
              45.36746977
            ],
            [
              9.33073512,
              45.36747353
            ],
            [
              9.33088484,
              45.36744831
            ],
            [
              9.33114185,
              45.36739483
            ],
            [
              9.33133341,
              45.3673471
            ],
            [
              9.33196873,
              45.36723374
            ],
            [
              9.33216189,
              45.36720523
            ],
            [
              9.3322508,
              45.36721981
            ],
            [
              9.33245418,
              45.36716274
            ],
            [
              9.33249637,
              45.36716296
            ],
            [
              9.33260285,
              45.3673471
            ],
            [
              9.33258153,
              45.36745741
            ],
            [
              9.33257647,
              45.36748445
            ],
            [
              9.33269726,
              45.36788521
            ],
            [
              9.33269658,
              45.36794998
            ],
            [
              9.33269542,
              45.36801512
            ],
            [
              9.33264859,
              45.36846323
            ],
            [
              9.33260119,
              45.36873942
            ],
            [
              9.33256543,
              45.3689559
            ],
            [
              9.33249713,
              45.3693254
            ],
            [
              9.33241991,
              45.36961451
            ],
            [
              9.33246983,
              45.3699013
            ],
            [
              9.33247377,
              45.36992389
            ],
            [
              9.33251061,
              45.37008258
            ],
            [
              9.33252909,
              45.37016218
            ],
            [
              9.33258843,
              45.37025176
            ],
            [
              9.33268684,
              45.37039653
            ],
            [
              9.33268828,
              45.37053544
            ],
            [
              9.3326449,
              45.37060117
            ],
            [
              9.33262499,
              45.3706325
            ],
            [
              9.33252205,
              45.37068497
            ],
            [
              9.33235428,
              45.37074399
            ],
            [
              9.33212711,
              45.37075509
            ],
            [
              9.33199674,
              45.37074734
            ],
            [
              9.33150898,
              45.37070831
            ],
            [
              9.33053967,
              45.37066203
            ],
            [
              9.33022093,
              45.37069566
            ],
            [
              9.33017656,
              45.3707362
            ],
            [
              9.33010973,
              45.37073817
            ],
            [
              9.32983827,
              45.37081738
            ],
            [
              9.32963551,
              45.37094292
            ],
            [
              9.32941831,
              45.37118998
            ],
            [
              9.32930318,
              45.37131523
            ],
            [
              9.32928293,
              45.37135985
            ],
            [
              9.32922587,
              45.37145946
            ],
            [
              9.32922368,
              45.37151091
            ],
            [
              9.32916907,
              45.37162601
            ],
            [
              9.32910139,
              45.37197464
            ],
            [
              9.32909318,
              45.37228066
            ],
            [
              9.32917684,
              45.37260211
            ],
            [
              9.32927486,
              45.37274147
            ],
            [
              9.32926197,
              45.37318845
            ],
            [
              9.32919535,
              45.37356891
            ],
            [
              9.32911445,
              45.37371865
            ],
            [
              9.32898972,
              45.37388168
            ],
            [
              9.3288293,
              45.37408904
            ],
            [
              9.32872774,
              45.37417595
            ],
            [
              9.32857982,
              45.37430336
            ],
            [
              9.32822964,
              45.37448541
            ],
            [
              9.32790254,
              45.37469349
            ],
            [
              9.32767395,
              45.37492173
            ],
            [
              9.32749105,
              45.37520905
            ],
            [
              9.327459,
              45.37542688
            ],
            [
              9.32746864,
              45.37543811
            ],
            [
              9.32743966,
              45.37559732
            ],
            [
              9.32733705,
              45.37573136
            ],
            [
              9.32721259,
              45.37584763
            ],
            [
              9.32708305,
              45.37594469
            ],
            [
              9.32692915,
              45.37599719
            ],
            [
              9.32666618,
              45.37605818
            ],
            [
              9.32648867,
              45.3760471
            ],
            [
              9.32644988,
              45.37604532
            ],
            [
              9.32610153,
              45.37603755
            ],
            [
              9.32595511,
              45.37603027
            ],
            [
              9.32568777,
              45.37601465
            ],
            [
              9.32569283,
              45.37619549
            ],
            [
              9.32568533,
              45.37627383
            ],
            [
              9.32567255,
              45.37634408
            ],
            [
              9.32698586,
              45.37666584
            ],
            [
              9.32694252,
              45.37668643
            ],
            [
              9.32689205,
              45.37671857
            ],
            [
              9.32690025,
              45.37673301
            ],
            [
              9.32687428,
              45.37675433
            ],
            [
              9.32686662,
              45.37675252
            ],
            [
              9.32685848,
              45.3767684
            ],
            [
              9.32623236,
              45.3776083
            ],
            [
              9.32619927,
              45.37764513
            ],
            [
              9.32616717,
              45.37767079
            ],
            [
              9.32613858,
              45.37768239
            ],
            [
              9.3260793,
              45.37768795
            ],
            [
              9.32602815,
              45.37767691
            ],
            [
              9.32596115,
              45.37766552
            ],
            [
              9.32587532,
              45.37765397
            ],
            [
              9.32584059,
              45.37765792
            ],
            [
              9.32577016,
              45.37767455
            ],
            [
              9.32571557,
              45.37769838
            ],
            [
              9.32564679,
              45.37775905
            ],
            [
              9.32555913,
              45.37782442
            ],
            [
              9.32532656,
              45.37793457
            ],
            [
              9.32529753,
              45.3779631
            ],
            [
              9.32526697,
              45.37799163
            ],
            [
              9.32521649,
              45.37802486
            ],
            [
              9.3248462,
              45.37837807
            ],
            [
              9.32475863,
              45.37847847
            ],
            [
              9.32473575,
              45.37851603
            ],
            [
              9.32469762,
              45.37857994
            ],
            [
              9.32448158,
              45.37893857
            ],
            [
              9.32444752,
              45.37899418
            ],
            [
              9.3244043,
              45.37906281
            ],
            [
              9.32417648,
              45.37941203
            ],
            [
              9.32412568,
              45.37950955
            ],
            [
              9.322966847596197,
              45.37935957902102
            ],
            [
              9.32328187,
              45.37940408
            ],
            [
              9.32392623,
              45.37949119
            ],
            [
              9.32410266,
              45.37951553
            ],
            [
              9.32412261,
              45.37951656
            ],
            [
              9.32413847,
              45.37951939
            ],
            [
              9.32407185,
              45.3796351
            ],
            [
              9.32395177,
              45.37982079
            ],
            [
              9.32382415,
              45.38005112
            ],
            [
              9.32364843,
              45.38026286
            ],
            [
              9.3235802,
              45.3803559
            ],
            [
              9.32340075,
              45.38068859
            ],
            [
              9.32339055,
              45.38069258
            ],
            [
              9.32302045,
              45.38070404
            ],
            [
              9.32262585,
              45.38071702
            ],
            [
              9.32253442,
              45.3807234
            ],
            [
              9.32241554,
              45.38072771
            ],
            [
              9.32206008,
              45.38075779
            ],
            [
              9.3217811,
              45.38078375
            ],
            [
              9.32168063,
              45.38079921
            ],
            [
              9.3215861,
              45.38085415
            ],
            [
              9.32153499,
              45.38089388
            ],
            [
              9.32144237,
              45.38101132
            ],
            [
              9.32145171,
              45.38108593
            ],
            [
              9.32151975,
              45.38118656
            ],
            [
              9.32148687,
              45.38132565
            ],
            [
              9.32138037,
              45.3814435
            ],
            [
              9.32133356,
              45.38146923
            ],
            [
              9.32124998,
              45.38149349
            ],
            [
              9.32115136,
              45.38147123
            ],
            [
              9.32104711,
              45.38143416
            ],
            [
              9.32103567,
              45.38146073
            ],
            [
              9.3209053,
              45.381601
            ],
            [
              9.32079565,
              45.38166689
            ],
            [
              9.32075,
              45.38171303
            ],
            [
              9.32075741,
              45.38177698
            ],
            [
              9.32077958,
              45.38185468
            ],
            [
              9.32090353,
              45.38197687
            ],
            [
              9.32096701,
              45.38200591
            ],
            [
              9.32109017,
              45.38203171
            ],
            [
              9.32116156,
              45.38207554
            ],
            [
              9.32117347,
              45.38208505
            ],
            [
              9.32124685,
              45.38223335
            ],
            [
              9.32127611,
              45.38231638
            ],
            [
              9.321303,
              45.38239347
            ],
            [
              9.32142205,
              45.38254144
            ],
            [
              9.32138027,
              45.38273719
            ],
            [
              9.32137777,
              45.38274413
            ],
            [
              9.32132112,
              45.38276689
            ],
            [
              9.32128535,
              45.38287848
            ],
            [
              9.32129115,
              45.38288935
            ],
            [
              9.32135913,
              45.38307301
            ],
            [
              9.32137532,
              45.38312622
            ],
            [
              9.32141583,
              45.38328211
            ],
            [
              9.32142911,
              45.38344049
            ],
            [
              9.32144025,
              45.38356017
            ],
            [
              9.32143797,
              45.38362317
            ],
            [
              9.32142338,
              45.38366894
            ],
            [
              9.32140468,
              45.38371039
            ],
            [
              9.32123545,
              45.38382502
            ],
            [
              9.32100729,
              45.38398559
            ],
            [
              9.32091448,
              45.38405001
            ],
            [
              9.32082094,
              45.38408115
            ],
            [
              9.32074413,
              45.38412537
            ],
            [
              9.32065733,
              45.38426818
            ],
            [
              9.32065783,
              45.38429104
            ],
            [
              9.32065577,
              45.38431464
            ],
            [
              9.32068773,
              45.38433927
            ],
            [
              9.32071352,
              45.38442676
            ],
            [
              9.32072531,
              45.38453887
            ],
            [
              9.32072265,
              45.38461369
            ],
            [
              9.32072024,
              45.38464513
            ],
            [
              9.32071341,
              45.38466659
            ],
            [
              9.3207135,
              45.38467675
            ],
            [
              9.32071155,
              45.38470382
            ],
            [
              9.3207661,
              45.38507401
            ],
            [
              9.32077188,
              45.38533683
            ],
            [
              9.32077838,
              45.38554798
            ],
            [
              9.32078334,
              45.38572758
            ],
            [
              9.32078293,
              45.38582118
            ],
            [
              9.32081492,
              45.3859304
            ],
            [
              9.32088271,
              45.38613719
            ],
            [
              9.32098772,
              45.38645401
            ],
            [
              9.32081217,
              45.38645815
            ],
            [
              9.32079484,
              45.38645928
            ],
            [
              9.32077062,
              45.38640896
            ],
            [
              9.32074654,
              45.38638671
            ],
            [
              9.32072563,
              45.38639181
            ],
            [
              9.32063234,
              45.38641442
            ],
            [
              9.32055201,
              45.38639732
            ],
            [
              9.32049705,
              45.38644613
            ],
            [
              9.32039506,
              45.38642191
            ],
            [
              9.32030835,
              45.38642252
            ],
            [
              9.3202097,
              45.38640307
            ],
            [
              9.32010625,
              45.38639988
            ],
            [
              9.32006489,
              45.38641887
            ],
            [
              9.32002814,
              45.3864379
            ],
            [
              9.31995866,
              45.38647465
            ],
            [
              9.31991759,
              45.38651312
            ],
            [
              9.31986401,
              45.38652297
            ],
            [
              9.31977406,
              45.38657013
            ],
            [
              9.31969319,
              45.38659638
            ],
            [
              9.31962276,
              45.38661774
            ],
            [
              9.31955875,
              45.38663037
            ],
            [
              9.319293701344195,
              45.38660072761312
            ],
            [
              9.31929254,
              45.38688389
            ],
            [
              9.31923168,
              45.3871296
            ],
            [
              9.31912476,
              45.38757543
            ],
            [
              9.31907594,
              45.3877832
            ],
            [
              9.3189583,
              45.38798158
            ],
            [
              9.31878833,
              45.3881983
            ],
            [
              9.31871435,
              45.38827823
            ],
            [
              9.31851102,
              45.38847067
            ],
            [
              9.31845842,
              45.38852815
            ],
            [
              9.31833378,
              45.38865075
            ],
            [
              9.31824788,
              45.38871413
            ],
            [
              9.31794015,
              45.38882172
            ],
            [
              9.31765491,
              45.38891157
            ],
            [
              9.31737128,
              45.3890158
            ],
            [
              9.31705377,
              45.3891422
            ],
            [
              9.31689579,
              45.38920476
            ],
            [
              9.31668279,
              45.38929369
            ],
            [
              9.31661954,
              45.38932723
            ],
            [
              9.31637989,
              45.38945174
            ],
            [
              9.31614078,
              45.38957696
            ],
            [
              9.31603433,
              45.38963433
            ],
            [
              9.31598804,
              45.38965493
            ],
            [
              9.31586354,
              45.38972224
            ],
            [
              9.31580386,
              45.38975007
            ],
            [
              9.31562442,
              45.38982983
            ],
            [
              9.31550957,
              45.38989508
            ],
            [
              9.3154032,
              45.38999949
            ],
            [
              9.31534164,
              45.39009456
            ],
            [
              9.31528367,
              45.3902317
            ],
            [
              9.31525253,
              45.39033935
            ],
            [
              9.31523432,
              45.39047525
            ],
            [
              9.31527224,
              45.3909015
            ],
            [
              9.31530636,
              45.39097875
            ],
            [
              9.31536235,
              45.39105831
            ],
            [
              9.31548634,
              45.39113474
            ],
            [
              9.31563436,
              45.3912307
            ],
            [
              9.31587785,
              45.39134922
            ],
            [
              9.31605456,
              45.39143956
            ],
            [
              9.31630693,
              45.3915793
            ],
            [
              9.31635695,
              45.39161262
            ],
            [
              9.31647052,
              45.39171835
            ],
            [
              9.31658313,
              45.39184176
            ],
            [
              9.31666327,
              45.39194571
            ],
            [
              9.31671611,
              45.39204182
            ],
            [
              9.31673907,
              45.39212753
            ],
            [
              9.31675081,
              45.39223006
            ],
            [
              9.31678646,
              45.39252364
            ],
            [
              9.31683027,
              45.39280468
            ],
            [
              9.31684335,
              45.3929891
            ],
            [
              9.31683145,
              45.39303471
            ],
            [
              9.31673989,
              45.39317187
            ],
            [
              9.31671057,
              45.39320382
            ],
            [
              9.31645962,
              45.39334997
            ],
            [
              9.31639357,
              45.39338372
            ],
            [
              9.31622226,
              45.39344046
            ],
            [
              9.31603907,
              45.39349719
            ],
            [
              9.31585023,
              45.39354925
            ],
            [
              9.31573372,
              45.39356433
            ],
            [
              9.31550407,
              45.39360277
            ],
            [
              9.31515873,
              45.39364602
            ],
            [
              9.31482813,
              45.3936792
            ],
            [
              9.31460789,
              45.39366331
            ],
            [
              9.31441912,
              45.39362796
            ],
            [
              9.31433223,
              45.39357774
            ],
            [
              9.31411658,
              45.39345428
            ],
            [
              9.31386101,
              45.39327279
            ],
            [
              9.31367043,
              45.39314262
            ],
            [
              9.31343856,
              45.39300242
            ],
            [
              9.31334745,
              45.39295922
            ],
            [
              9.31330524,
              45.39293567
            ],
            [
              9.31317554,
              45.39285933
            ],
            [
              9.31287131,
              45.39270122
            ],
            [
              9.31264317,
              45.39261189
            ],
            [
              9.31234884,
              45.39250625
            ],
            [
              9.31220576,
              45.39247341
            ],
            [
              9.31200453,
              45.39246456
            ],
            [
              9.31177364,
              45.39246559
            ],
            [
              9.31158114,
              45.39248655
            ],
            [
              9.31140655,
              45.39252067
            ],
            [
              9.31109122,
              45.39261637
            ],
            [
              9.31097237,
              45.39271014
            ],
            [
              9.3108147,
              45.39296264
            ],
            [
              9.31061644,
              45.39266066
            ],
            [
              9.31048578,
              45.39247168
            ],
            [
              9.31048365,
              45.3922232
            ],
            [
              9.31036237,
              45.39212788
            ],
            [
              9.31023534,
              45.39203
            ],
            [
              9.31009701,
              45.39197266
            ],
            [
              9.30998721,
              45.39195221
            ],
            [
              9.30997105,
              45.39192754
            ],
            [
              9.30991632,
              45.39193667
            ],
            [
              9.30958791,
              45.39198433
            ],
            [
              9.3093443,
              45.3920161
            ],
            [
              9.30922414,
              45.39204885
            ],
            [
              9.30907685,
              45.39208782
            ],
            [
              9.30902993,
              45.39210095
            ],
            [
              9.30893693,
              45.3921304
            ],
            [
              9.30891062,
              45.39213804
            ],
            [
              9.3088995,
              45.39214127
            ],
            [
              9.3088037,
              45.39216239
            ],
            [
              9.30873636,
              45.39214462
            ],
            [
              9.30862307,
              45.39219038
            ],
            [
              9.30854646,
              45.39222817
            ],
            [
              9.30842986,
              45.39233512
            ],
            [
              9.30836332,
              45.39247022
            ],
            [
              9.30830864,
              45.39258528
            ],
            [
              9.30825583,
              45.39269636
            ],
            [
              9.30819908,
              45.39276328
            ],
            [
              9.3081102,
              45.3928123
            ],
            [
              9.30795395,
              45.39286879
            ],
            [
              9.30777285,
              45.39291672
            ],
            [
              9.30770782,
              45.39293393
            ],
            [
              9.30741375,
              45.39299096
            ],
            [
              9.30701195,
              45.393065
            ],
            [
              9.30677449,
              45.39314235
            ],
            [
              9.30673577,
              45.39314319
            ],
            [
              9.30670412,
              45.39314254
            ],
            [
              9.30667576,
              45.39314186
            ],
            [
              9.30617396,
              45.39315335
            ],
            [
              9.3057005,
              45.39316259
            ],
            [
              9.3054225,
              45.39317397
            ],
            [
              9.30498756,
              45.39319573
            ],
            [
              9.30494436,
              45.39320374
            ],
            [
              9.30487462,
              45.39319921
            ],
            [
              9.30484099,
              45.3931811
            ],
            [
              9.30475957,
              45.39315656
            ],
            [
              9.30472819,
              45.39316658
            ],
            [
              9.3048454,
              45.39341357
            ],
            [
              9.30483941,
              45.39348509
            ],
            [
              9.30483476,
              45.39351206
            ],
            [
              9.30481058,
              45.39353435
            ],
            [
              9.30471751,
              45.39354282
            ],
            [
              9.30464353,
              45.39353769
            ],
            [
              9.30454062,
              45.39352778
            ],
            [
              9.30424568,
              45.39352513
            ],
            [
              9.3039726,
              45.3935093
            ],
            [
              9.30379807,
              45.39350042
            ],
            [
              9.30372306,
              45.3934834
            ],
            [
              9.30368453,
              45.39347705
            ],
            [
              9.30348436,
              45.39347865
            ],
            [
              9.30320674,
              45.39347772
            ],
            [
              9.30307668,
              45.39348183
            ],
            [
              9.30287045,
              45.39350624
            ],
            [
              9.30283551,
              45.39350997
            ],
            [
              9.30266782,
              45.39352497
            ],
            [
              9.30264302,
              45.39353191
            ],
            [
              9.30261567,
              45.39353891
            ],
            [
              9.30238584,
              45.39359765
            ],
            [
              9.30239798,
              45.39361374
            ],
            [
              9.30207018,
              45.39369737
            ],
            [
              9.30205729,
              45.39368095
            ],
            [
              9.30184716,
              45.3937349
            ],
            [
              9.30168412,
              45.39376333
            ],
            [
              9.30160766,
              45.39377584
            ],
            [
              9.30148618,
              45.39381374
            ],
            [
              9.30147281,
              45.39384083
            ],
            [
              9.30148968,
              45.39385874
            ],
            [
              9.30125947,
              45.39387164
            ],
            [
              9.30107051,
              45.39388477
            ],
            [
              9.30082862,
              45.39388834
            ],
            [
              9.3006515,
              45.39389277
            ],
            [
              9.30042475,
              45.39389845
            ],
            [
              9.30034177,
              45.3939006
            ],
            [
              9.30027458,
              45.39390164
            ],
            [
              9.29973364,
              45.39392421
            ],
            [
              9.29961413,
              45.39367137
            ],
            [
              9.29964676,
              45.39366121
            ],
            [
              9.29928511,
              45.39305589
            ],
            [
              9.29927321,
              45.39303595
            ],
            [
              9.29874489,
              45.39213992
            ],
            [
              9.29886262546646,
              45.392102836477385
            ],
            [
              9.29885893,
              45.39209767
            ],
            [
              9.29882557,
              45.39210809
            ],
            [
              9.29870333,
              45.39214516
            ],
            [
              9.2986468,
              45.39216271
            ],
            [
              9.2986038,
              45.39217742
            ],
            [
              9.29844304,
              45.39222868
            ],
            [
              9.29822902,
              45.39229392
            ],
            [
              9.2979945,
              45.39236526
            ],
            [
              9.29791156,
              45.39239107
            ],
            [
              9.29767962,
              45.39246385
            ],
            [
              9.29745122,
              45.39253244
            ],
            [
              9.29738315,
              45.39255241
            ],
            [
              9.29730954,
              45.39257401
            ],
            [
              9.29728023,
              45.39258353
            ],
            [
              9.29725891,
              45.39259139
            ],
            [
              9.29723935,
              45.39259257
            ],
            [
              9.29720884,
              45.39259609
            ],
            [
              9.29716941,
              45.39256064
            ],
            [
              9.29716762,
              45.39255721
            ],
            [
              9.29714136,
              45.39250646
            ],
            [
              9.29711111,
              45.392448
            ],
            [
              9.29706311,
              45.39235714
            ],
            [
              9.29703251,
              45.39229923
            ],
            [
              9.29698686,
              45.39221345
            ],
            [
              9.29692451,
              45.39209642
            ],
            [
              9.29688054,
              45.39201534
            ],
            [
              9.29685178,
              45.39203053
            ],
            [
              9.29671054,
              45.39209355
            ],
            [
              9.29660895,
              45.39214243
            ],
            [
              9.29659729,
              45.39215037
            ],
            [
              9.29647312,
              45.39220832
            ],
            [
              9.29644321,
              45.39222351
            ],
            [
              9.29634792,
              45.39226769
            ],
            [
              9.29616899,
              45.39234989
            ],
            [
              9.29603316,
              45.39241505
            ],
            [
              9.29595713,
              45.39245305
            ],
            [
              9.29579845,
              45.39252297
            ],
            [
              9.29563981,
              45.39259863
            ],
            [
              9.29556681,
              45.39263196
            ],
            [
              9.29553591,
              45.39264745
            ],
            [
              9.29548014,
              45.39267543
            ],
            [
              9.29546798,
              45.39268152
            ],
            [
              9.2954016,
              45.39271303
            ],
            [
              9.29539809,
              45.39271513
            ],
            [
              9.295356,
              45.39274014
            ],
            [
              9.29532551,
              45.39274061
            ],
            [
              9.29530685,
              45.39272579
            ],
            [
              9.29529841,
              45.39270872
            ],
            [
              9.29523583,
              45.3925951
            ],
            [
              9.29520841,
              45.3925299
            ],
            [
              9.29519471,
              45.39249696
            ],
            [
              9.29515891,
              45.39241296
            ],
            [
              9.29511253,
              45.39229712
            ],
            [
              9.29505459,
              45.39215811
            ],
            [
              9.29503688,
              45.39215141
            ],
            [
              9.29502284,
              45.39215339
            ],
            [
              9.29494723,
              45.39215142
            ],
            [
              9.29489487,
              45.39214407
            ],
            [
              9.29490017,
              45.39217461
            ],
            [
              9.29481092,
              45.39251888
            ],
            [
              9.2944443,
              45.39231823
            ],
            [
              9.29446305,
              45.39230428
            ],
            [
              9.29472595,
              45.3920898
            ],
            [
              9.29430232,
              45.39182593
            ],
            [
              9.29445219,
              45.39173197
            ],
            [
              9.29450745,
              45.39170384
            ],
            [
              9.29460117,
              45.39167063
            ],
            [
              9.29458289,
              45.39161691
            ],
            [
              9.29456142,
              45.3916227
            ],
            [
              9.29449204,
              45.39164816
            ],
            [
              9.29441552,
              45.39168121
            ],
            [
              9.29437063,
              45.39170301
            ],
            [
              9.29431656,
              45.3917335
            ],
            [
              9.29414315,
              45.39184923
            ],
            [
              9.29405439,
              45.39190585
            ],
            [
              9.29400645,
              45.39194357
            ],
            [
              9.29388558,
              45.39203318
            ],
            [
              9.29377542,
              45.39211407
            ],
            [
              9.29372235,
              45.39215072
            ],
            [
              9.29357687,
              45.39207416
            ],
            [
              9.29321958,
              45.3918799
            ],
            [
              9.29298428,
              45.39175424
            ],
            [
              9.29294089,
              45.39172969
            ],
            [
              9.29309277,
              45.39158741
            ],
            [
              9.29306624,
              45.39157746
            ],
            [
              9.29271057,
              45.39145383
            ],
            [
              9.29251807,
              45.39138605
            ],
            [
              9.29250922,
              45.39135149
            ],
            [
              9.29257183,
              45.39129667
            ],
            [
              9.29276368,
              45.3911232
            ],
            [
              9.29293644,
              45.39096705
            ],
            [
              9.29305606,
              45.39086178
            ],
            [
              9.29317298,
              45.39075817
            ],
            [
              9.2932817,
              45.3906614
            ],
            [
              9.29340268,
              45.39055496
            ],
            [
              9.29352827,
              45.39044639
            ],
            [
              9.29360739,
              45.3903765
            ],
            [
              9.293614,
              45.39036573
            ],
            [
              9.29377073,
              45.39022847
            ],
            [
              9.29387228,
              45.39013672
            ],
            [
              9.29396723,
              45.39005141
            ],
            [
              9.29401808,
              45.39000685
            ],
            [
              9.2940097882582,
              45.390002137602494
            ],
            [
              9.29375083,
              45.39023102
            ],
            [
              9.29349087,
              45.39045667
            ],
            [
              9.29320429,
              45.39071215
            ],
            [
              9.29300317,
              45.3908929
            ],
            [
              9.29295252,
              45.39093782
            ],
            [
              9.29257025,
              45.39126514
            ],
            [
              9.29252472,
              45.39130503
            ],
            [
              9.29250629,
              45.39132407
            ],
            [
              9.29249094,
              45.39133917
            ],
            [
              9.29135451,
              45.39097023
            ],
            [
              9.28990239,
              45.39049727
            ],
            [
              9.28960708,
              45.39040034
            ],
            [
              9.28955964,
              45.39038619
            ],
            [
              9.28939999,
              45.39033312
            ],
            [
              9.28858973,
              45.39100021
            ],
            [
              9.28854858,
              45.39097616
            ],
            [
              9.28846014,
              45.39092237
            ],
            [
              9.28841287,
              45.39089403
            ],
            [
              9.28825737,
              45.39079827
            ],
            [
              9.28819283,
              45.39075667
            ],
            [
              9.28804802,
              45.39065842
            ],
            [
              9.28768724,
              45.39041101
            ],
            [
              9.28766438,
              45.39039738
            ],
            [
              9.28669771,
              45.39116659
            ],
            [
              9.28666205,
              45.39120979
            ],
            [
              9.28665571,
              45.39124138
            ],
            [
              9.28667012,
              45.3912595
            ],
            [
              9.28670396,
              45.39128452
            ],
            [
              9.28670403,
              45.39129392
            ],
            [
              9.28670619,
              45.39131091
            ],
            [
              9.28651872,
              45.39146188
            ],
            [
              9.28638418,
              45.39156982
            ],
            [
              9.28637323,
              45.3915786
            ],
            [
              9.28630853,
              45.39162073
            ],
            [
              9.28619181,
              45.39153515
            ],
            [
              9.28593176,
              45.39134538
            ],
            [
              9.28586973,
              45.39129692
            ],
            [
              9.2857518,
              45.39120326
            ],
            [
              9.28567696,
              45.39114757
            ],
            [
              9.28551138,
              45.391021
            ],
            [
              9.28546495,
              45.39098568
            ],
            [
              9.28542038,
              45.39095384
            ],
            [
              9.28532213,
              45.39087926
            ],
            [
              9.28528414,
              45.39085163
            ],
            [
              9.28520162,
              45.39078718
            ],
            [
              9.28520875,
              45.39078357
            ],
            [
              9.28519052,
              45.39076815
            ],
            [
              9.28513943,
              45.39080974
            ],
            [
              9.28471953,
              45.39114754
            ],
            [
              9.2846102,
              45.39123646
            ],
            [
              9.28442221,
              45.39138566
            ],
            [
              9.28434967,
              45.39144411
            ],
            [
              9.28429858,
              45.39148465
            ],
            [
              9.28421378,
              45.39155313
            ],
            [
              9.28334429,
              45.39225205
            ],
            [
              9.28332847,
              45.39226247
            ],
            [
              9.282996703250884,
              45.39252370326795
            ],
            [
              9.28310201,
              45.39259136
            ],
            [
              9.2832259,
              45.39267259
            ],
            [
              9.28333195,
              45.39274185
            ],
            [
              9.28302638,
              45.39299837
            ],
            [
              9.28247624,
              45.39345634
            ],
            [
              9.28222198,
              45.39366462
            ],
            [
              9.28173843,
              45.39407116
            ],
            [
              9.2818556,
              45.39413545
            ],
            [
              9.28201799,
              45.3942248
            ],
            [
              9.28217321,
              45.39431269
            ],
            [
              9.28234676,
              45.39439454
            ],
            [
              9.28245237,
              45.39443177
            ],
            [
              9.2821362,
              45.394696
            ],
            [
              9.28132325,
              45.39536395
            ],
            [
              9.28057068,
              45.39597868
            ],
            [
              9.2799291,
              45.39651253
            ],
            [
              9.27984415,
              45.39658443
            ],
            [
              9.27956071,
              45.39681954
            ],
            [
              9.27950955,
              45.39686017
            ],
            [
              9.27948449,
              45.39686984
            ],
            [
              9.27947271,
              45.39689756
            ],
            [
              9.27909818,
              45.39720672
            ],
            [
              9.2786326,
              45.39758525
            ],
            [
              9.27814295,
              45.39798788
            ],
            [
              9.2777331,
              45.3983211
            ],
            [
              9.27774843,
              45.39833192
            ],
            [
              9.27773207,
              45.39834271
            ],
            [
              9.27770346,
              45.39832533
            ],
            [
              9.27771065,
              45.39831524
            ],
            [
              9.27753544,
              45.39822757
            ],
            [
              9.27739283,
              45.39815707
            ],
            [
              9.2770812,
              45.39799925
            ],
            [
              9.27622382,
              45.3975744
            ],
            [
              9.27587933,
              45.39740345
            ],
            [
              9.27562983,
              45.39727803
            ],
            [
              9.27553801,
              45.39723298
            ],
            [
              9.27542637,
              45.39734923
            ],
            [
              9.27505073,
              45.39774177
            ],
            [
              9.27451764,
              45.39830987
            ],
            [
              9.27415198,
              45.3986976
            ],
            [
              9.27410556,
              45.39874549
            ],
            [
              9.27415056,
              45.3987584
            ],
            [
              9.27426104,
              45.39879548
            ],
            [
              9.27426213,
              45.39879583
            ],
            [
              9.27426898,
              45.39879814
            ],
            [
              9.27476493,
              45.39896453
            ],
            [
              9.27454806,
              45.39920608
            ],
            [
              9.2742787,
              45.39952375
            ],
            [
              9.27445901,
              45.39965434
            ],
            [
              9.27449149,
              45.39970668
            ],
            [
              9.27481132,
              45.39980208
            ],
            [
              9.27480706,
              45.39981541
            ],
            [
              9.2748187,
              45.39981972
            ],
            [
              9.27483237,
              45.39979017
            ],
            [
              9.27525789,
              45.39992628
            ],
            [
              9.27528426,
              45.39990092
            ],
            [
              9.27541183,
              45.39994313
            ],
            [
              9.27549111,
              45.39996597
            ],
            [
              9.27556378,
              45.39998982
            ],
            [
              9.27566389,
              45.40001531
            ],
            [
              9.27562857,
              45.40005201
            ],
            [
              9.27536252,
              45.40028038
            ],
            [
              9.27496089,
              45.40061555
            ],
            [
              9.2749133,
              45.40065583
            ],
            [
              9.27477618,
              45.40076731
            ],
            [
              9.27428451,
              45.40117187
            ],
            [
              9.27401791,
              45.40139083
            ],
            [
              9.27400157,
              45.40138181
            ],
            [
              9.27396837,
              45.40136124
            ],
            [
              9.27388049,
              45.40131105
            ],
            [
              9.2737129,
              45.4012125
            ],
            [
              9.27321017,
              45.40091973
            ],
            [
              9.27307306,
              45.40084076
            ],
            [
              9.27303926,
              45.40081988
            ],
            [
              9.27280765,
              45.40069319
            ],
            [
              9.27255198,
              45.40055932
            ],
            [
              9.27233013,
              45.4004265
            ],
            [
              9.27207647,
              45.40027608
            ],
            [
              9.27189971,
              45.40017207
            ],
            [
              9.27181414,
              45.4001386
            ],
            [
              9.27163841,
              45.40003207
            ],
            [
              9.27152877,
              45.39998312
            ],
            [
              9.27151852,
              45.39997699
            ],
            [
              9.27155332,
              45.39994608
            ],
            [
              9.27147134,
              45.39990254
            ],
            [
              9.27143602,
              45.39992805
            ],
            [
              9.27136122,
              45.3998827
            ],
            [
              9.27129204,
              45.39983699
            ],
            [
              9.27114702,
              45.39974811
            ],
            [
              9.27106095,
              45.39969449
            ],
            [
              9.2709185,
              45.39960093
            ],
            [
              9.27088827,
              45.39958186
            ],
            [
              9.27082279,
              45.39954266
            ],
            [
              9.27080045,
              45.39952952
            ],
            [
              9.2706423,
              45.39942936
            ],
            [
              9.2704285,
              45.39929953
            ],
            [
              9.27028321,
              45.39921645
            ],
            [
              9.27024922,
              45.39916021
            ],
            [
              9.27020913,
              45.39910613
            ],
            [
              9.26990208,
              45.39890936
            ],
            [
              9.26981543,
              45.39887261
            ],
            [
              9.26979998,
              45.39882243
            ],
            [
              9.26981223,
              45.39877756
            ],
            [
              9.26985725,
              45.39873713
            ],
            [
              9.26984031,
              45.39870652
            ],
            [
              9.26968755,
              45.39866684
            ],
            [
              9.26960394,
              45.39861443
            ],
            [
              9.26956801,
              45.39857023
            ],
            [
              9.26960569,
              45.39842022
            ],
            [
              9.26959944,
              45.39837871
            ],
            [
              9.26935631,
              45.39810808
            ],
            [
              9.26929041,
              45.39798511
            ],
            [
              9.26930997,
              45.39776615
            ],
            [
              9.26953831,
              45.39746281
            ],
            [
              9.26982111,
              45.39709119
            ],
            [
              9.27010206,
              45.39671181
            ],
            [
              9.27025296,
              45.39650998
            ],
            [
              9.27036967,
              45.39635561
            ],
            [
              9.27030249,
              45.39634449
            ],
            [
              9.2702699,
              45.39633566
            ],
            [
              9.27002593,
              45.39625745
            ],
            [
              9.26967756,
              45.39614957
            ],
            [
              9.2696083,
              45.396128
            ],
            [
              9.26963145,
              45.39607262
            ],
            [
              9.26968757,
              45.39592492
            ],
            [
              9.26971485,
              45.39586989
            ],
            [
              9.26980084,
              45.39565268
            ],
            [
              9.26996095,
              45.39524904
            ],
            [
              9.27000676,
              45.39513609
            ],
            [
              9.2701113,
              45.39486675
            ],
            [
              9.27015815,
              45.39475018
            ],
            [
              9.27019829,
              45.39464123
            ],
            [
              9.27024259,
              45.39453768
            ],
            [
              9.27026851,
              45.39446443
            ],
            [
              9.27030478,
              45.39433485
            ],
            [
              9.27037136,
              45.39411713
            ],
            [
              9.27041518,
              45.39396707
            ],
            [
              9.27040945,
              45.39393549
            ],
            [
              9.27043925,
              45.39393136
            ],
            [
              9.2704808,
              45.39390187
            ],
            [
              9.27036554,
              45.39384927
            ],
            [
              9.2701294,
              45.39379501
            ],
            [
              9.26996611,
              45.39376321
            ],
            [
              9.26970142,
              45.39369997
            ],
            [
              9.26947137,
              45.39364485
            ],
            [
              9.26914566,
              45.393598
            ],
            [
              9.26873432,
              45.39354133
            ],
            [
              9.26861448,
              45.39351053
            ],
            [
              9.26853761,
              45.39347397
            ],
            [
              9.26847126,
              45.39343241
            ],
            [
              9.26846734,
              45.39341225
            ],
            [
              9.26845642,
              45.3933891
            ],
            [
              9.26844623,
              45.39336244
            ],
            [
              9.26850013,
              45.39313916
            ],
            [
              9.2685739,
              45.3928506
            ],
            [
              9.26864148,
              45.39259995
            ],
            [
              9.26871235,
              45.39248402
            ],
            [
              9.26890933,
              45.39226196
            ],
            [
              9.26903596,
              45.3921131
            ],
            [
              9.26910608,
              45.39201538
            ],
            [
              9.26927254,
              45.39178697
            ],
            [
              9.26943642,
              45.39156326
            ],
            [
              9.26960084,
              45.3913424
            ],
            [
              9.26964589,
              45.39128079
            ],
            [
              9.26974065,
              45.39115398
            ],
            [
              9.26975206,
              45.39109179
            ],
            [
              9.26962439,
              45.39099957
            ],
            [
              9.269565196875444,
              45.39091439613977
            ],
            [
              9.26956542,
              45.39092181
            ],
            [
              9.26962658,
              45.39100893
            ],
            [
              9.26973993,
              45.39108906
            ],
            [
              9.26963087,
              45.39106958
            ],
            [
              9.26943811,
              45.39104124
            ],
            [
              9.2692271,
              45.39098958
            ],
            [
              9.26895994,
              45.39092636
            ],
            [
              9.26862682,
              45.39083786
            ],
            [
              9.26844087,
              45.3907909
            ],
            [
              9.26832899,
              45.3907667
            ],
            [
              9.26809963,
              45.39072295
            ],
            [
              9.26806542,
              45.39072256
            ],
            [
              9.26803016,
              45.39070884
            ],
            [
              9.26796463,
              45.39064887
            ],
            [
              9.26794267,
              45.39064421
            ],
            [
              9.2678629,
              45.39061917
            ],
            [
              9.26756049,
              45.3905412
            ],
            [
              9.26721315,
              45.39045244
            ],
            [
              9.26689691,
              45.390369
            ],
            [
              9.26656998,
              45.39028378
            ],
            [
              9.2664244,
              45.39024624
            ],
            [
              9.26641871,
              45.3902232
            ],
            [
              9.26642793,
              45.39020733
            ],
            [
              9.26641252,
              45.3902034
            ],
            [
              9.26640014,
              45.39019796
            ],
            [
              9.26655988,
              45.38994771
            ],
            [
              9.2667244,
              45.38968344
            ],
            [
              9.26688023,
              45.38943612
            ],
            [
              9.26698395,
              45.38927221
            ],
            [
              9.26720523,
              45.38892958
            ],
            [
              9.26740809,
              45.38861151
            ],
            [
              9.26747602,
              45.38850102
            ],
            [
              9.26748632,
              45.38850319
            ],
            [
              9.26749708,
              45.38848549
            ],
            [
              9.26748881,
              45.38848082
            ],
            [
              9.26766886,
              45.38817958
            ],
            [
              9.26774604,
              45.38805093
            ],
            [
              9.26777694,
              45.38798772
            ],
            [
              9.2675706,
              45.38792301
            ],
            [
              9.2671519,
              45.38777955
            ],
            [
              9.26700198,
              45.38772947
            ],
            [
              9.2669602,
              45.38770019
            ],
            [
              9.26695164,
              45.38768156
            ],
            [
              9.2669607,
              45.38766994
            ],
            [
              9.26700351,
              45.38763139
            ],
            [
              9.26707903,
              45.38751064
            ],
            [
              9.26660248,
              45.38736545
            ],
            [
              9.26684794,
              45.38701214
            ],
            [
              9.26706415,
              45.38669285
            ],
            [
              9.26709589,
              45.38664515
            ],
            [
              9.26715133,
              45.38656371
            ],
            [
              9.26717948,
              45.38649327
            ],
            [
              9.26685416,
              45.38637464
            ],
            [
              9.26674588,
              45.38633576
            ],
            [
              9.26668997,
              45.38631567
            ],
            [
              9.26644494,
              45.386226
            ],
            [
              9.26631398,
              45.38617754
            ],
            [
              9.26617824,
              45.38612912
            ],
            [
              9.26381003,
              45.38813283
            ],
            [
              9.26379773,
              45.38814325
            ],
            [
              9.26380094,
              45.38815031
            ],
            [
              9.26381515,
              45.38818168
            ],
            [
              9.26374542,
              45.38825724
            ],
            [
              9.26358769,
              45.38842814
            ],
            [
              9.26440953,
              45.38694911
            ],
            [
              9.26447528,
              45.38688131
            ],
            [
              9.26448089,
              45.38678356
            ],
            [
              9.26414817,
              45.38663237
            ],
            [
              9.26411119,
              45.38655726
            ],
            [
              9.26413,
              45.38650309
            ],
            [
              9.26465109,
              45.38567603
            ],
            [
              9.26463774,
              45.38560451
            ],
            [
              9.26460956,
              45.38559542
            ],
            [
              9.26460464,
              45.38559382
            ],
            [
              9.26457412,
              45.38558641
            ],
            [
              9.26455861,
              45.38558126
            ],
            [
              9.2645612,
              45.38557052
            ],
            [
              9.26431038,
              45.38549675
            ],
            [
              9.26399388,
              45.38540309
            ],
            [
              9.26390659,
              45.38537765
            ],
            [
              9.26388827,
              45.38537232
            ],
            [
              9.26383298,
              45.38535643
            ],
            [
              9.26385579,
              45.38530854
            ],
            [
              9.26394514,
              45.38512774
            ],
            [
              9.2638471,
              45.38510193
            ],
            [
              9.26377481,
              45.3850831
            ],
            [
              9.26362396,
              45.38504393
            ],
            [
              9.2633925,
              45.38498431
            ],
            [
              9.26320407,
              45.38493553
            ],
            [
              9.2629521,
              45.38486833
            ],
            [
              9.26284613,
              45.38484086
            ],
            [
              9.26275507,
              45.38481718
            ],
            [
              9.26275454,
              45.38481704
            ],
            [
              9.26275366,
              45.38481681
            ],
            [
              9.2627508,
              45.38481607
            ],
            [
              9.26243081,
              45.38473283
            ],
            [
              9.26230125,
              45.38470066
            ],
            [
              9.26197405,
              45.38461502
            ],
            [
              9.26185539,
              45.38458485
            ],
            [
              9.26185196,
              45.38458398
            ],
            [
              9.26184996,
              45.38458347
            ],
            [
              9.26184572,
              45.38458239
            ],
            [
              9.26175437,
              45.38455916
            ],
            [
              9.26184086,
              45.3843849
            ],
            [
              9.26197159,
              45.3841354
            ],
            [
              9.26200619,
              45.38407095
            ],
            [
              9.26183294,
              45.38402734
            ],
            [
              9.26185023,
              45.38399422
            ],
            [
              9.26178993,
              45.3839981
            ],
            [
              9.26174657,
              45.3840009
            ],
            [
              9.26174606,
              45.38400093
            ],
            [
              9.26169576,
              45.38400416
            ],
            [
              9.26169509,
              45.38400421
            ],
            [
              9.26168312,
              45.38400498
            ],
            [
              9.26082726,
              45.38405915
            ],
            [
              9.26016602,
              45.38410003
            ],
            [
              9.25994833,
              45.3841136
            ],
            [
              9.25962241,
              45.38414264
            ],
            [
              9.25943997,
              45.38273047
            ],
            [
              9.26071615,
              45.38266596
            ],
            [
              9.26078092,
              45.38257782
            ],
            [
              9.26081507,
              45.38253133
            ],
            [
              9.26098488,
              45.38230019
            ],
            [
              9.26111669,
              45.38211659
            ],
            [
              9.26177787,
              45.38202492
            ],
            [
              9.26210375,
              45.38198516
            ],
            [
              9.26209737,
              45.38192654
            ],
            [
              9.26209657,
              45.38191914
            ],
            [
              9.26211812,
              45.38187444
            ],
            [
              9.26216783,
              45.3818543
            ],
            [
              9.2622058,
              45.38185356
            ],
            [
              9.26222411,
              45.3818532
            ],
            [
              9.2622138,
              45.38182744
            ],
            [
              9.2622044,
              45.38180396
            ],
            [
              9.26218355,
              45.38165786
            ],
            [
              9.26217472,
              45.38160788
            ],
            [
              9.26213379,
              45.38143856
            ],
            [
              9.26206555,
              45.38112941
            ],
            [
              9.26201621,
              45.38089039
            ],
            [
              9.26197578,
              45.38094675
            ],
            [
              9.26195101,
              45.38092874
            ],
            [
              9.26199826,
              45.38086557
            ],
            [
              9.26200922,
              45.38085802
            ],
            [
              9.26191151,
              45.38038824
            ],
            [
              9.26183371,
              45.38001944
            ],
            [
              9.26177725,
              45.37976386
            ],
            [
              9.26172344,
              45.37952149
            ],
            [
              9.26169472,
              45.37938557
            ],
            [
              9.261504,
              45.37932468
            ],
            [
              9.26130051,
              45.37925825
            ],
            [
              9.26090418,
              45.37965641
            ],
            [
              9.26061267,
              45.3799462
            ],
            [
              9.26058413,
              45.38002313
            ],
            [
              9.26031374,
              45.38003836
            ],
            [
              9.26022528,
              45.38025366
            ],
            [
              9.25982015,
              45.38009513
            ],
            [
              9.25958625,
              45.38000361
            ],
            [
              9.25955976,
              45.38000108
            ],
            [
              9.25954499,
              45.37999819
            ],
            [
              9.25942931,
              45.3799474
            ],
            [
              9.25939975,
              45.37992794
            ],
            [
              9.25973824,
              45.37955283
            ],
            [
              9.26000345,
              45.37925835
            ],
            [
              9.26026647,
              45.37897448
            ],
            [
              9.26044621,
              45.37877941
            ],
            [
              9.26061495,
              45.37860257
            ],
            [
              9.26072329,
              45.37848596
            ],
            [
              9.26048059,
              45.37838266
            ],
            [
              9.25985225,
              45.37811423
            ],
            [
              9.25930611,
              45.37788644
            ],
            [
              9.25910605,
              45.377806
            ],
            [
              9.25898465,
              45.37775971
            ],
            [
              9.25889737,
              45.37770791
            ],
            [
              9.25886124,
              45.37762585
            ],
            [
              9.2588335,
              45.37748587
            ],
            [
              9.25879505,
              45.37717504
            ],
            [
              9.25877154,
              45.37699697
            ],
            [
              9.25870608,
              45.37663142
            ],
            [
              9.25865274,
              45.37633027
            ],
            [
              9.25863005,
              45.37621549
            ],
            [
              9.25862729,
              45.37611802
            ],
            [
              9.25862658,
              45.37601587
            ],
            [
              9.25868908,
              45.37602174
            ],
            [
              9.25871981,
              45.37602576
            ],
            [
              9.25877052,
              45.37602945
            ],
            [
              9.25891957,
              45.37604737
            ],
            [
              9.25951268,
              45.37612336
            ],
            [
              9.2602313,
              45.37621253
            ],
            [
              9.260823608246216,
              45.37628718479737
            ],
            [
              9.26080707,
              45.37628509
            ],
            [
              9.25993757,
              45.37617385
            ],
            [
              9.25890183,
              45.37604041
            ],
            [
              9.25876423,
              45.37601965
            ],
            [
              9.25871309,
              45.37601392
            ],
            [
              9.25867473,
              45.37601107
            ],
            [
              9.25862154,
              45.37600537
            ],
            [
              9.25861279,
              45.37582505
            ],
            [
              9.25862339,
              45.37571852
            ],
            [
              9.25858955,
              45.3753264
            ],
            [
              9.25857976,
              45.3751486
            ],
            [
              9.25856092,
              45.37486414
            ],
            [
              9.25854721,
              45.37459686
            ],
            [
              9.2585393,
              45.37436518
            ],
            [
              9.25852668,
              45.37411155
            ],
            [
              9.25849816,
              45.37403028
            ],
            [
              9.25846911,
              45.37376058
            ]
          ]
        ]
      }
    },
    {
      "type": "Feature",
      "properties": {
        "name": "San Zenone al Lambro",
        "istat_code": "015202",
        "administrative_unit": "I415",
        "sheet_count": 3,
        "source": "Agenzia Entrate WFS CP:CadastralZoning, fogli catastali raggruppati per comune"
      },
      "geometry": {
        "type": "Polygon",
        "coordinates": [
          [
            [
              9.34066754,
              45.33681095
            ],
            [
              9.34072428,
              45.33658461
            ],
            [
              9.34076435,
              45.33642306
            ],
            [
              9.34076883,
              45.33640502
            ],
            [
              9.34077845,
              45.33637304
            ],
            [
              9.34082209,
              45.33622792
            ],
            [
              9.34085044,
              45.33610424
            ],
            [
              9.34090809,
              45.33584641
            ],
            [
              9.34094551,
              45.33566974
            ],
            [
              9.34105894,
              45.33542973
            ],
            [
              9.34110166,
              45.33532833
            ],
            [
              9.34116588,
              45.33524667
            ],
            [
              9.34121073,
              45.33518563
            ],
            [
              9.34133528,
              45.33510484
            ],
            [
              9.34133405,
              45.33505012
            ],
            [
              9.34156341,
              45.33491925
            ],
            [
              9.34176079,
              45.33484423
            ],
            [
              9.34204135,
              45.33475891
            ],
            [
              9.34209593,
              45.33474185
            ],
            [
              9.34244492,
              45.33465814
            ],
            [
              9.34267569,
              45.33464673
            ],
            [
              9.3428447,
              45.33463943
            ],
            [
              9.3431655,
              45.33467024
            ],
            [
              9.34360849,
              45.33475781
            ],
            [
              9.34414833,
              45.33486374
            ],
            [
              9.34424833,
              45.33496145
            ],
            [
              9.34456366,
              45.33499953
            ],
            [
              9.34488409,
              45.33498231
            ],
            [
              9.34517138,
              45.33498465
            ],
            [
              9.34540711,
              45.3349481
            ],
            [
              9.34576327,
              45.33484519
            ],
            [
              9.34607963,
              45.33478102
            ],
            [
              9.34609121,
              45.33477411
            ],
            [
              9.3462929,
              45.33465383
            ],
            [
              9.34654037,
              45.33444129
            ],
            [
              9.34665316,
              45.33435294
            ],
            [
              9.34700114,
              45.33408244
            ],
            [
              9.34733075,
              45.33377801
            ],
            [
              9.34739349,
              45.33361517
            ],
            [
              9.34744219,
              45.33352219
            ],
            [
              9.34747313,
              45.33346669
            ],
            [
              9.34768931,
              45.3333346
            ],
            [
              9.34777816,
              45.33330002
            ],
            [
              9.34780457,
              45.33328994
            ],
            [
              9.34817124,
              45.33330086
            ],
            [
              9.34855384,
              45.33345794
            ],
            [
              9.34872034,
              45.33352633
            ],
            [
              9.34906916,
              45.33365226
            ],
            [
              9.3494425,
              45.33378358
            ],
            [
              9.3499729,
              45.33386676
            ],
            [
              9.35037682,
              45.33388783
            ],
            [
              9.35055373,
              45.33386328
            ],
            [
              9.35069644,
              45.33387073
            ],
            [
              9.35099111,
              45.33387797
            ],
            [
              9.3510042,
              45.33385245
            ],
            [
              9.35095798,
              45.33375251
            ],
            [
              9.35106266,
              45.33368829
            ],
            [
              9.35101122,
              45.33356722
            ],
            [
              9.35110607,
              45.3334065
            ],
            [
              9.35109978,
              45.33320704
            ],
            [
              9.35106985,
              45.33311492
            ],
            [
              9.35102082,
              45.33295363
            ],
            [
              9.35096806,
              45.33289785
            ],
            [
              9.35087073,
              45.33279271
            ],
            [
              9.35071246,
              45.33261996
            ],
            [
              9.35065434,
              45.3325588
            ],
            [
              9.35060089,
              45.33250257
            ],
            [
              9.3505327,
              45.3324308
            ],
            [
              9.35053124,
              45.33238328
            ],
            [
              9.35052087,
              45.33218241
            ],
            [
              9.35050804,
              45.33199307
            ],
            [
              9.35049681,
              45.3318131
            ],
            [
              9.35048618,
              45.33170332
            ],
            [
              9.35050797,
              45.33161725
            ],
            [
              9.35051235,
              45.33159096
            ],
            [
              9.35054981,
              45.33154376
            ],
            [
              9.35055832,
              45.33133893
            ],
            [
              9.35056674,
              45.33112365
            ],
            [
              9.35057428,
              45.33098469
            ],
            [
              9.35065641,
              45.33081875
            ],
            [
              9.3506919,
              45.33074791
            ],
            [
              9.35073265,
              45.33074701
            ],
            [
              9.35073999,
              45.33071522
            ],
            [
              9.3507056,
              45.33070935
            ],
            [
              9.35071096,
              45.33067515
            ],
            [
              9.35071822,
              45.33058115
            ],
            [
              9.35070887,
              45.33058025
            ],
            [
              9.35079651,
              45.33032364
            ],
            [
              9.35079038,
              45.33029884
            ],
            [
              9.35076617,
              45.33025646
            ],
            [
              9.35072423,
              45.33021812
            ],
            [
              9.35063998,
              45.33011542
            ],
            [
              9.35063026,
              45.33008227
            ],
            [
              9.35044031,
              45.3298163
            ],
            [
              9.35032415,
              45.32959919
            ],
            [
              9.35017876,
              45.32942584
            ],
            [
              9.34982177,
              45.32929041
            ],
            [
              9.34946735,
              45.32915785
            ],
            [
              9.34969291,
              45.328859
            ],
            [
              9.34981774,
              45.32869698
            ],
            [
              9.35003509,
              45.32877696
            ],
            [
              9.35025248,
              45.32885765
            ],
            [
              9.35056959,
              45.32897476
            ],
            [
              9.35072149,
              45.32903118
            ],
            [
              9.35074914,
              45.32904297
            ],
            [
              9.35077778,
              45.32905297
            ],
            [
              9.35084114,
              45.32907005
            ],
            [
              9.35083404,
              45.3292024
            ],
            [
              9.35083552,
              45.32941929
            ],
            [
              9.35127369,
              45.32948059
            ],
            [
              9.35254867,
              45.32965718
            ],
            [
              9.35261489,
              45.32954119
            ],
            [
              9.35274969,
              45.32930308
            ],
            [
              9.35278109,
              45.32925187
            ],
            [
              9.35283418,
              45.32918309
            ],
            [
              9.35300415,
              45.32921
            ],
            [
              9.35332718,
              45.32926088
            ],
            [
              9.35367429,
              45.32931724
            ],
            [
              9.3540124,
              45.3293847
            ],
            [
              9.35404347,
              45.32938384
            ],
            [
              9.35424009,
              45.32938302
            ],
            [
              9.35446777,
              45.3293828
            ],
            [
              9.35455789,
              45.32936874
            ],
            [
              9.35461127,
              45.32932892
            ],
            [
              9.35461188,
              45.32932757
            ],
            [
              9.35464823,
              45.32924883
            ],
            [
              9.3546641,
              45.32918436
            ],
            [
              9.35467892,
              45.32911412
            ],
            [
              9.35469424,
              45.32911509
            ],
            [
              9.35473433,
              45.32880216
            ],
            [
              9.35474493,
              45.32873903
            ],
            [
              9.35475738,
              45.32867636
            ],
            [
              9.3547958,
              45.32848287
            ],
            [
              9.35495666,
              45.32850042
            ],
            [
              9.35528091,
              45.32853767
            ],
            [
              9.35545638,
              45.32855589
            ],
            [
              9.35553415,
              45.32856397
            ],
            [
              9.35554787,
              45.32847656
            ],
            [
              9.35557636,
              45.32830604
            ],
            [
              9.35559784,
              45.32816144
            ],
            [
              9.35564984,
              45.32792146
            ],
            [
              9.35574075,
              45.32793345
            ],
            [
              9.35589806,
              45.32795856
            ],
            [
              9.35595477,
              45.32796847
            ],
            [
              9.35603669,
              45.32798223
            ],
            [
              9.35615465,
              45.32800203
            ],
            [
              9.3562204,
              45.32801307
            ],
            [
              9.35646853,
              45.32803938
            ],
            [
              9.3566547,
              45.32805905
            ],
            [
              9.35686016,
              45.32808076
            ],
            [
              9.35719868,
              45.3281169
            ],
            [
              9.35759522,
              45.32815812
            ],
            [
              9.35760766,
              45.32815942
            ],
            [
              9.35767405,
              45.32816632
            ],
            [
              9.35766422,
              45.32820992
            ],
            [
              9.3576562,
              45.32824547
            ],
            [
              9.3577476,
              45.32825494
            ],
            [
              9.35789718,
              45.32826856
            ],
            [
              9.35814579,
              45.32828695
            ],
            [
              9.3583296,
              45.32830552
            ],
            [
              9.35844907,
              45.32831706
            ],
            [
              9.35871049,
              45.32834296
            ],
            [
              9.35876146,
              45.32834902
            ],
            [
              9.35878098,
              45.32856406
            ],
            [
              9.35881396,
              45.32863685
            ],
            [
              9.35889311,
              45.32870063
            ],
            [
              9.35890738,
              45.32871213
            ],
            [
              9.3589955,
              45.32876107
            ],
            [
              9.35918607,
              45.32886607
            ],
            [
              9.35923786,
              45.32895031
            ],
            [
              9.3595989,
              45.32903037
            ],
            [
              9.36001515,
              45.32911747
            ],
            [
              9.35994502,
              45.32940524
            ],
            [
              9.359923124022751,
              45.329497144538365
            ],
            [
              9.35995489,
              45.32938235
            ],
            [
              9.3600018,
              45.32921115
            ],
            [
              9.36001887,
              45.32913042
            ],
            [
              9.36007722,
              45.32887309
            ],
            [
              9.36010087,
              45.32877147
            ],
            [
              9.36014225,
              45.32862622
            ],
            [
              9.36020185,
              45.3284305
            ],
            [
              9.36026646,
              45.32821209
            ],
            [
              9.36031797,
              45.32803798
            ],
            [
              9.36037898,
              45.32780805
            ],
            [
              9.36043304,
              45.32763828
            ],
            [
              9.36046692,
              45.32753736
            ],
            [
              9.36053315,
              45.3273391
            ],
            [
              9.36062867,
              45.32704535
            ],
            [
              9.36066659,
              45.32693072
            ],
            [
              9.36072779,
              45.32675122
            ],
            [
              9.36080313,
              45.3265263
            ],
            [
              9.36085971,
              45.32634392
            ],
            [
              9.36089761,
              45.32622642
            ],
            [
              9.36091321,
              45.32615975
            ],
            [
              9.36085273,
              45.32612415
            ],
            [
              9.36078086,
              45.32604499
            ],
            [
              9.36082796,
              45.32593
            ],
            [
              9.36085681,
              45.32585394
            ],
            [
              9.36087708,
              45.32580166
            ],
            [
              9.36091545,
              45.32567263
            ],
            [
              9.36094826,
              45.32556018
            ],
            [
              9.36098302,
              45.32542286
            ],
            [
              9.36098954,
              45.32539475
            ],
            [
              9.36099948,
              45.32534431
            ],
            [
              9.36114123,
              45.32538709
            ],
            [
              9.36141391,
              45.32546946
            ],
            [
              9.36152629,
              45.32550424
            ],
            [
              9.36170161,
              45.32555121
            ],
            [
              9.36191126,
              45.32560435
            ],
            [
              9.36212193,
              45.32562415
            ],
            [
              9.36247511,
              45.32565539
            ],
            [
              9.36278111,
              45.32567002
            ],
            [
              9.36288032,
              45.32565608
            ],
            [
              9.36298318,
              45.32565147
            ],
            [
              9.3630835,
              45.32565012
            ],
            [
              9.3631844,
              45.3256571
            ],
            [
              9.36329825,
              45.32567759
            ],
            [
              9.36347415,
              45.32570661
            ],
            [
              9.36360316,
              45.3257355
            ],
            [
              9.36373473,
              45.32576291
            ],
            [
              9.363775,
              45.32577029
            ],
            [
              9.36393358,
              45.32579437
            ],
            [
              9.36411205,
              45.32583238
            ],
            [
              9.36436498,
              45.32588586
            ],
            [
              9.36448807,
              45.3259206
            ],
            [
              9.36463667,
              45.32596213
            ],
            [
              9.36471024,
              45.32598758
            ],
            [
              9.36490062,
              45.32602041
            ],
            [
              9.36514258,
              45.32607187
            ],
            [
              9.36545451,
              45.32613944
            ],
            [
              9.36577407,
              45.32620948
            ],
            [
              9.36596193,
              45.32624951
            ],
            [
              9.36639877,
              45.32630787
            ],
            [
              9.36673202,
              45.32635198
            ],
            [
              9.36708919,
              45.32638202
            ],
            [
              9.36728205,
              45.326399
            ],
            [
              9.36744073,
              45.32640953
            ],
            [
              9.36749274,
              45.32640873
            ],
            [
              9.36753815,
              45.32641334
            ],
            [
              9.36773303,
              45.32642419
            ],
            [
              9.36797841,
              45.32643926
            ],
            [
              9.36802527,
              45.32644359
            ],
            [
              9.36830031,
              45.32645906
            ],
            [
              9.36855146,
              45.3264839
            ],
            [
              9.36867449,
              45.32649758
            ],
            [
              9.36873958,
              45.32651509
            ],
            [
              9.36872437,
              45.32656281
            ],
            [
              9.36871832,
              45.32658701
            ],
            [
              9.36860817,
              45.32692275
            ],
            [
              9.3684725,
              45.32733808
            ],
            [
              9.36836534,
              45.32766515
            ],
            [
              9.36831374,
              45.32781608
            ],
            [
              9.36830479,
              45.32785498
            ],
            [
              9.36826852,
              45.32793172
            ],
            [
              9.36826351,
              45.32794576
            ],
            [
              9.36825359,
              45.32799151
            ],
            [
              9.3681762,
              45.32825913
            ],
            [
              9.36808718,
              45.32854803
            ],
            [
              9.36800415,
              45.3288135
            ],
            [
              9.36790958,
              45.32911284
            ],
            [
              9.36785004,
              45.32930158
            ],
            [
              9.36783203,
              45.32935994
            ],
            [
              9.36792977,
              45.32937573
            ],
            [
              9.36837578,
              45.32944773
            ],
            [
              9.36895843,
              45.32954246
            ],
            [
              9.36945625,
              45.32962326
            ],
            [
              9.37021755,
              45.32974281
            ],
            [
              9.37076651,
              45.32982927
            ],
            [
              9.37137794,
              45.32992929
            ],
            [
              9.37163685,
              45.32997057
            ],
            [
              9.37174887,
              45.32998656
            ],
            [
              9.37164005,
              45.33006743
            ],
            [
              9.37147885,
              45.33018802
            ],
            [
              9.37126274,
              45.33035302
            ],
            [
              9.37117632,
              45.33042088
            ],
            [
              9.37095901,
              45.33055672
            ],
            [
              9.37074923,
              45.33067379
            ],
            [
              9.37066013,
              45.3307233
            ],
            [
              9.37060209,
              45.33075654
            ],
            [
              9.37038845,
              45.33090641
            ],
            [
              9.37009479,
              45.33109351
            ],
            [
              9.3698668,
              45.33123764
            ],
            [
              9.36971469,
              45.33134236
            ],
            [
              9.36944639,
              45.33149737
            ],
            [
              9.36941816,
              45.3315554
            ],
            [
              9.36942585,
              45.33163749
            ],
            [
              9.36944078,
              45.33172893
            ],
            [
              9.3694508,
              45.33177465
            ],
            [
              9.36944141,
              45.33189963
            ],
            [
              9.36943999,
              45.33191477
            ],
            [
              9.36945706,
              45.33202169
            ],
            [
              9.36949828,
              45.33229854
            ],
            [
              9.36950398,
              45.33233577
            ],
            [
              9.36951179,
              45.33238668
            ],
            [
              9.36952908,
              45.33249946
            ],
            [
              9.36954425,
              45.33259844
            ],
            [
              9.36956767,
              45.33273595
            ],
            [
              9.36957382,
              45.33281408
            ],
            [
              9.36956617,
              45.33283548
            ],
            [
              9.36949643,
              45.33303035
            ],
            [
              9.36945785,
              45.33313812
            ],
            [
              9.36945047,
              45.33315877
            ],
            [
              9.36944588,
              45.33317159
            ],
            [
              9.36937136,
              45.33333882
            ],
            [
              9.36922183,
              45.33367366
            ],
            [
              9.36908991,
              45.33396957
            ],
            [
              9.36898665,
              45.33419773
            ],
            [
              9.36892319,
              45.33433974
            ],
            [
              9.36888126,
              45.33441148
            ],
            [
              9.36887433,
              45.33444462
            ],
            [
              9.36888304,
              45.33444929
            ],
            [
              9.36887905,
              45.33446082
            ],
            [
              9.36886983,
              45.33445904
            ],
            [
              9.36884552,
              45.33449474
            ],
            [
              9.368865,
              45.33450261
            ],
            [
              9.3688377,
              45.33454696
            ],
            [
              9.36870304,
              45.33450962
            ],
            [
              9.36848644,
              45.33445289
            ],
            [
              9.36831849,
              45.33440836
            ],
            [
              9.36796484,
              45.3343449
            ],
            [
              9.36785232,
              45.3343385
            ],
            [
              9.36778339,
              45.33435367
            ],
            [
              9.36770333,
              45.33438937
            ],
            [
              9.36761378,
              45.33446326
            ],
            [
              9.36755369,
              45.33459041
            ],
            [
              9.36748043,
              45.33480429
            ],
            [
              9.3674122,
              45.33499295
            ],
            [
              9.36739081,
              45.33505595
            ],
            [
              9.3673399,
              45.33518161
            ],
            [
              9.36734851,
              45.33518451
            ],
            [
              9.36730289,
              45.33525731
            ],
            [
              9.36725578,
              45.33527991
            ],
            [
              9.36716223,
              45.33528054
            ],
            [
              9.36714902,
              45.3352798
            ],
            [
              9.36706036,
              45.33525419
            ],
            [
              9.36699989,
              45.33525593
            ],
            [
              9.3668258,
              45.33522484
            ],
            [
              9.36673626,
              45.33521541
            ],
            [
              9.36672298,
              45.33520714
            ],
            [
              9.36658145,
              45.33517859
            ],
            [
              9.36647601,
              45.3351483
            ],
            [
              9.36634513,
              45.33511617
            ],
            [
              9.36592741,
              45.33503441
            ],
            [
              9.36589104,
              45.33502729
            ],
            [
              9.36575788,
              45.33499963
            ],
            [
              9.36564921,
              45.33497707
            ],
            [
              9.36540479,
              45.33492039
            ],
            [
              9.3653076,
              45.33489698
            ],
            [
              9.36519958,
              45.33487094
            ],
            [
              9.36498778,
              45.33481392
            ],
            [
              9.36493502,
              45.33479639
            ],
            [
              9.36483073,
              45.33476173
            ],
            [
              9.36480768,
              45.33475407
            ],
            [
              9.36478773,
              45.33477941
            ],
            [
              9.3647692,
              45.33480297
            ],
            [
              9.36478787,
              45.33481013
            ],
            [
              9.36471841,
              45.33489838
            ],
            [
              9.36464114,
              45.33503809
            ],
            [
              9.3645068,
              45.33535278
            ],
            [
              9.36437752,
              45.33565556
            ],
            [
              9.36424717,
              45.3359526
            ],
            [
              9.36414347,
              45.33618664
            ],
            [
              9.36406946,
              45.33635406
            ],
            [
              9.36398691,
              45.33654237
            ],
            [
              9.3639839,
              45.33655137
            ],
            [
              9.36397477,
              45.33656073
            ],
            [
              9.36418267,
              45.3366343
            ],
            [
              9.36426992,
              45.33664967
            ],
            [
              9.36449648,
              45.3365918
            ],
            [
              9.3646146,
              45.33656287
            ],
            [
              9.36470226,
              45.33655594
            ],
            [
              9.36475078,
              45.3365728
            ],
            [
              9.36478684,
              45.33664077
            ],
            [
              9.36484644,
              45.33672311
            ],
            [
              9.36485826,
              45.33674181
            ],
            [
              9.36488542,
              45.33676519
            ],
            [
              9.36497271,
              45.33679027
            ],
            [
              9.36533151,
              45.33685896
            ],
            [
              9.36556833,
              45.33690438
            ],
            [
              9.3657163,
              45.33692795
            ],
            [
              9.36570932,
              45.33695786
            ],
            [
              9.36568064,
              45.33704185
            ],
            [
              9.36558972,
              45.33732728
            ],
            [
              9.36552745,
              45.33752658
            ],
            [
              9.36546717,
              45.33771508
            ],
            [
              9.36542199,
              45.33786465
            ],
            [
              9.36539336,
              45.33795438
            ],
            [
              9.36538232,
              45.33799187
            ],
            [
              9.36539085,
              45.33803802
            ],
            [
              9.36539524,
              45.33805394
            ],
            [
              9.36535584,
              45.33807219
            ],
            [
              9.36517861,
              45.33816694
            ],
            [
              9.36506847,
              45.33822348
            ],
            [
              9.36496496,
              45.33828399
            ],
            [
              9.36481782,
              45.33836971
            ],
            [
              9.36475651,
              45.33841905
            ],
            [
              9.36472928,
              45.3384525
            ],
            [
              9.3646847,
              45.33848347
            ],
            [
              9.36461397,
              45.33850764
            ],
            [
              9.36458702,
              45.33851666
            ],
            [
              9.36459935,
              45.33852996
            ],
            [
              9.36483829,
              45.33863124
            ],
            [
              9.36506315,
              45.33874755
            ],
            [
              9.36503181,
              45.33887143
            ],
            [
              9.36482427,
              45.33884741
            ],
            [
              9.36456433,
              45.33881817
            ],
            [
              9.36404598,
              45.33885462
            ],
            [
              9.36391279,
              45.33885194
            ],
            [
              9.36383421,
              45.33885457
            ],
            [
              9.3635744,
              45.33883913
            ],
            [
              9.36350652,
              45.33883059
            ],
            [
              9.36342215,
              45.33878929
            ],
            [
              9.36333371,
              45.3387372
            ],
            [
              9.36331828,
              45.33872727
            ],
            [
              9.36325544,
              45.33868689
            ],
            [
              9.36320947,
              45.33867111
            ],
            [
              9.36303585,
              45.3386386
            ],
            [
              9.36268299,
              45.33857214
            ],
            [
              9.36247816,
              45.33851842
            ],
            [
              9.36240409,
              45.3384998
            ],
            [
              9.36221973,
              45.33845865
            ],
            [
              9.36195263,
              45.33840035
            ],
            [
              9.36172588,
              45.33834665
            ],
            [
              9.36150168,
              45.33829548
            ],
            [
              9.36138364,
              45.33825496
            ],
            [
              9.3613295,
              45.33824028
            ],
            [
              9.36110569,
              45.3381857
            ],
            [
              9.36093791,
              45.33814331
            ],
            [
              9.36089353,
              45.3381192
            ],
            [
              9.360889691145895,
              45.33808713399379
            ],
            [
              9.3608897,
              45.33812209
            ],
            [
              9.36093246,
              45.33815483
            ],
            [
              9.36090493,
              45.33816541
            ],
            [
              9.36079647,
              45.33830328
            ],
            [
              9.36073182,
              45.3383715
            ],
            [
              9.36071338,
              45.33839079
            ],
            [
              9.36065305,
              45.33844883
            ],
            [
              9.36062867,
              45.3384723
            ],
            [
              9.36056935,
              45.33853708
            ],
            [
              9.36048372,
              45.33863908
            ],
            [
              9.36033647,
              45.33875946
            ],
            [
              9.36025015,
              45.33883448
            ],
            [
              9.36009114,
              45.33895565
            ],
            [
              9.36001903,
              45.3390144
            ],
            [
              9.35989106,
              45.33911919
            ],
            [
              9.35978143,
              45.33922134
            ],
            [
              9.35966114,
              45.33933112
            ],
            [
              9.35960021,
              45.3393808
            ],
            [
              9.35952,
              45.33944535
            ],
            [
              9.35948903,
              45.33946963
            ],
            [
              9.35947894,
              45.33948769
            ],
            [
              9.35949233,
              45.33950922
            ],
            [
              9.35954459,
              45.3395449
            ],
            [
              9.35955645,
              45.33956571
            ],
            [
              9.35954273,
              45.33965683
            ],
            [
              9.35953116,
              45.3397638
            ],
            [
              9.35952246,
              45.33984123
            ],
            [
              9.35951774,
              45.33990317
            ],
            [
              9.35952294,
              45.33991858
            ],
            [
              9.35962735,
              45.3399463
            ],
            [
              9.35979896,
              45.33998687
            ],
            [
              9.3600327,
              45.34004214
            ],
            [
              9.36013058,
              45.34006525
            ],
            [
              9.3601399,
              45.34007814
            ],
            [
              9.36004269,
              45.34028766
            ],
            [
              9.35997207,
              45.34043983
            ],
            [
              9.3598849,
              45.34062626
            ],
            [
              9.35979982,
              45.34081918
            ],
            [
              9.35970063,
              45.34103337
            ],
            [
              9.35959849,
              45.34126018
            ],
            [
              9.35948632,
              45.3415079
            ],
            [
              9.35941469,
              45.3416626
            ],
            [
              9.35933507,
              45.34183821
            ],
            [
              9.35931594,
              45.34186565
            ],
            [
              9.3592499,
              45.34201817
            ],
            [
              9.35917985,
              45.34217754
            ],
            [
              9.35908073,
              45.34239785
            ],
            [
              9.35900515,
              45.3425684
            ],
            [
              9.35891603,
              45.34276708
            ],
            [
              9.3588664,
              45.34287271
            ],
            [
              9.35885536,
              45.34289758
            ],
            [
              9.35887325,
              45.34290002
            ],
            [
              9.35886726,
              45.34291588
            ],
            [
              9.3585857,
              45.34300943
            ],
            [
              9.35821253,
              45.34313715
            ],
            [
              9.35784849,
              45.34326012
            ],
            [
              9.35740812,
              45.34341137
            ],
            [
              9.3567728,
              45.34363287
            ],
            [
              9.35633037,
              45.34378522
            ],
            [
              9.35624331,
              45.34381431
            ],
            [
              9.35619036,
              45.34383234
            ],
            [
              9.35614036,
              45.3438381
            ],
            [
              9.35612097,
              45.34384074
            ],
            [
              9.3561112,
              45.34383107
            ],
            [
              9.35599913,
              45.34386429
            ],
            [
              9.35589206,
              45.34388341
            ],
            [
              9.35588734,
              45.34386855
            ],
            [
              9.35591761,
              45.34383579
            ],
            [
              9.35593053,
              45.34380021
            ],
            [
              9.35593441,
              45.34377989
            ],
            [
              9.35593212,
              45.3437578
            ],
            [
              9.35593348,
              45.34374075
            ],
            [
              9.35593227,
              45.34372263
            ],
            [
              9.3559276,
              45.34366172
            ],
            [
              9.3559256,
              45.34361275
            ],
            [
              9.35599019,
              45.34339353
            ],
            [
              9.35604428,
              45.34319647
            ],
            [
              9.35605952,
              45.34313876
            ],
            [
              9.35609776,
              45.34308165
            ],
            [
              9.35611038,
              45.34301852
            ],
            [
              9.35611785,
              45.34300071
            ],
            [
              9.35608918,
              45.34299435
            ],
            [
              9.35583102,
              45.34293422
            ],
            [
              9.35556472,
              45.34287626
            ],
            [
              9.35522396,
              45.34280392
            ],
            [
              9.35510304,
              45.34277659
            ],
            [
              9.35509805,
              45.34278884
            ],
            [
              9.35497789,
              45.34308474
            ],
            [
              9.35480861,
              45.34349781
            ],
            [
              9.35480214,
              45.34351363
            ],
            [
              9.35470735,
              45.34374492
            ],
            [
              9.35470302,
              45.34375584
            ],
            [
              9.35466842,
              45.3438427
            ],
            [
              9.35452592,
              45.3442003
            ],
            [
              9.35405194,
              45.34429729
            ],
            [
              9.35398895,
              45.34431018
            ],
            [
              9.35371135,
              45.34425736
            ],
            [
              9.35360488,
              45.34424342
            ],
            [
              9.35357868,
              45.34422985
            ],
            [
              9.35328421,
              45.34417855
            ],
            [
              9.35301951,
              45.34413139
            ],
            [
              9.35290526,
              45.34411105
            ],
            [
              9.35249966,
              45.3440379
            ],
            [
              9.35245765,
              45.34403052
            ],
            [
              9.35233574,
              45.34400584
            ],
            [
              9.35217293,
              45.34398134
            ],
            [
              9.35200542,
              45.34394641
            ],
            [
              9.35172573,
              45.34388783
            ],
            [
              9.35129492,
              45.34379823
            ],
            [
              9.35097118,
              45.34373119
            ],
            [
              9.35073559,
              45.34368648
            ],
            [
              9.35071803,
              45.3436707
            ],
            [
              9.35074544,
              45.34359746
            ],
            [
              9.35076786,
              45.34352938
            ],
            [
              9.35076976,
              45.34352357
            ],
            [
              9.3507568,
              45.34350517
            ],
            [
              9.35073782,
              45.3434984
            ],
            [
              9.35036803,
              45.34342732
            ],
            [
              9.34992042,
              45.34334327
            ],
            [
              9.34983924,
              45.34332742
            ],
            [
              9.34966791,
              45.34329398
            ],
            [
              9.34947168,
              45.34325016
            ],
            [
              9.3492478,
              45.34320034
            ],
            [
              9.34906796,
              45.34315935
            ],
            [
              9.34894355,
              45.34314048
            ],
            [
              9.34893648,
              45.34314885
            ],
            [
              9.34866285,
              45.34309967
            ],
            [
              9.34855491,
              45.34308026
            ],
            [
              9.34853192,
              45.34307613
            ],
            [
              9.34856088,
              45.34300213
            ],
            [
              9.34859722,
              45.34290906
            ],
            [
              9.34860153,
              45.34289802
            ],
            [
              9.34866965,
              45.3427344
            ],
            [
              9.34871539,
              45.3426205
            ],
            [
              9.34880105,
              45.34248534
            ],
            [
              9.34882245,
              45.34245844
            ],
            [
              9.34891545,
              45.34234421
            ],
            [
              9.34906833,
              45.3421569
            ],
            [
              9.34914139,
              45.34204969
            ],
            [
              9.34915402,
              45.34198193
            ],
            [
              9.34912759,
              45.34194158
            ],
            [
              9.34910379,
              45.34186432
            ],
            [
              9.34908454,
              45.34177833
            ],
            [
              9.34909101,
              45.34176361
            ],
            [
              9.3491916,
              45.34156816
            ],
            [
              9.34923663,
              45.34148482
            ],
            [
              9.34925161,
              45.34145526
            ],
            [
              9.34932388,
              45.34131273
            ],
            [
              9.34938393,
              45.34119069
            ],
            [
              9.3494112,
              45.34113522
            ],
            [
              9.34943185,
              45.34109536
            ],
            [
              9.3494398,
              45.34108
            ],
            [
              9.34945341,
              45.34105386
            ],
            [
              9.34950972,
              45.34094745
            ],
            [
              9.3495228,
              45.34092186
            ],
            [
              9.34953822,
              45.34089165
            ],
            [
              9.34956091,
              45.34084724
            ],
            [
              9.34957922,
              45.34081139
            ],
            [
              9.34960157,
              45.34077393
            ],
            [
              9.34965746,
              45.34068604
            ],
            [
              9.34967222,
              45.34066659
            ],
            [
              9.34957403,
              45.3406746
            ],
            [
              9.34948165,
              45.34068357
            ],
            [
              9.34946812,
              45.3406845
            ],
            [
              9.34945841,
              45.34068517
            ],
            [
              9.34942584,
              45.34068736
            ],
            [
              9.3493836,
              45.34069027
            ],
            [
              9.34936014,
              45.34069195
            ],
            [
              9.3493375,
              45.34069358
            ],
            [
              9.34927589,
              45.34069802
            ],
            [
              9.34924705,
              45.34069843
            ],
            [
              9.34918379,
              45.3406993
            ],
            [
              9.34909558,
              45.34070054
            ],
            [
              9.34897697,
              45.34069527
            ],
            [
              9.34882921,
              45.34068652
            ],
            [
              9.34865225,
              45.34067179
            ],
            [
              9.34855353,
              45.34066357
            ],
            [
              9.34845898,
              45.34066001
            ],
            [
              9.34832154,
              45.34065912
            ],
            [
              9.34822187,
              45.34065808
            ],
            [
              9.34803011,
              45.3406434
            ],
            [
              9.3479294,
              45.34063949
            ],
            [
              9.34776188,
              45.34059275
            ],
            [
              9.34762506,
              45.34056097
            ],
            [
              9.34756131,
              45.34055475
            ],
            [
              9.3474344,
              45.34055705
            ],
            [
              9.34709363,
              45.34059037
            ],
            [
              9.34688666,
              45.34066265
            ],
            [
              9.34674428,
              45.34070848
            ],
            [
              9.34663949,
              45.34073906
            ],
            [
              9.34658711,
              45.34075436
            ],
            [
              9.34634374,
              45.34079555
            ],
            [
              9.34624852,
              45.34080994
            ],
            [
              9.34613748,
              45.34082116
            ],
            [
              9.3460363,
              45.34085746
            ],
            [
              9.34602528,
              45.34086653
            ],
            [
              9.34597092,
              45.34091126
            ],
            [
              9.34593004,
              45.34096709
            ],
            [
              9.34582345,
              45.34110615
            ],
            [
              9.34577033,
              45.34117504
            ],
            [
              9.34571985,
              45.34116307
            ],
            [
              9.34568774,
              45.34116128
            ],
            [
              9.34565302,
              45.3411615
            ],
            [
              9.34536328,
              45.34110857
            ],
            [
              9.34471495,
              45.3409326
            ],
            [
              9.34365083,
              45.34078724
            ],
            [
              9.34358694,
              45.34073644
            ],
            [
              9.34327304,
              45.34048689
            ],
            [
              9.34324276,
              45.34046142
            ],
            [
              9.34314499,
              45.34038519
            ],
            [
              9.34304314,
              45.34048926
            ],
            [
              9.3427914,
              45.34078745
            ],
            [
              9.34275959,
              45.34081391
            ],
            [
              9.34269552,
              45.34087332
            ],
            [
              9.34239465,
              45.3410708
            ],
            [
              9.34225612,
              45.34116174
            ],
            [
              9.34160083,
              45.34138453
            ],
            [
              9.34135364,
              45.34144764
            ],
            [
              9.34116621,
              45.3414955
            ],
            [
              9.34110759,
              45.34150461
            ],
            [
              9.34109639,
              45.34150634
            ],
            [
              9.34109336,
              45.34150925
            ],
            [
              9.3410906,
              45.34143853
            ],
            [
              9.3410686,
              45.3408738
            ],
            [
              9.34106446,
              45.3406731
            ],
            [
              9.34105949,
              45.34057004
            ],
            [
              9.34117435,
              45.34060119
            ],
            [
              9.34152843,
              45.34057929
            ],
            [
              9.34207568,
              45.34054954
            ],
            [
              9.34233621,
              45.34050477
            ],
            [
              9.34254469,
              45.3404175
            ],
            [
              9.34265701,
              45.34039041
            ],
            [
              9.34284169,
              45.34033041
            ],
            [
              9.34305553,
              45.34026901
            ],
            [
              9.34332051,
              45.34014184
            ],
            [
              9.34349749,
              45.3399511
            ],
            [
              9.34364286,
              45.33980523
            ],
            [
              9.34377711,
              45.33964426
            ],
            [
              9.34385608,
              45.33955512
            ],
            [
              9.34404167,
              45.33931714
            ],
            [
              9.34414748,
              45.33919862
            ],
            [
              9.34425955,
              45.33856317
            ],
            [
              9.34418615,
              45.33841279
            ],
            [
              9.34401966,
              45.3383277
            ],
            [
              9.34382222,
              45.33827122
            ],
            [
              9.34366081,
              45.33824126
            ],
            [
              9.34342688,
              45.33822819
            ],
            [
              9.34302733,
              45.33816968
            ],
            [
              9.34267247,
              45.33819569
            ],
            [
              9.34208683,
              45.33809289
            ],
            [
              9.34170218,
              45.33798095
            ],
            [
              9.34166738,
              45.33797428
            ],
            [
              9.341644190044885,
              45.33787773443408
            ],
            [
              9.34166332,
              45.33797199
            ],
            [
              9.3415493,
              45.33794167
            ],
            [
              9.34130365,
              45.33779698
            ],
            [
              9.34113875,
              45.33766807
            ],
            [
              9.34101632,
              45.33755461
            ],
            [
              9.34085039,
              45.33742388
            ],
            [
              9.3407723,
              45.33728476
            ],
            [
              9.3407412,
              45.33714954
            ],
            [
              9.34071628,
              45.3370273
            ],
            [
              9.3406942,
              45.33692931
            ],
            [
              9.34066754,
              45.33681095
            ]
          ]
        ]
      }
    },
    {
      "type": "Feature",
      "properties": {
        "name": "Sordio",
        "istat_code": "098055",
        "administrative_unit": "I848",
        "sheet_count": 1,
        "source": "Agenzia Entrate WFS CP:CadastralZoning, fogli catastali raggruppati per comune"
      },
      "geometry": {
        "type": "Polygon",
        "coordinates": [
          [
            [
              9.36727569,
              45.34087889
            ],
            [
              9.3675419,
              45.34094824
            ],
            [
              9.36768461,
              45.34098806
            ],
            [
              9.36776853,
              45.34101022
            ],
            [
              9.367767,
              45.34102823
            ],
            [
              9.36787281,
              45.34104999
            ],
            [
              9.36801069,
              45.34107154
            ],
            [
              9.36816458,
              45.34109299
            ],
            [
              9.36829284,
              45.3411146
            ],
            [
              9.36838743,
              45.34113195
            ],
            [
              9.36849484,
              45.34114921
            ],
            [
              9.36860547,
              45.34117542
            ],
            [
              9.36873376,
              45.34122397
            ],
            [
              9.36879949,
              45.3412415
            ],
            [
              9.36888747,
              45.34125888
            ],
            [
              9.36897597,
              45.34127618
            ],
            [
              9.36897768,
              45.34127809
            ],
            [
              9.36897937,
              45.341279
            ],
            [
              9.36899127,
              45.34128069
            ],
            [
              9.36900874,
              45.34128508
            ],
            [
              9.36910882,
              45.34130242
            ],
            [
              9.36916124,
              45.34131109
            ],
            [
              9.36913757,
              45.34140549
            ],
            [
              9.36914553,
              45.34141441
            ],
            [
              9.36911079,
              45.34153133
            ],
            [
              9.36906639,
              45.34167248
            ],
            [
              9.36903157,
              45.3417999
            ],
            [
              9.36901888,
              45.34183635
            ],
            [
              9.36898719,
              45.34194559
            ],
            [
              9.36896986,
              45.342032
            ],
            [
              9.3688982,
              45.34201969
            ],
            [
              9.36888585,
              45.34201994
            ],
            [
              9.36888945,
              45.34206577
            ],
            [
              9.36890231,
              45.34218028
            ],
            [
              9.36913472,
              45.34219672
            ],
            [
              9.36919416,
              45.34223174
            ],
            [
              9.36920219,
              45.3422361
            ],
            [
              9.36921668,
              45.34224039
            ],
            [
              9.36928278,
              45.34224845
            ],
            [
              9.36929573,
              45.34224379
            ],
            [
              9.36935232,
              45.3422296
            ],
            [
              9.36943157,
              45.34221496
            ],
            [
              9.36958961,
              45.34222631
            ],
            [
              9.36962988,
              45.34223033
            ],
            [
              9.36960978,
              45.34232463
            ],
            [
              9.3696014,
              45.34236505
            ],
            [
              9.36957446,
              45.34250871
            ],
            [
              9.3695344,
              45.34265223
            ],
            [
              9.36950595,
              45.34276097
            ],
            [
              9.36948771,
              45.34285693
            ],
            [
              9.36944949,
              45.34302618
            ],
            [
              9.36944991,
              45.34308521
            ],
            [
              9.36945852,
              45.34308168
            ],
            [
              9.36939421,
              45.34332424
            ],
            [
              9.36936712,
              45.34342347
            ],
            [
              9.36934969,
              45.34353621
            ],
            [
              9.36933544,
              45.34363992
            ],
            [
              9.36932437,
              45.3437256
            ],
            [
              9.36931646,
              45.34378422
            ],
            [
              9.3693054,
              45.3438744
            ],
            [
              9.36932026,
              45.34396209
            ],
            [
              9.36936241,
              45.34403279
            ],
            [
              9.36938503,
              45.34407324
            ],
            [
              9.36938728,
              45.34414531
            ],
            [
              9.3693953,
              45.34430706
            ],
            [
              9.36939854,
              45.34454071
            ],
            [
              9.36940177,
              45.34473841
            ],
            [
              9.36940662,
              45.34496757
            ],
            [
              9.36941146,
              45.34518324
            ],
            [
              9.36941629,
              45.34535848
            ],
            [
              9.36941791,
              45.34549328
            ],
            [
              9.36940671,
              45.34557419
            ],
            [
              9.36942598,
              45.34584375
            ],
            [
              9.36943561,
              45.34602346
            ],
            [
              9.36944365,
              45.34618522
            ],
            [
              9.36945649,
              45.34641884
            ],
            [
              9.36946613,
              45.34655362
            ],
            [
              9.36947897,
              45.34673783
            ],
            [
              9.369487,
              45.3468816
            ],
            [
              9.36949022,
              45.34698944
            ],
            [
              9.36949504,
              45.34709278
            ],
            [
              9.36949665,
              45.3471422
            ],
            [
              9.36950628,
              45.34720509
            ],
            [
              9.36949828,
              45.34732193
            ],
            [
              9.36947746,
              45.34732198
            ],
            [
              9.36938616,
              45.34730871
            ],
            [
              9.36919233,
              45.34727769
            ],
            [
              9.36895685,
              45.34724228
            ],
            [
              9.36865891,
              45.34719353
            ],
            [
              9.36838017,
              45.34714923
            ],
            [
              9.36811106,
              45.3471004
            ],
            [
              9.36786118,
              45.34706053
            ],
            [
              9.36755202,
              45.34701179
            ],
            [
              9.36742312,
              45.3469853
            ],
            [
              9.36725037,
              45.34696358
            ],
            [
              9.36705235,
              45.34692851
            ],
            [
              9.36695416,
              45.34690648
            ],
            [
              9.36690819,
              45.34690218
            ],
            [
              9.36679727,
              45.3468847
            ],
            [
              9.36650099,
              45.34683657
            ],
            [
              9.3661904,
              45.34679299
            ],
            [
              9.36585293,
              45.34673605
            ],
            [
              9.36559782,
              45.34669672
            ],
            [
              9.36526825,
              45.34664425
            ],
            [
              9.36492918,
              45.34659181
            ],
            [
              9.36458688,
              45.34653937
            ],
            [
              9.36431232,
              45.34649508
            ],
            [
              9.36401544,
              45.34645084
            ],
            [
              9.36375366,
              45.3464065
            ],
            [
              9.36353339,
              45.34637105
            ],
            [
              9.36328757,
              45.34633118
            ],
            [
              9.3631136,
              45.34630462
            ],
            [
              9.3630306,
              45.34629133
            ],
            [
              9.36248314,
              45.34621174
            ],
            [
              9.36243528,
              45.34621187
            ],
            [
              9.36240182,
              45.34622551
            ],
            [
              9.36234612,
              45.34626177
            ],
            [
              9.36231271,
              45.34628894
            ],
            [
              9.36229361,
              45.34630253
            ],
            [
              9.36219889,
              45.34625665
            ],
            [
              9.36217778,
              45.34625652
            ],
            [
              9.36212728,
              45.34624263
            ],
            [
              9.36204599,
              45.34623308
            ],
            [
              9.3619504,
              45.34621431
            ],
            [
              9.36178992,
              45.34618578
            ],
            [
              9.36155252,
              45.34615067
            ],
            [
              9.36139882,
              45.34612391
            ],
            [
              9.36123485,
              45.34609199
            ],
            [
              9.36108837,
              45.34607051
            ],
            [
              9.36102333,
              45.34606221
            ],
            [
              9.36084515,
              45.34604107
            ],
            [
              9.36069923,
              45.34601854
            ],
            [
              9.36055123,
              45.34600126
            ],
            [
              9.36046234,
              45.34599284
            ],
            [
              9.36043378,
              45.34598854
            ],
            [
              9.36035287,
              45.34596663
            ],
            [
              9.36027035,
              45.34595371
            ],
            [
              9.36019733,
              45.34594967
            ],
            [
              9.36002278,
              45.34592387
            ],
            [
              9.35981171,
              45.3458938
            ],
            [
              9.35950859,
              45.34585087
            ],
            [
              9.35924991,
              45.34581213
            ],
            [
              9.35901347,
              45.34577775
            ],
            [
              9.35892141,
              45.34576935
            ],
            [
              9.35887062,
              45.34576071
            ],
            [
              9.35883256,
              45.3457475
            ],
            [
              9.35865179,
              45.34572563
            ],
            [
              9.35842622,
              45.3456994
            ],
            [
              9.35828544,
              45.34568189
            ],
            [
              9.35810147,
              45.34566003
            ],
            [
              9.3579846,
              45.34563343
            ],
            [
              9.357887,
              45.34562028
            ],
            [
              9.35777656,
              45.34559815
            ],
            [
              9.35772529,
              45.34558034
            ],
            [
              9.35769466,
              45.34554445
            ],
            [
              9.3576814,
              45.34551374
            ],
            [
              9.35763939,
              45.3455133
            ],
            [
              9.35756171,
              45.34550441
            ],
            [
              9.35743531,
              45.34548685
            ],
            [
              9.35714068,
              45.34544256
            ],
            [
              9.35692758,
              45.34541492
            ],
            [
              9.35672432,
              45.34538905
            ],
            [
              9.35659541,
              45.34538075
            ],
            [
              9.35648743,
              45.34537234
            ],
            [
              9.35650718,
              45.3452954
            ],
            [
              9.35654544,
              45.34519024
            ],
            [
              9.35657462,
              45.34506245
            ],
            [
              9.35661329,
              45.34487991
            ],
            [
              9.35664758,
              45.34471138
            ],
            [
              9.35667539,
              45.34457621
            ],
            [
              9.35669972,
              45.34448365
            ],
            [
              9.35670559,
              45.344459
            ],
            [
              9.35669535,
              45.34443817
            ],
            [
              9.35666228,
              45.34442927
            ],
            [
              9.35654425,
              45.34443112
            ],
            [
              9.35642058,
              45.34441635
            ],
            [
              9.35626376,
              45.34441112
            ],
            [
              9.35622755,
              45.34439312
            ],
            [
              9.35623501,
              45.34434812
            ],
            [
              9.35626431,
              45.34430771
            ],
            [
              9.35627935,
              45.34426285
            ],
            [
              9.3562749,
              45.34419079
            ],
            [
              9.35626705,
              45.34410094
            ],
            [
              9.35628633,
              45.34402901
            ],
            [
              9.35630441,
              45.34397955
            ],
            [
              9.35629283,
              45.34394811
            ],
            [
              9.35625608,
              45.34392121
            ],
            [
              9.35620806,
              45.34388083
            ],
            [
              9.35657636,
              45.34375416
            ],
            [
              9.35691917,
              45.34362368
            ],
            [
              9.35735198,
              45.34347978
            ],
            [
              9.35779778,
              45.34334493
            ],
            [
              9.35826309,
              45.34318309
            ],
            [
              9.35868801,
              45.34304859
            ],
            [
              9.35885596,
              45.34298542
            ],
            [
              9.35886008,
              45.34291317
            ],
            [
              9.3588695,
              45.3428996
            ],
            [
              9.35893965,
              45.34274139
            ],
            [
              9.35902538,
              45.34254701
            ],
            [
              9.35908301,
              45.3424114
            ],
            [
              9.3591517,
              45.34226673
            ],
            [
              9.35923122,
              45.34209044
            ],
            [
              9.3592936,
              45.3419503
            ],
            [
              9.35935122,
              45.3418147
            ],
            [
              9.35941043,
              45.34167909
            ],
            [
              9.35948845,
              45.34151181
            ],
            [
              9.35954784,
              45.34139426
            ],
            [
              9.35958369,
              45.3413129
            ],
            [
              9.35963207,
              45.34120892
            ],
            [
              9.35966155,
              45.34112757
            ],
            [
              9.35972085,
              45.34100098
            ],
            [
              9.35979103,
              45.34084728
            ],
            [
              9.35986119,
              45.34068907
            ],
            [
              9.35992203,
              45.34055796
            ],
            [
              9.35999528,
              45.34039071
            ],
            [
              9.36006861,
              45.34023249
            ],
            [
              9.36012632,
              45.34010591
            ],
            [
              9.36014348,
              45.34006974
            ],
            [
              9.36010985,
              45.34004727
            ],
            [
              9.35996466,
              45.34001159
            ],
            [
              9.35978757,
              45.33996698
            ],
            [
              9.35963762,
              45.33993132
            ],
            [
              9.35953873,
              45.33990904
            ],
            [
              9.35950358,
              45.3398956
            ],
            [
              9.35952317,
              45.33977817
            ],
            [
              9.35954118,
              45.33966074
            ],
            [
              9.35955157,
              45.3395527
            ],
            [
              9.35954213,
              45.33953506
            ],
            [
              9.35952806,
              45.33952207
            ],
            [
              9.35947614,
              45.33949632
            ],
            [
              9.35946951,
              45.33946933
            ],
            [
              9.3595705,
              45.33939251
            ],
            [
              9.35968251,
              45.33930215
            ],
            [
              9.35972979,
              45.3392615
            ],
            [
              9.35984324,
              45.33915763
            ],
            [
              9.35989998,
              45.33910795
            ],
            [
              9.35999616,
              45.3390311
            ],
            [
              9.36011425,
              45.33893596
            ],
            [
              9.36022447,
              45.33884983
            ],
            [
              9.36044311,
              45.3386783
            ],
            [
              9.36048787,
              45.33864242
            ],
            [
              9.36059311,
              45.33850225
            ],
            [
              9.36068294,
              45.33840767
            ],
            [
              9.36076488,
              45.33832649
            ],
            [
              9.36079325,
              45.338295
            ],
            [
              9.3608483,
              45.33823189
            ],
            [
              9.36089381,
              45.33817323
            ],
            [
              9.36091121,
              45.33815517
            ],
            [
              9.36114389,
              45.33822074
            ],
            [
              9.36132052,
              45.33826052
            ],
            [
              9.36141289,
              45.33828731
            ],
            [
              9.36172657,
              45.33837199
            ],
            [
              9.36188891,
              45.33840742
            ],
            [
              9.36204486,
              45.33843831
            ],
            [
              9.36209898,
              45.33845165
            ],
            [
              9.36225657,
              45.33848711
            ],
            [
              9.36246989,
              45.33854047
            ],
            [
              9.36258609,
              45.33856709
            ],
            [
              9.3627198,
              45.33859815
            ],
            [
              9.36283597,
              45.33862017
            ],
            [
              9.36296964,
              45.33864665
            ],
            [
              9.36303972,
              45.33866007
            ],
            [
              9.36309245,
              45.33867393
            ],
            [
              9.3631865,
              45.33869199
            ],
            [
              9.36321516,
              45.33869641
            ],
            [
              9.36327086,
              45.33873327
            ],
            [
              9.36339443,
              45.33880941
            ],
            [
              9.36347889,
              45.33885418
            ],
            [
              9.36369849,
              45.33886261
            ],
            [
              9.36387611,
              45.33887115
            ],
            [
              9.36402909,
              45.33887482
            ],
            [
              9.3640665,
              45.33886511
            ],
            [
              9.36426206,
              45.33883042
            ],
            [
              9.36445819,
              45.33881869
            ],
            [
              9.36463797,
              45.33884939
            ],
            [
              9.36477475,
              45.33886669
            ],
            [
              9.36492262,
              45.33887932
            ],
            [
              9.36499896,
              45.33888792
            ],
            [
              9.36500372,
              45.33887442
            ],
            [
              9.36510397,
              45.33889647
            ],
            [
              9.36522489,
              45.33891844
            ],
            [
              9.36533307,
              45.33894046
            ],
            [
              9.36546359,
              45.33895807
            ],
            [
              9.3655839,
              45.33897166
            ],
            [
              9.36568928,
              45.33898526
            ],
            [
              9.36594179,
              45.33900655
            ],
            [
              9.36605646,
              45.33901494
            ],
            [
              9.36619822,
              45.33903667
            ],
            [
              9.36631131,
              45.33904956
            ],
            [
              9.36645309,
              45.3390713
            ],
            [
              9.36658848,
              45.33908857
            ],
            [
              9.36667608,
              45.33910159
            ],
            [
              9.36679077,
              45.33911896
            ],
            [
              9.36695325,
              45.33914058
            ],
            [
              9.36706635,
              45.33915797
            ],
            [
              9.36717468,
              45.33917537
            ],
            [
              9.36727502,
              45.33918833
            ],
            [
              9.36735148,
              45.33919692
            ],
            [
              9.36739606,
              45.33920118
            ],
            [
              9.36741045,
              45.33921458
            ],
            [
              9.36743756,
              45.33921479
            ],
            [
              9.36747883,
              45.33928761
            ],
            [
              9.36749075,
              45.33932816
            ],
            [
              9.36764671,
              45.33956349
            ],
            [
              9.36784275,
              45.33985777
            ],
            [
              9.36802776,
              45.34013514
            ],
            [
              9.36806012,
              45.34018282
            ],
            [
              9.36810527,
              45.34023662
            ],
            [
              9.36810532,
              45.34024381
            ],
            [
              9.36809087,
              45.34026338
            ],
            [
              9.3679656,
              45.34026943
            ],
            [
              9.36793424,
              45.34026491
            ],
            [
              9.36782417,
              45.34025498
            ],
            [
              9.3676387,
              45.34022763
            ],
            [
              9.36746409,
              45.34053652
            ],
            [
              9.3672707,
              45.34087759
            ],
            [
              9.36727569,
              45.34087889
            ]
          ]
        ]
      }
    },
    {
      "type": "Feature",
      "properties": {
        "name": "Vizzolo Predabissi",
        "istat_code": "015244",
        "administrative_unit": "M102",
        "sheet_count": 6,
        "source": "Agenzia Entrate WFS CP:CadastralZoning, fogli catastali raggruppati per comune"
      },
      "geometry": {
        "type": "Polygon",
        "coordinates": [
          [
            [
              9.33375041,
              45.36787506
            ],
            [
              9.33376817,
              45.36778095
            ],
            [
              9.33377928,
              45.36771909
            ],
            [
              9.33384962,
              45.36735773
            ],
            [
              9.33396512,
              45.36678177
            ],
            [
              9.33409346,
              45.36613008
            ],
            [
              9.33419839,
              45.36563819
            ],
            [
              9.33416621,
              45.36560881
            ],
            [
              9.33417766,
              45.36560361
            ],
            [
              9.33421273,
              45.36538051
            ],
            [
              9.33426496,
              45.36509006
            ],
            [
              9.33427066,
              45.36504559
            ],
            [
              9.33427873,
              45.36504203
            ],
            [
              9.33427604,
              45.36502385
            ],
            [
              9.33428538,
              45.36498967
            ],
            [
              9.33430925,
              45.3649945
            ],
            [
              9.33433774,
              45.36500522
            ],
            [
              9.33452411,
              45.36500032
            ],
            [
              9.33467477,
              45.3649867
            ],
            [
              9.33468991,
              45.36499834
            ],
            [
              9.33471781,
              45.36499813
            ],
            [
              9.33471567,
              45.36499245
            ],
            [
              9.33473676,
              45.36499023
            ],
            [
              9.33473923,
              45.3649773
            ],
            [
              9.33471518,
              45.36489859
            ],
            [
              9.33470013,
              45.36483714
            ],
            [
              9.33468843,
              45.3647894
            ],
            [
              9.33458356,
              45.36436114
            ],
            [
              9.33451858,
              45.36410687
            ],
            [
              9.33452385,
              45.36407484
            ],
            [
              9.33517992,
              45.3642257
            ],
            [
              9.33518612,
              45.36419928
            ],
            [
              9.33524623,
              45.36399254
            ],
            [
              9.33537199,
              45.36357078
            ],
            [
              9.33544298,
              45.36334758
            ],
            [
              9.3354569,
              45.3633038
            ],
            [
              9.33556085,
              45.36303497
            ],
            [
              9.3347526,
              45.36295603
            ],
            [
              9.33432917,
              45.36291515
            ],
            [
              9.33431642,
              45.36291735
            ],
            [
              9.33431784,
              45.3628907
            ],
            [
              9.3343712,
              45.36271554
            ],
            [
              9.33438806,
              45.3626602
            ],
            [
              9.33441513,
              45.3626201
            ],
            [
              9.33451887,
              45.36245866
            ],
            [
              9.33452295,
              45.36244638
            ],
            [
              9.33455565,
              45.36235953
            ],
            [
              9.33462229,
              45.36218262
            ],
            [
              9.33474407,
              45.36185824
            ],
            [
              9.33479794,
              45.36171754
            ],
            [
              9.33481228,
              45.36168005
            ],
            [
              9.33486535,
              45.36154143
            ],
            [
              9.33495813,
              45.36130652
            ],
            [
              9.33512224,
              45.3608865
            ],
            [
              9.33514807,
              45.36082025
            ],
            [
              9.33527768,
              45.36048777
            ],
            [
              9.33531415,
              45.36040685
            ],
            [
              9.33537152,
              45.36027949
            ],
            [
              9.33542388,
              45.36012201
            ],
            [
              9.33552222,
              45.35983902
            ],
            [
              9.33570842,
              45.35930539
            ],
            [
              9.33578587,
              45.35909509
            ],
            [
              9.3358154,
              45.35902012
            ],
            [
              9.33696575,
              45.3593067
            ],
            [
              9.33890377,
              45.35977441
            ],
            [
              9.33892422,
              45.35969778
            ],
            [
              9.33907641,
              45.35884347
            ],
            [
              9.33920209,
              45.35817196
            ],
            [
              9.33928558,
              45.35774462
            ],
            [
              9.33933239,
              45.35751704
            ],
            [
              9.33937906,
              45.35724107
            ],
            [
              9.33946292,
              45.35675992
            ],
            [
              9.33948302,
              45.35665444
            ],
            [
              9.33949356,
              45.35658834
            ],
            [
              9.33949398,
              45.35657859
            ],
            [
              9.33880874,
              45.35675692
            ],
            [
              9.33816133,
              45.35692553
            ],
            [
              9.33811018,
              45.35694681
            ],
            [
              9.33810501,
              45.35693344
            ],
            [
              9.3380879,
              45.35688202
            ],
            [
              9.33806555,
              45.35680147
            ],
            [
              9.33807285,
              45.35672409
            ],
            [
              9.33802813,
              45.35649229
            ],
            [
              9.33800686,
              45.35638204
            ],
            [
              9.3379958,
              45.35631406
            ],
            [
              9.33800852,
              45.35629963
            ],
            [
              9.33807009,
              45.35623794
            ],
            [
              9.3381488,
              45.35623522
            ],
            [
              9.33818237,
              45.35619806
            ],
            [
              9.33826272,
              45.3561097
            ],
            [
              9.33831819,
              45.35605595
            ],
            [
              9.33845805,
              45.35590049
            ],
            [
              9.33866558,
              45.35567865
            ],
            [
              9.338895207286255,
              45.35543296536924
            ],
            [
              9.33866222,
              45.35567787
            ],
            [
              9.33864267,
              45.35569841
            ],
            [
              9.33835084,
              45.35600834
            ],
            [
              9.33831334,
              45.35604509
            ],
            [
              9.33818251,
              45.35618381
            ],
            [
              9.33814951,
              45.35621976
            ],
            [
              9.33811755,
              45.35622138
            ],
            [
              9.33806791,
              45.3562239
            ],
            [
              9.33800279,
              45.35628791
            ],
            [
              9.33799472,
              45.35629579
            ],
            [
              9.33799194,
              45.35628508
            ],
            [
              9.33796667,
              45.35618739
            ],
            [
              9.33783025,
              45.35601784
            ],
            [
              9.33766299,
              45.35581318
            ],
            [
              9.33756044,
              45.35568125
            ],
            [
              9.33753719,
              45.35565222
            ],
            [
              9.33749323,
              45.35559845
            ],
            [
              9.33742604,
              45.35551494
            ],
            [
              9.33735031,
              45.35541025
            ],
            [
              9.33732721,
              45.35538162
            ],
            [
              9.3372447,
              45.35527941
            ],
            [
              9.33716894,
              45.35518083
            ],
            [
              9.33715426,
              45.35516649
            ],
            [
              9.33729364,
              45.35502309
            ],
            [
              9.33744365,
              45.35486452
            ],
            [
              9.33760989,
              45.35469185
            ],
            [
              9.33778174,
              45.35452168
            ],
            [
              9.33783394,
              45.3544675
            ],
            [
              9.33761543,
              45.35438466
            ],
            [
              9.33722555,
              45.35424814
            ],
            [
              9.33705221,
              45.35418441
            ],
            [
              9.3368387,
              45.35410548
            ],
            [
              9.33710522,
              45.35394312
            ],
            [
              9.33735878,
              45.35379076
            ],
            [
              9.33737086,
              45.35375856
            ],
            [
              9.33742629,
              45.35370481
            ],
            [
              9.33750271,
              45.35365423
            ],
            [
              9.33763451,
              45.35357701
            ],
            [
              9.33777655,
              45.35349325
            ],
            [
              9.33790064,
              45.35342293
            ],
            [
              9.33812527,
              45.35329108
            ],
            [
              9.33835809,
              45.35314944
            ],
            [
              9.33865399,
              45.35296991
            ],
            [
              9.338822799945923,
              45.35286881799528
            ],
            [
              9.33881855,
              45.35286503
            ],
            [
              9.33873758,
              45.35291292
            ],
            [
              9.33859407,
              45.35300215
            ],
            [
              9.33848018,
              45.35307099
            ],
            [
              9.33845722,
              45.35308487
            ],
            [
              9.33834756,
              45.3531509
            ],
            [
              9.33811388,
              45.35328662
            ],
            [
              9.33790638,
              45.35340386
            ],
            [
              9.3377183,
              45.35351777
            ],
            [
              9.33744046,
              45.35368906
            ],
            [
              9.33737546,
              45.35371699
            ],
            [
              9.33734986,
              45.35371183
            ],
            [
              9.33732127,
              45.3537213
            ],
            [
              9.33717166,
              45.35350517
            ],
            [
              9.33715492,
              45.35348036
            ],
            [
              9.33702694,
              45.3533295
            ],
            [
              9.33695636,
              45.35324292
            ],
            [
              9.33687683,
              45.35320684
            ],
            [
              9.33665304,
              45.35310754
            ],
            [
              9.3365847,
              45.35308546
            ],
            [
              9.33653266,
              45.35306909
            ],
            [
              9.3364696,
              45.35304342
            ],
            [
              9.33643587,
              45.35305804
            ],
            [
              9.33637359,
              45.3530898
            ],
            [
              9.33633602,
              45.35310823
            ],
            [
              9.33626153,
              45.3530977
            ],
            [
              9.33615404,
              45.35304789
            ],
            [
              9.33605305,
              45.35298368
            ],
            [
              9.33594227,
              45.35290435
            ],
            [
              9.33596288,
              45.35271562
            ],
            [
              9.33590428,
              45.35267865
            ],
            [
              9.33581492,
              45.3526951
            ],
            [
              9.33563809,
              45.35263868
            ],
            [
              9.3355539,
              45.35252546
            ],
            [
              9.33554432,
              45.35240664
            ],
            [
              9.33554397,
              45.35222117
            ],
            [
              9.33557384,
              45.3520439
            ],
            [
              9.33555133,
              45.35190422
            ],
            [
              9.33546665,
              45.35172474
            ],
            [
              9.33582655,
              45.3516306
            ],
            [
              9.33625132,
              45.35152184
            ],
            [
              9.33642,
              45.35146047
            ],
            [
              9.33688284,
              45.35127796
            ],
            [
              9.33717692,
              45.35121514
            ],
            [
              9.33759872,
              45.35111626
            ],
            [
              9.33795793,
              45.35103271
            ],
            [
              9.33806202,
              45.35099782
            ],
            [
              9.33818408,
              45.35095893
            ],
            [
              9.33847025,
              45.35094075
            ],
            [
              9.33861416,
              45.35076102
            ],
            [
              9.33865185,
              45.3506683
            ],
            [
              9.33867767,
              45.35059491
            ],
            [
              9.33854002,
              45.35032427
            ],
            [
              9.33837521,
              45.35010336
            ],
            [
              9.33811124,
              45.34975257
            ],
            [
              9.33793971,
              45.34952302
            ],
            [
              9.33775095,
              45.34929268
            ],
            [
              9.33757463,
              45.34908176
            ],
            [
              9.3374649,
              45.34902704
            ],
            [
              9.33724707,
              45.34882901
            ],
            [
              9.3369465,
              45.34855997
            ],
            [
              9.33669332,
              45.34837717
            ],
            [
              9.3364975,
              45.34823487
            ],
            [
              9.33631044,
              45.34809579
            ],
            [
              9.33614664,
              45.34797715
            ],
            [
              9.3359352,
              45.34779471
            ],
            [
              9.33584924,
              45.34759745
            ],
            [
              9.33576698,
              45.34741639
            ],
            [
              9.33567456,
              45.34717485
            ],
            [
              9.33570334,
              45.34689764
            ],
            [
              9.33575866,
              45.34682058
            ],
            [
              9.33586138,
              45.34670715
            ],
            [
              9.33592486,
              45.34662469
            ],
            [
              9.33598281,
              45.34655736
            ],
            [
              9.33577639,
              45.34606709
            ],
            [
              9.33562219,
              45.3457136
            ],
            [
              9.33557372,
              45.34559985
            ],
            [
              9.3354528,
              45.34545805
            ],
            [
              9.33525349,
              45.34524785
            ],
            [
              9.3351301,
              45.34512044
            ],
            [
              9.33499772,
              45.34495199
            ],
            [
              9.33483386,
              45.34475332
            ],
            [
              9.33464417,
              45.34444955
            ],
            [
              9.33456676,
              45.34428338
            ],
            [
              9.33447281,
              45.34416046
            ],
            [
              9.3343633,
              45.343931
            ],
            [
              9.33429499,
              45.34369859
            ],
            [
              9.3342185,
              45.34346586
            ],
            [
              9.33424149,
              45.34329229
            ],
            [
              9.33426951,
              45.34308495
            ],
            [
              9.33429151,
              45.34299315
            ],
            [
              9.33443259,
              45.34281434
            ],
            [
              9.33462395,
              45.34257714
            ],
            [
              9.33471991,
              45.34246502
            ],
            [
              9.33484605,
              45.34235714
            ],
            [
              9.33499158,
              45.34224634
            ],
            [
              9.33524207,
              45.34208097
            ],
            [
              9.33532505,
              45.34202537
            ],
            [
              9.33552176,
              45.34193064
            ],
            [
              9.33563694,
              45.34187677
            ],
            [
              9.3357078,
              45.3418471
            ],
            [
              9.33580263,
              45.3418091
            ],
            [
              9.3360249,
              45.341719
            ],
            [
              9.33637063,
              45.34159371
            ],
            [
              9.33648742,
              45.3415535
            ],
            [
              9.33675273,
              45.34148561
            ],
            [
              9.33695119,
              45.34143406
            ],
            [
              9.33717824,
              45.34137597
            ],
            [
              9.33752418,
              45.34129242
            ],
            [
              9.33773325,
              45.34121745
            ],
            [
              9.33790612,
              45.34115624
            ],
            [
              9.33811061,
              45.34108345
            ],
            [
              9.33823075,
              45.34100365
            ],
            [
              9.3383813,
              45.340877
            ],
            [
              9.33851452,
              45.34075974
            ],
            [
              9.33863275,
              45.34060798
            ],
            [
              9.3388691,
              45.3402879
            ],
            [
              9.33894514,
              45.34017654
            ],
            [
              9.33905222,
              45.3400489
            ],
            [
              9.33923301,
              45.3398438
            ],
            [
              9.33932135,
              45.33977619
            ],
            [
              9.33960339,
              45.33967236
            ],
            [
              9.33984423,
              45.33966625
            ],
            [
              9.34006189,
              45.3397751
            ],
            [
              9.34029866,
              45.33984463
            ],
            [
              9.34046342,
              45.3399061
            ],
            [
              9.34063742,
              45.33997654
            ],
            [
              9.34073384,
              45.34004396
            ],
            [
              9.34083896,
              45.34011605
            ],
            [
              9.34092749,
              45.34015072
            ],
            [
              9.3412043,
              45.34025255
            ],
            [
              9.34104062,
              45.34057105
            ],
            [
              9.3410429,
              45.34060418
            ],
            [
              9.34105722,
              45.34083212
            ],
            [
              9.34106504,
              45.34100461
            ],
            [
              9.34106358,
              45.34101434
            ],
            [
              9.34107402,
              45.3412711
            ],
            [
              9.34108376,
              45.34147853
            ],
            [
              9.34108538,
              45.34151345
            ],
            [
              9.34109931,
              45.34151003
            ],
            [
              9.34130698,
              45.34145895
            ],
            [
              9.3413463,
              45.34144995
            ],
            [
              9.34155974,
              45.3414011
            ],
            [
              9.3416348,
              45.34138244
            ],
            [
              9.34174246,
              45.34133951
            ],
            [
              9.34191239,
              45.34127473
            ],
            [
              9.34206041,
              45.34122552
            ],
            [
              9.34224876,
              45.34116464
            ],
            [
              9.34237941,
              45.34108443
            ],
            [
              9.34251897,
              45.3409996
            ],
            [
              9.34259796,
              45.34094414
            ],
            [
              9.34267236,
              45.34089086
            ],
            [
              9.34269071,
              45.3408807
            ],
            [
              9.34273751,
              45.34083678
            ],
            [
              9.34279926,
              45.34076876
            ],
            [
              9.34286196,
              45.34069608
            ],
            [
              9.34297021,
              45.34056583
            ],
            [
              9.34312983,
              45.34038841
            ],
            [
              9.34360495,
              45.34075496
            ],
            [
              9.34364472,
              45.34078563
            ],
            [
              9.34410066,
              45.34084991
            ],
            [
              9.34449283,
              45.34090069
            ],
            [
              9.34471194,
              45.34093486
            ],
            [
              9.34500843,
              45.34101565
            ],
            [
              9.345332,
              45.34110612
            ],
            [
              9.34549497,
              45.3411375
            ],
            [
              9.34564975,
              45.34116422
            ],
            [
              9.34567729,
              45.34116417
            ],
            [
              9.34573191,
              45.34116695
            ],
            [
              9.3457605,
              45.34117122
            ],
            [
              9.34577942,
              45.34117587
            ],
            [
              9.34578744,
              45.34115535
            ],
            [
              9.34585772,
              45.3410653
            ],
            [
              9.34589566,
              45.34101811
            ],
            [
              9.34596903,
              45.34093201
            ],
            [
              9.34602522,
              45.3408686
            ],
            [
              9.34613061,
              45.34083821
            ],
            [
              9.34625703,
              45.34082144
            ],
            [
              9.3464823,
              45.34078905
            ],
            [
              9.34658017,
              45.34077521
            ],
            [
              9.3467466,
              45.34071989
            ],
            [
              9.3469477,
              45.34065256
            ],
            [
              9.34710154,
              45.34060121
            ],
            [
              9.34729132,
              45.34058569
            ],
            [
              9.34745407,
              45.34057316
            ],
            [
              9.34758676,
              45.34057189
            ],
            [
              9.34762611,
              45.34057893
            ],
            [
              9.34792562,
              45.34065144
            ],
            [
              9.3480303,
              45.34066
            ],
            [
              9.34813294,
              45.34067001
            ],
            [
              9.34832538,
              45.34067246
            ],
            [
              9.34846065,
              45.3406737
            ],
            [
              9.34862506,
              45.34068633
            ],
            [
              9.34888548,
              45.34070469
            ],
            [
              9.3489779,
              45.34071008
            ],
            [
              9.34908456,
              45.34071036
            ],
            [
              9.34922083,
              45.34070871
            ],
            [
              9.34942038,
              45.34070573
            ],
            [
              9.34947238,
              45.34069652
            ],
            [
              9.34946737,
              45.34071093
            ],
            [
              9.34945026,
              45.34085044
            ],
            [
              9.3494939,
              45.34086034
            ],
            [
              9.34945819,
              45.34093273
            ],
            [
              9.34936334,
              45.34112499
            ],
            [
              9.34925335,
              45.34135467
            ],
            [
              9.34919684,
              45.34147196
            ],
            [
              9.34913028,
              45.34160563
            ],
            [
              9.34909919,
              45.34166806
            ],
            [
              9.34904393,
              45.34178145
            ],
            [
              9.34904599,
              45.3418351
            ],
            [
              9.34906095,
              45.34188796
            ],
            [
              9.34909361,
              45.34196167
            ],
            [
              9.34911084,
              45.34200663
            ],
            [
              9.3491088,
              45.34204915
            ],
            [
              9.34907077,
              45.342104
            ],
            [
              9.34899285,
              45.3422043
            ],
            [
              9.34882101,
              45.34241795
            ],
            [
              9.34876733,
              45.34249195
            ],
            [
              9.34867848,
              45.34262402
            ],
            [
              9.34863856,
              45.3427224
            ],
            [
              9.34858792,
              45.34283809
            ],
            [
              9.34854168,
              45.34297499
            ],
            [
              9.348511197782864,
              45.34306605422457
            ],
            [
              9.3485339,
              45.34307032
            ],
            [
              9.34864347,
              45.34309046
            ],
            [
              9.34869748,
              45.3431004
            ],
            [
              9.34893173,
              45.34314379
            ],
            [
              9.34904393,
              45.3431636
            ],
            [
              9.3492704,
              45.34320974
            ],
            [
              9.3497777,
              45.34331715
            ],
            [
              9.35039917,
              45.34343604
            ],
            [
              9.35073886,
              45.34350233
            ],
            [
              9.35074824,
              45.34352297
            ],
            [
              9.35070686,
              45.34365376
            ],
            [
              9.35072404,
              45.34368384
            ],
            [
              9.35096998,
              45.34373717
            ],
            [
              9.35119644,
              45.343784
            ],
            [
              9.35143262,
              45.34383232
            ],
            [
              9.35180668,
              45.34390972
            ],
            [
              9.35201368,
              45.34395036
            ],
            [
              9.35237999,
              45.34402093
            ],
            [
              9.35272872,
              45.34408157
            ],
            [
              9.35329059,
              45.34418391
            ],
            [
              9.35358157,
              45.34423952
            ],
            [
              9.35360548,
              45.34423743
            ],
            [
              9.35398267,
              45.34430351
            ],
            [
              9.35452173,
              45.34419333
            ],
            [
              9.35466508,
              45.34385174
            ],
            [
              9.35468005,
              45.3438162
            ],
            [
              9.35470211,
              45.34376374
            ],
            [
              9.35479826,
              45.34352288
            ],
            [
              9.35497859,
              45.34307433
            ],
            [
              9.35509891,
              45.3427873
            ],
            [
              9.35510449,
              45.34278225
            ],
            [
              9.35523168,
              45.34280816
            ],
            [
              9.3555288,
              45.3428684
            ],
            [
              9.35581366,
              45.34293263
            ],
            [
              9.35610721,
              45.34299504
            ],
            [
              9.35610272,
              45.34301452
            ],
            [
              9.35605742,
              45.34310677
            ],
            [
              9.35601918,
              45.34320336
            ],
            [
              9.35596129,
              45.34341016
            ],
            [
              9.35590948,
              45.34358984
            ],
            [
              9.35590897,
              45.34370867
            ],
            [
              9.35590404,
              45.34378645
            ],
            [
              9.35586644,
              45.3438766
            ],
            [
              9.35588034,
              45.34388411
            ],
            [
              9.35597287,
              45.34386826
            ],
            [
              9.35609909,
              45.34384077
            ],
            [
              9.35615179,
              45.34383119
            ],
            [
              9.35616883,
              45.34384516
            ],
            [
              9.35626334,
              45.34393189
            ],
            [
              9.35631997,
              45.3439796
            ],
            [
              9.35627951,
              45.34410106
            ],
            [
              9.35629399,
              45.3442648
            ],
            [
              9.35627467,
              45.34430803
            ],
            [
              9.35624718,
              45.34434984
            ],
            [
              9.35623755,
              45.34439485
            ],
            [
              9.35626716,
              45.34441855
            ],
            [
              9.35644414,
              45.34442465
            ],
            [
              9.35656248,
              45.34444096
            ],
            [
              9.35667109,
              45.34442778
            ],
            [
              9.35670626,
              45.34443849
            ],
            [
              9.3566992,
              45.34447955
            ],
            [
              9.35662523,
              45.34487707
            ],
            [
              9.35656694,
              45.34517125
            ],
            [
              9.35652906,
              45.34530527
            ],
            [
              9.35652931,
              45.34536579
            ],
            [
              9.35685918,
              45.34539637
            ],
            [
              9.35727736,
              45.34546242
            ],
            [
              9.35752827,
              45.34550111
            ],
            [
              9.35766389,
              45.34550512
            ],
            [
              9.35768598,
              45.34552558
            ],
            [
              9.35772731,
              45.34557985
            ],
            [
              9.35778289,
              45.34559922
            ],
            [
              9.35778369,
              45.3455995
            ],
            [
              9.35804982,
              45.34564234
            ],
            [
              9.35834235,
              45.34568705
            ],
            [
              9.35841497,
              45.34569949
            ],
            [
              9.35875841,
              45.34573844
            ],
            [
              9.35889394,
              45.34576226
            ],
            [
              9.35894918,
              45.34577151
            ],
            [
              9.3591322,
              45.3457967
            ],
            [
              9.35941174,
              45.34582857
            ],
            [
              9.35971395,
              45.34587546
            ],
            [
              9.36019613,
              45.34594862
            ],
            [
              9.36030962,
              45.34595594
            ],
            [
              9.36036486,
              45.34597275
            ],
            [
              9.36048812,
              45.34599588
            ],
            [
              9.360729,
              45.34602524
            ],
            [
              9.36104712,
              45.34606955
            ],
            [
              9.36129004,
              45.34610646
            ],
            [
              9.36157494,
              45.3461577
            ],
            [
              9.36200251,
              45.34622661
            ],
            [
              9.36217794,
              45.34625899
            ],
            [
              9.36220913,
              45.34625892
            ],
            [
              9.36229459,
              45.34630483
            ],
            [
              9.362191,
              45.3464183
            ],
            [
              9.36199644,
              45.34663445
            ],
            [
              9.36189797,
              45.34674585
            ],
            [
              9.36185268,
              45.3467971
            ],
            [
              9.36189692,
              45.34681719
            ],
            [
              9.36192202,
              45.34682497
            ],
            [
              9.36175205,
              45.34698969
            ],
            [
              9.36145696,
              45.34727393
            ],
            [
              9.36119339,
              45.34753899
            ],
            [
              9.36113708,
              45.34758993
            ],
            [
              9.36112538,
              45.34759644
            ],
            [
              9.36108462,
              45.34761204
            ],
            [
              9.36100461,
              45.34770085
            ],
            [
              9.36081886,
              45.3479214
            ],
            [
              9.36070539,
              45.34810682
            ],
            [
              9.36064676,
              45.34824743
            ],
            [
              9.3605841,
              45.34839453
            ],
            [
              9.36046865,
              45.34863282
            ],
            [
              9.36046198,
              45.34868864
            ],
            [
              9.36049077,
              45.34871017
            ],
            [
              9.36064941,
              45.34873965
            ],
            [
              9.36080476,
              45.34874466
            ],
            [
              9.36092792,
              45.34874577
            ],
            [
              9.36096645,
              45.34876659
            ],
            [
              9.36097373,
              45.34880496
            ],
            [
              9.36093163,
              45.34891593
            ],
            [
              9.36082141,
              45.34920933
            ],
            [
              9.36070731,
              45.34953555
            ],
            [
              9.36061843,
              45.34972104
            ],
            [
              9.36061452,
              45.34975171
            ],
            [
              9.3606459,
              45.3497842
            ],
            [
              9.36079534,
              45.34981058
            ],
            [
              9.36121374,
              45.34987867
            ],
            [
              9.36149674,
              45.34992742
            ],
            [
              9.3615574,
              45.34995641
            ],
            [
              9.36156481,
              45.34999495
            ],
            [
              9.36151075,
              45.35013222
            ],
            [
              9.36139299,
              45.35045026
            ],
            [
              9.36122326,
              45.35090526
            ],
            [
              9.36106962,
              45.35131355
            ],
            [
              9.36088234,
              45.35179942
            ],
            [
              9.36079742,
              45.35204913
            ],
            [
              9.36076398,
              45.35218417
            ],
            [
              9.36070465,
              45.35243558
            ],
            [
              9.36067962,
              45.35261186
            ],
            [
              9.36062185,
              45.35295367
            ],
            [
              9.36056315,
              45.35331235
            ],
            [
              9.36051637,
              45.35361178
            ],
            [
              9.36046559,
              45.35392701
            ],
            [
              9.36046019,
              45.35396292
            ],
            [
              9.36049005,
              45.35397821
            ],
            [
              9.36093178,
              45.35402618
            ],
            [
              9.36122972,
              45.35405453
            ],
            [
              9.36122532,
              45.35407107
            ],
            [
              9.36121299,
              45.35410811
            ],
            [
              9.36119387,
              45.35420068
            ],
            [
              9.36113668,
              45.35455069
            ],
            [
              9.36110446,
              45.35489013
            ],
            [
              9.36102898,
              45.35534225
            ],
            [
              9.3609698,
              45.35574026
            ],
            [
              9.36095725,
              45.35582465
            ],
            [
              9.36089547,
              45.35626374
            ],
            [
              9.36086714,
              45.35644468
            ],
            [
              9.36083,
              45.35668193
            ],
            [
              9.36077241,
              45.35705069
            ],
            [
              9.36072518,
              45.35735819
            ],
            [
              9.36072027,
              45.35739021
            ],
            [
              9.3606577,
              45.35760972
            ],
            [
              9.36056665,
              45.35793608
            ],
            [
              9.36054044,
              45.35808258
            ],
            [
              9.36051086,
              45.35835062
            ],
            [
              9.36050381,
              45.35836796
            ],
            [
              9.36043164,
              45.3584158
            ],
            [
              9.36035462,
              45.35842006
            ],
            [
              9.35996057,
              45.35834961
            ],
            [
              9.35968466,
              45.35831225
            ],
            [
              9.35942393,
              45.35825785
            ],
            [
              9.35926077,
              45.35821146
            ],
            [
              9.35918083,
              45.35824025
            ],
            [
              9.35894966,
              45.35851267
            ],
            [
              9.35888057,
              45.35862164
            ],
            [
              9.35885276,
              45.35865887
            ],
            [
              9.35879616,
              45.35867523
            ],
            [
              9.35872758,
              45.35867421
            ],
            [
              9.35848094,
              45.35863108
            ],
            [
              9.35808693,
              45.35857033
            ],
            [
              9.35778035,
              45.35852227
            ],
            [
              9.35758302,
              45.35847723
            ],
            [
              9.35750145,
              45.35847533
            ],
            [
              9.35743278,
              45.35853748
            ],
            [
              9.35741226,
              45.35857878
            ],
            [
              9.35740044,
              45.35857587
            ],
            [
              9.35735938,
              45.35857218
            ],
            [
              9.35729195,
              45.35855106
            ],
            [
              9.35717949,
              45.35853712
            ],
            [
              9.35681227,
              45.35848727
            ],
            [
              9.35649184,
              45.35844765
            ],
            [
              9.35629865,
              45.35841512
            ],
            [
              9.35626349,
              45.35839186
            ],
            [
              9.35630563,
              45.35824182
            ],
            [
              9.35632103,
              45.35819326
            ],
            [
              9.35639399,
              45.35794647
            ],
            [
              9.3564683,
              45.35767733
            ],
            [
              9.356500493164402,
              45.35757427145413
            ],
            [
              9.35645577,
              45.35769284
            ],
            [
              9.35641847,
              45.35782398
            ],
            [
              9.35637317,
              45.35799798
            ],
            [
              9.35632478,
              45.3581673
            ],
            [
              9.35629961,
              45.35826314
            ],
            [
              9.35625296,
              45.35835864
            ],
            [
              9.35625207,
              45.35839249
            ],
            [
              9.35626187,
              45.35841156
            ],
            [
              9.35631872,
              45.35842909
            ],
            [
              9.35650654,
              45.35845466
            ],
            [
              9.35667473,
              45.35847819
            ],
            [
              9.35695494,
              45.35851637
            ],
            [
              9.3572827,
              45.35856056
            ],
            [
              9.35736659,
              45.35857799
            ],
            [
              9.35738419,
              45.35861145
            ],
            [
              9.35736965,
              45.35865292
            ],
            [
              9.35731284,
              45.35879033
            ],
            [
              9.35724849,
              45.35894757
            ],
            [
              9.35718864,
              45.35908968
            ],
            [
              9.35715492,
              45.35916506
            ],
            [
              9.35710856,
              45.35926209
            ],
            [
              9.35705259,
              45.35937284
            ],
            [
              9.35703547,
              45.35940891
            ],
            [
              9.35702296,
              45.35944965
            ],
            [
              9.35698179,
              45.35955784
            ],
            [
              9.35697032,
              45.35960038
            ],
            [
              9.35694542,
              45.35969701
            ],
            [
              9.35689093,
              45.35987656
            ],
            [
              9.35686252,
              45.35998435
            ],
            [
              9.35685322,
              45.36004311
            ],
            [
              9.35682529,
              45.36014693
            ],
            [
              9.35681459,
              45.36022658
            ],
            [
              9.35679346,
              45.36035237
            ],
            [
              9.35677968,
              45.36050949
            ],
            [
              9.35675728,
              45.36067453
            ],
            [
              9.3567469,
              45.36072857
            ],
            [
              9.35673404,
              45.36078112
            ],
            [
              9.35672666,
              45.36087752
            ],
            [
              9.35670358,
              45.36104622
            ],
            [
              9.35667588,
              45.36121205
            ],
            [
              9.35666394,
              45.36131061
            ],
            [
              9.35664441,
              45.36141458
            ],
            [
              9.35662516,
              45.36149126
            ],
            [
              9.3566087,
              45.36159563
            ],
            [
              9.356608,
              45.36163863
            ],
            [
              9.35659159,
              45.36166673
            ],
            [
              9.35658523,
              45.36169373
            ],
            [
              9.3565851,
              45.36172719
            ],
            [
              9.35659008,
              45.36179934
            ],
            [
              9.35658226,
              45.36195336
            ],
            [
              9.35657911,
              45.36209582
            ],
            [
              9.35657196,
              45.36228284
            ],
            [
              9.35656583,
              45.36246914
            ],
            [
              9.3565564,
              45.36262666
            ],
            [
              9.35654951,
              45.36278132
            ],
            [
              9.35654199,
              45.36292266
            ],
            [
              9.35654144,
              45.3629802
            ],
            [
              9.35653742,
              45.36305105
            ],
            [
              9.35652984,
              45.36312227
            ],
            [
              9.35652611,
              45.36316399
            ],
            [
              9.35651921,
              45.36319277
            ],
            [
              9.35650411,
              45.36327839
            ],
            [
              9.35648763,
              45.36338235
            ],
            [
              9.3564605,
              45.36355574
            ],
            [
              9.35644309,
              45.3636723
            ],
            [
              9.35642938,
              45.36380214
            ],
            [
              9.35642604,
              45.36383344
            ],
            [
              9.35626279,
              45.36380368
            ],
            [
              9.35594802,
              45.36373983
            ],
            [
              9.35550643,
              45.36363427
            ],
            [
              9.3550905,
              45.36353546
            ],
            [
              9.35469936,
              45.36345817
            ],
            [
              9.35443373,
              45.36339814
            ],
            [
              9.35427004,
              45.36335148
            ],
            [
              9.35405817,
              45.36329561
            ],
            [
              9.35372339,
              45.36322642
            ],
            [
              9.353488,
              45.3631717
            ],
            [
              9.35349454,
              45.36320874
            ],
            [
              9.35348675,
              45.36328972
            ],
            [
              9.35346952,
              45.36344518
            ],
            [
              9.35342365,
              45.36387741
            ],
            [
              9.35339533,
              45.36413976
            ],
            [
              9.35337075,
              45.36437045
            ],
            [
              9.3533545,
              45.3645367
            ],
            [
              9.35332493,
              45.36487458
            ],
            [
              9.35330728,
              45.36501636
            ],
            [
              9.35329322,
              45.36515633
            ],
            [
              9.35328168,
              45.36528408
            ],
            [
              9.35326256,
              45.36545572
            ],
            [
              9.35348912,
              45.36546481
            ],
            [
              9.35392284,
              45.36548269
            ],
            [
              9.35445352,
              45.36550858
            ],
            [
              9.35447,
              45.36551287
            ],
            [
              9.35443874,
              45.36563795
            ],
            [
              9.35441793,
              45.36572735
            ],
            [
              9.35439943,
              45.36578539
            ],
            [
              9.35437349,
              45.36587371
            ],
            [
              9.35435145,
              45.36593824
            ],
            [
              9.35432452,
              45.36603053
            ],
            [
              9.35429145,
              45.36612786
            ],
            [
              9.35425437,
              45.36623458
            ],
            [
              9.35423595,
              45.36630199
            ],
            [
              9.35421339,
              45.3663658
            ],
            [
              9.35418587,
              45.36645016
            ],
            [
              9.35415942,
              45.36653956
            ],
            [
              9.35413438,
              45.36661275
            ],
            [
              9.35411235,
              45.36667908
            ],
            [
              9.35408635,
              45.36676091
            ],
            [
              9.35406781,
              45.36681427
            ],
            [
              9.35405641,
              45.36686149
            ],
            [
              9.3540293,
              45.36693827
            ],
            [
              9.35401183,
              45.36693615
            ],
            [
              9.35400783,
              45.36694804
            ],
            [
              9.35400184,
              45.36696787
            ],
            [
              9.35387277,
              45.36694987
            ],
            [
              9.35371706,
              45.36692763
            ],
            [
              9.35343534,
              45.36688774
            ],
            [
              9.35342399,
              45.36686149
            ],
            [
              9.35341019,
              45.36685181
            ],
            [
              9.35338209,
              45.36683966
            ],
            [
              9.35328421,
              45.36682632
            ],
            [
              9.35314351,
              45.36680665
            ],
            [
              9.35307419,
              45.36680041
            ],
            [
              9.35295991,
              45.36677091
            ],
            [
              9.35284668,
              45.36674322
            ],
            [
              9.35267016,
              45.36669629
            ],
            [
              9.35255028,
              45.36666682
            ],
            [
              9.35244932,
              45.36665061
            ],
            [
              9.35238151,
              45.36664039
            ],
            [
              9.35223467,
              45.36662433
            ],
            [
              9.35197252,
              45.36657481
            ],
            [
              9.35171852,
              45.36652311
            ],
            [
              9.35169858,
              45.36649007
            ],
            [
              9.35172641,
              45.36639051
            ],
            [
              9.351731091371123,
              45.366372301375755
            ],
            [
              9.3517092,
              45.36643165
            ],
            [
              9.35168513,
              45.36649712
            ],
            [
              9.3517043,
              45.36653471
            ],
            [
              9.35224335,
              45.36664147
            ],
            [
              9.35241136,
              45.36665727
            ],
            [
              9.35264949,
              45.36670604
            ],
            [
              9.35285797,
              45.36675055
            ],
            [
              9.35309918,
              45.36680651
            ],
            [
              9.35337206,
              45.36684222
            ],
            [
              9.35330029,
              45.36712331
            ],
            [
              9.35322401,
              45.36741738
            ],
            [
              9.3531566,
              45.36774131
            ],
            [
              9.35293475,
              45.36772097
            ],
            [
              9.3524665,
              45.36767496
            ],
            [
              9.35240559,
              45.36821747
            ],
            [
              9.35238048,
              45.36844406
            ],
            [
              9.35234967,
              45.36874127
            ],
            [
              9.35232593,
              45.36875772
            ],
            [
              9.35212219,
              45.36876844
            ],
            [
              9.35210921,
              45.36877971
            ],
            [
              9.35207973,
              45.36888859
            ],
            [
              9.35156601,
              45.36888881
            ],
            [
              9.35094584,
              45.36888864
            ],
            [
              9.35062194,
              45.36888753
            ],
            [
              9.35026633,
              45.36888688
            ],
            [
              9.35021924,
              45.36888773
            ],
            [
              9.35020448,
              45.36888995
            ],
            [
              9.35024614,
              45.36905641
            ],
            [
              9.35043126,
              45.36949435
            ],
            [
              9.35045922,
              45.36960641
            ],
            [
              9.35046969,
              45.36963992
            ],
            [
              9.35049161,
              45.36970152
            ],
            [
              9.35057328,
              45.36989816
            ],
            [
              9.35059016,
              45.3699659
            ],
            [
              9.35058938,
              45.37005389
            ],
            [
              9.35058808,
              45.37008166
            ],
            [
              9.35056879,
              45.37015024
            ],
            [
              9.35054959,
              45.37022891
            ],
            [
              9.35058085,
              45.37042967
            ],
            [
              9.35057229,
              45.37074235
            ],
            [
              9.35053912,
              45.37085783
            ],
            [
              9.35054241,
              45.37088594
            ],
            [
              9.35072926,
              45.37092719
            ],
            [
              9.35092059,
              45.37095475
            ],
            [
              9.35112918,
              45.37097107
            ],
            [
              9.35113082,
              45.37098658
            ],
            [
              9.35111932,
              45.37117125
            ],
            [
              9.3510689,
              45.37198106
            ],
            [
              9.35103785,
              45.37251997
            ],
            [
              9.35102047,
              45.37283505
            ],
            [
              9.35101697,
              45.37284549
            ],
            [
              9.35101398,
              45.3728599
            ],
            [
              9.35023965,
              45.3728627
            ],
            [
              9.35008813,
              45.37287977
            ],
            [
              9.3499895,
              45.37293132
            ],
            [
              9.34998957,
              45.37294716
            ],
            [
              9.34996222,
              45.37388838
            ],
            [
              9.34994859,
              45.37438342
            ],
            [
              9.34993888,
              45.37477213
            ],
            [
              9.34992479,
              45.37547224
            ],
            [
              9.35053661,
              45.37550147
            ],
            [
              9.35102546,
              45.375527
            ],
            [
              9.35101412,
              45.37646433
            ],
            [
              9.35101449,
              45.37650323
            ],
            [
              9.35102107,
              45.37653781
            ],
            [
              9.35071851,
              45.37653692
            ],
            [
              9.35072027,
              45.37659509
            ],
            [
              9.35051915,
              45.37659967
            ],
            [
              9.350202,
              45.3766109
            ],
            [
              9.35006966,
              45.37659314
            ],
            [
              9.35005248,
              45.3766215
            ],
            [
              9.35004458,
              45.37665306
            ],
            [
              9.35000479,
              45.37673204
            ],
            [
              9.34984731,
              45.37706584
            ],
            [
              9.34975634,
              45.37726612
            ],
            [
              9.34971564,
              45.37735872
            ],
            [
              9.34967799,
              45.37750365
            ],
            [
              9.34958018,
              45.37759217
            ],
            [
              9.34951398,
              45.37759631
            ],
            [
              9.34950588,
              45.37764437
            ],
            [
              9.34945525,
              45.3776836
            ],
            [
              9.34934708,
              45.37770445
            ],
            [
              9.34894109,
              45.37746911
            ],
            [
              9.34860134,
              45.3772901
            ],
            [
              9.34822135,
              45.37704387
            ],
            [
              9.34807844,
              45.37689344
            ],
            [
              9.34802755,
              45.37675532
            ],
            [
              9.34796863,
              45.37654849
            ],
            [
              9.34789488,
              45.3764199
            ],
            [
              9.34782395,
              45.37634128
            ],
            [
              9.34764562,
              45.37625355
            ],
            [
              9.3475781,
              45.37624685
            ],
            [
              9.34740845,
              45.37624228
            ],
            [
              9.34720729,
              45.37617484
            ],
            [
              9.34694955,
              45.37604058
            ],
            [
              9.34672687,
              45.37587454
            ],
            [
              9.34645907,
              45.3756791
            ],
            [
              9.34639343,
              45.37563753
            ],
            [
              9.3462139,
              45.37551204
            ],
            [
              9.3461298,
              45.37545504
            ],
            [
              9.34573993,
              45.37526213
            ],
            [
              9.34552125,
              45.37516665
            ],
            [
              9.34505894,
              45.37507621
            ],
            [
              9.3448376,
              45.37504987
            ],
            [
              9.34455862,
              45.3749506
            ],
            [
              9.34443907,
              45.37485806
            ],
            [
              9.34427754,
              45.37466554
            ],
            [
              9.34419902,
              45.37451886
            ],
            [
              9.34420447,
              45.37431577
            ],
            [
              9.34427506,
              45.37416001
            ],
            [
              9.34432606,
              45.37397298
            ],
            [
              9.34441467,
              45.3737191
            ],
            [
              9.34445329,
              45.37356691
            ],
            [
              9.34442466,
              45.37345944
            ],
            [
              9.34439579,
              45.37341058
            ],
            [
              9.34432703,
              45.37335534
            ],
            [
              9.34424883,
              45.37335874
            ],
            [
              9.34392325,
              45.37326374
            ],
            [
              9.34358771,
              45.37311842
            ],
            [
              9.34344991,
              45.37305793
            ],
            [
              9.34309986,
              45.37287235
            ],
            [
              9.34259452,
              45.3726797
            ],
            [
              9.34234579,
              45.37255832
            ],
            [
              9.34229767,
              45.37248785
            ],
            [
              9.34229781,
              45.37230235
            ],
            [
              9.34237666,
              45.37210711
            ],
            [
              9.34232944,
              45.37183488
            ],
            [
              9.34233788,
              45.37178985
            ],
            [
              9.3422667,
              45.37153495
            ],
            [
              9.34220442,
              45.37139639
            ],
            [
              9.34212652,
              45.37121533
            ],
            [
              9.34209173,
              45.37113327
            ],
            [
              9.34186989,
              45.37085303
            ],
            [
              9.34170418,
              45.37070922
            ],
            [
              9.34141277,
              45.37051733
            ],
            [
              9.34122557,
              45.37037715
            ],
            [
              9.34108817,
              45.37025706
            ],
            [
              9.34076662,
              45.36999174
            ],
            [
              9.34064258,
              45.36988099
            ],
            [
              9.34038698,
              45.36977045
            ],
            [
              9.3401137,
              45.3696981
            ],
            [
              9.33977233,
              45.36965607
            ],
            [
              9.33954066,
              45.3695966
            ],
            [
              9.339554778547685,
              45.36954785053985
            ],
            [
              9.33953676,
              45.36959493
            ],
            [
              9.33916606,
              45.3694911
            ],
            [
              9.33860665,
              45.3692722
            ],
            [
              9.33832472,
              45.36913143
            ],
            [
              9.33820633,
              45.36907377
            ],
            [
              9.33814536,
              45.36904909
            ],
            [
              9.33797476,
              45.36898112
            ],
            [
              9.33772833,
              45.36888058
            ],
            [
              9.33738936,
              45.36877847
            ],
            [
              9.33710216,
              45.36870286
            ],
            [
              9.33679644,
              45.36860354
            ],
            [
              9.33650593,
              45.36848115
            ],
            [
              9.33636503,
              45.36842139
            ],
            [
              9.33628462,
              45.36839387
            ],
            [
              9.33617347,
              45.36835275
            ],
            [
              9.33609213,
              45.36835
            ],
            [
              9.33603673,
              45.36832701
            ],
            [
              9.33599214,
              45.36831447
            ],
            [
              9.3355734,
              45.36815069
            ],
            [
              9.33522388,
              45.36802707
            ],
            [
              9.33506144,
              45.36796903
            ],
            [
              9.33499856,
              45.36795875
            ],
            [
              9.33454264,
              45.36788789
            ],
            [
              9.33437066,
              45.36788873
            ],
            [
              9.33415656,
              45.36788198
            ],
            [
              9.33383835,
              45.36786987
            ],
            [
              9.33375041,
              45.36787506
            ]
          ]
        ]
      }
    }
  ]
}
