{"type":"FeatureCollection","features":[{"type":"Feature","properties":{"name":"Bascapè","istat_code":"018009","source":"ISTAT - Confini amministrativi 2022 non generalizzati, Comuni WGS84 / UTM Zone 32N","source_url":"https://www.istat.it/storage/cartografia/confini_amministrativi/non_generalizzati/Limiti01012022.zip"},"geometry":{"type":"Polygon","coordinates":[[[9.30984758,45.3271533],[9.31086388,45.32646644],[9.3126253,45.32655165],[9.31301271,45.32600789],[9.31308109,45.32590231],[9.31438587,45.32648381],[9.31498425,45.32623912],[9.31609748,45.32679413],[9.31784781,45.32600491],[9.31702652,45.32551656],[9.31811994,45.32432171],[9.31756192,45.32425168],[9.31656887,45.32450648],[9.31611112,45.32479579],[9.31549723,45.32454545],[9.31472918,45.3241137],[9.31508482,45.32380847],[9.31569475,45.32334773],[9.31636748,45.32271577],[9.31704544,45.32301994],[9.31852817,45.3236279],[9.3187059,45.32346538],[9.31903469,45.32293338],[9.31969259,45.32194139],[9.32054082,45.32075983],[9.32105044,45.32091143],[9.32191758,45.32152723],[9.32181968,45.32190819],[9.32176135,45.32215255],[9.32355003,45.32293869],[9.32462948,45.32112974],[9.32414058,45.3207605],[9.32495946,45.31984531],[9.32386722,45.3196978],[9.32424136,45.31886812],[9.32473509,45.31819162],[9.32528876,45.31721255],[9.32498543,45.31643973],[9.32576699,45.3156953],[9.32805696,45.31650786],[9.33162794,45.31217689],[9.33299637,45.31275801],[9.33324991,45.31248722],[9.33800793,45.31455255],[9.3388242,45.31296534],[9.33825136,45.31258054],[9.33619074,45.31145245],[9.33716209,45.3096043],[9.33671428,45.30938058],[9.33685257,45.30903814],[9.33695261,45.30869578],[9.33640205,45.30835535],[9.33503451,45.3079138],[9.33344972,45.30740086],[9.33459697,45.30509315],[9.33549057,45.30523831],[9.33573245,45.3052776],[9.33666539,45.30542913],[9.33729108,45.30554431],[9.33804033,45.30568197],[9.33835098,45.3057392],[9.33896404,45.3058724],[9.33930883,45.30593439],[9.33998553,45.30604039],[9.34030453,45.30605745],[9.34108284,45.30609113],[9.34211605,45.30608804],[9.3431219,45.305914],[9.34392067,45.30511048],[9.34476814,45.30392874],[9.34523701,45.30342324],[9.34588754,45.30342127],[9.34701068,45.30353489],[9.34744161,45.30308351],[9.3479955,45.30188463],[9.34802787,45.30092138],[9.34869961,45.30035224],[9.34963127,45.30044842],[9.3509212,45.3007235],[9.35144829,45.30139698],[9.35237286,45.3024023],[9.35325849,45.3032907],[9.35468971,45.30166601],[9.35435684,45.30146902],[9.35374239,45.30111087],[9.35275649,45.30050181],[9.35430159,45.29874177],[9.35317841,45.29861021],[9.35332961,45.29831271],[9.3535566,45.29789794],[9.35402462,45.2972754],[9.35338559,45.29706134],[9.35319547,45.29725096],[9.35287959,45.29772901],[9.35233446,45.29826177],[9.35165778,45.29814684],[9.35315939,45.29554531],[9.35493316,45.29584135],[9.35547627,45.29499354],[9.35616601,45.29516241],[9.35760372,45.29258353],[9.35734775,45.2924403],[9.35726313,45.29241252],[9.35647877,45.29215497],[9.35446032,45.29159416],[9.3528899,45.29129298],[9.35119414,45.29109117],[9.34907567,45.29083662],[9.34784986,45.29057933],[9.34696038,45.29110411],[9.34572774,45.29181897],[9.34423684,45.29201249],[9.34339234,45.29154697],[9.34303315,45.29119699],[9.341923,45.2910833],[9.34143925,45.29118531],[9.34127346,45.29122026],[9.34081737,45.2917257],[9.34022302,45.2925646],[9.33993591,45.29336584],[9.33989688,45.29347472],[9.33951874,45.29422296],[9.33903769,45.29481849],[9.33850751,45.29573819],[9.33813842,45.2958653],[9.33773084,45.29595653],[9.3374398,45.29634445],[9.33695742,45.29672393],[9.33560866,45.29712396],[9.33419591,45.29762319],[9.33368693,45.2978227],[9.3333451,45.29825576],[9.33241434,45.29830349],[9.3315701,45.29788288],[9.33057446,45.29774173],[9.33014372,45.29823807],[9.32942902,45.29815911],[9.32946609,45.29795198],[9.32871267,45.29779213],[9.32967081,45.29586305],[9.3289639,45.29491995],[9.32827492,45.29486792],[9.32792122,45.29490494],[9.32682199,45.29503411],[9.32701049,45.2945475],[9.32725129,45.29428577],[9.32742838,45.29403323],[9.32749045,45.29373601],[9.32734841,45.29343036],[9.3270663,45.29316113],[9.32673414,45.29306307],[9.32637701,45.29305508],[9.32605938,45.29326303],[9.3259209,45.29357847],[9.32553014,45.29438071],[9.3253406,45.29468729],[9.32512538,45.29496695],[9.32464094,45.29499533],[9.32406616,45.29484394],[9.32364444,45.29469211],[9.32332475,45.29453998],[9.3228522,45.29442432],[9.3223577,45.29465075],[9.32215458,45.29481334],[9.32160625,45.29482388],[9.32096758,45.29464566],[9.31962621,45.29424436],[9.31973751,45.29362296],[9.32038126,45.29244197],[9.32112136,45.29252089],[9.32186128,45.29256383],[9.32291866,45.29265084],[9.32367144,45.29271172],[9.32420706,45.2927102],[9.32475517,45.29266364],[9.32526419,45.29247317],[9.32577284,45.29221967],[9.32580357,45.29219271],[9.32615353,45.29188554],[9.32633013,45.29155197],[9.32654429,45.2910923],[9.32680966,45.29066848],[9.32706347,45.29045171],[9.32727897,45.29022606],[9.32792007,45.29027824],[9.32847745,45.29018662],[9.32878164,45.28986169],[9.32909627,45.28914067],[9.32937191,45.28829375],[9.32953389,45.28763617],[9.33223973,45.28382975],[9.33116628,45.2834188],[9.33009329,45.28308884],[9.32914777,45.28274953],[9.3286362,45.28248095],[9.32910514,45.28199353],[9.3298799,45.28146922],[9.33135388,45.28060081],[9.33202548,45.27988774],[9.33216781,45.27958737],[9.33251668,45.27885115],[9.33274469,45.27859845],[9.33311221,45.27821931],[9.33302873,45.27702237],[9.33377569,45.27612905],[9.33605884,45.27545398],[9.33721088,45.27493077],[9.33893422,45.27473253],[9.33905821,45.27471828],[9.34145015,45.27130728],[9.34055248,45.27116727],[9.33974869,45.27105264],[9.33842161,45.27084054],[9.3368146,45.27044023],[9.33439001,45.27001528],[9.33408934,45.2709163],[9.33395261,45.27151081],[9.3336514,45.27232181],[9.33305134,45.27217053],[9.332439,45.27210031],[9.33209766,45.27258738],[9.33187018,45.2729301],[9.33163052,45.27337187],[9.33142876,45.27375052],[9.33113789,45.27415641],[9.33087257,45.27457125],[9.33040443,45.2751847],[9.33011433,45.27572562],[9.32984861,45.27606845],[9.32951884,45.27636644],[9.3291763,45.27665548],[9.32880806,45.27691758],[9.32786962,45.27764939],[9.32677872,45.27861567],[9.32611893,45.27917565],[9.32553615,45.27982542],[9.32443726,45.27940548],[9.32383158,45.28051436],[9.3234548,45.2815236],[9.32297103,45.28137194],[9.32194866,45.28096076],[9.32144243,45.28162829],[9.32015289,45.28358522],[9.31868494,45.28301324],[9.31806654,45.28415814],[9.31985486,45.28500827],[9.31838158,45.28576851],[9.31769132,45.28546438],[9.31696265,45.28513336],[9.31602942,45.28470389],[9.31531387,45.28443581],[9.31500846,45.28454466],[9.31383235,45.28399882],[9.31306322,45.28557619],[9.31375351,45.28588933],[9.31197876,45.28764947],[9.31231128,45.28782859],[9.31255427,45.28795395],[9.3129754,45.28815982],[9.31333419,45.28847389],[9.3135014,45.28873447],[9.31363056,45.28903117],[9.31369684,45.28949006],[9.31364723,45.28974223],[9.31353778,45.28988015],[9.31348258,45.28994971],[9.31312651,45.29013072],[9.31265499,45.29018603],[9.31217097,45.29014233],[9.31168618,45.29010765],[9.31106127,45.29010036],[9.31060215,45.2900926],[9.30933949,45.29006002],[9.3084596,45.2900624],[9.30796722,45.29068484],[9.30662435,45.2923357],[9.30769763,45.29271087],[9.30643641,45.29295731],[9.30615736,45.29323709],[9.30514726,45.29513008],[9.30445306,45.29648216],[9.30285437,45.29564027],[9.30417758,45.29266629],[9.30263039,45.29189628],[9.30219403,45.29377873],[9.30203185,45.29445426],[9.30183017,45.29490487],[9.30115898,45.29557274],[9.29939631,45.2950643],[9.29942926,45.29647743],[9.29642193,45.29697134],[9.29591811,45.29818784],[9.29649336,45.29843839],[9.29810926,45.29769607],[9.29900367,45.29800878],[9.29952844,45.29835846],[9.2994402,45.29855672],[9.29927562,45.29879118],[9.2991241,45.29907963],[9.29874505,45.29976473],[9.29835219,45.30024284],[9.29802164,45.30045072],[9.29763893,45.30043371],[9.29691037,45.30013857],[9.29648869,45.29998663],[9.2958505,45.29989829],[9.29571283,45.30017767],[9.29573856,45.30044766],[9.29589338,45.3007893],[9.29575509,45.30109571],[9.29461468,45.30239485],[9.29629989,45.30292158],[9.29619912,45.30316489],[9.29606064,45.3035163],[9.29584577,45.3038949],[9.295085,45.30461699],[9.29457774,45.30519438],[9.29399373,45.30572698],[9.29362657,45.30617799],[9.29427773,45.30637434],[9.29368172,45.30705997],[9.29318679,45.30747531],[9.29440228,45.30818329],[9.29548809,45.30870257],[9.29616059,45.30801672],[9.29686404,45.30829394],[9.29747749,45.30858938],[9.29801467,45.30885803],[9.29852643,45.30914474],[9.29833689,45.30948728],[9.298185,45.30971271],[9.29839004,45.3098922],[9.29869633,45.30999042],[9.29878695,45.31024222],[9.29872438,45.31047642],[9.29873867,45.31076442],[9.2988168,45.31107027],[9.2989716,45.31139391],[9.29903651,45.31160978],[9.2990122,45.31183488],[9.29886089,45.31217731],[9.2986971,45.31256482],[9.29838093,45.31301571],[9.29798771,45.31344879],[9.29761973,45.31382781],[9.29726444,45.31419778],[9.29678228,45.31470312],[9.29452171,45.31646424],[9.29481457,45.31658051],[9.29521073,45.3167055],[9.29558141,45.31683956],[9.29597769,45.31699156],[9.2963064,45.31706782],[9.2964894,45.31725127],[9.2965292,45.31754821],[9.2961734,45.31781918],[9.29590585,45.31789188],[9.29561309,45.31802766],[9.29510493,45.31837103],[9.29570691,45.31881954],[9.29655245,45.31955546],[9.29491365,45.32092791],[9.29524625,45.32108908],[9.29565591,45.32127704],[9.29624385,45.32154555],[9.29683242,45.32185908],[9.29735718,45.32217276],[9.29784288,45.32240553],[9.29840542,45.32262009],[9.29886589,45.32283491],[9.29916022,45.32299618],[9.29945511,45.32319343],[9.29990083,45.32325527],[9.30020717,45.32327246],[9.3004884,45.32337074],[9.30090953,45.32337864],[9.30121445,45.32313479],[9.30155758,45.32287285],[9.30190129,45.32271892],[9.30227222,45.32288895],[9.30224927,45.3233751],[9.30191877,45.32361],[9.30207346,45.32390664],[9.30252058,45.32400447],[9.30280282,45.32429176],[9.30284235,45.32459771],[9.30285702,45.32495772],[9.30242464,45.32515689],[9.30214321,45.32502262],[9.30174659,45.32482564],[9.30127892,45.325664],[9.30240287,45.32586356],[9.30162995,45.32689175],[9.30306379,45.32717911],[9.30394177,45.32729519],[9.30422206,45.32721344],[9.30435334,45.32700605],[9.30490913,45.32616744],[9.30589479,45.32652486],[9.30675872,45.32671157],[9.30740416,45.32690336],[9.30755392,45.32745655],[9.3076695,45.3278883],[9.30909608,45.32789339],[9.30984758,45.3271533]]]}},{"type":"Feature","properties":{"name":"Basiglio","istat_code":"015015","source":"ISTAT - Confini amministrativi 2022 non generalizzati, Comuni WGS84 / UTM Zone 32N","source_url":"https://www.istat.it/storage/cartografia/confini_amministrativi/non_generalizzati/Limiti01012022.zip"},"geometry":{"type":"Polygon","coordinates":[[[9.16052567,45.36696757],[9.16132281,45.36610229],[9.16231582,45.36519174],[9.16283262,45.36472349],[9.16284631,45.36469226],[9.16419186,45.36497304],[9.16536706,45.36525939],[9.16571218,45.36538491],[9.16486143,45.36688933],[9.16714817,45.36736308],[9.16786341,45.36740705],[9.16764364,45.36663326],[9.16920229,45.366892],[9.16979917,45.36592798],[9.17039599,45.36494595],[9.17071321,45.36427937],[9.17111673,45.36380461],[9.171349,45.36353132],[9.17192088,45.36263933],[9.17227646,45.36212572],[9.17268485,45.3620621],[9.17350197,45.36216887],[9.17390904,45.36167319],[9.17447906,45.36032213],[9.17468803,45.35964336],[9.17493376,45.35884522],[9.17505975,45.35829593],[9.17528717,45.35752148],[9.17583271,45.3565305],[9.176431,45.35596251],[9.1772701,45.35496205],[9.17814784,45.35407857],[9.17912741,45.35310488],[9.17958362,45.35215904],[9.17986088,45.35102443],[9.17993361,45.34993516],[9.17999323,45.34860288],[9.18001408,45.34725265],[9.18022732,45.34606415],[9.18046713,45.34533466],[9.18142298,45.34486507],[9.18265982,45.34457505],[9.18275781,45.3445299],[9.18388298,45.344006],[9.1839446,45.34396688],[9.1848634,45.34338334],[9.18516823,45.34291477],[9.18487279,45.34234818],[9.18479441,45.34179021],[9.18503567,45.34152879],[9.18532785,45.34110525],[9.18512188,45.34056551],[9.1850184,45.34015161],[9.18510707,45.33994445],[9.18516953,45.33952127],[9.18584315,45.33878207],[9.18613143,45.33854853],[9.18673382,45.33806052],[9.18750927,45.33724012],[9.18723902,45.33656546],[9.18652292,45.33602655],[9.18587019,45.33546053],[9.18539661,45.33503824],[9.18517882,45.33478655],[9.18488475,45.33462501],[9.18442625,45.33491379],[9.18378954,45.33522987],[9.18275759,45.3356636],[9.18222258,45.3359795],[9.18116097,45.33525208],[9.18003373,45.33382264],[9.17997219,45.33365172],[9.17991983,45.33349428],[9.17974025,45.33320652],[9.17939396,45.33265799],[9.17904737,45.33201943],[9.17889464,45.33182443],[9.17826578,45.33102149],[9.17778051,45.33091874],[9.17664575,45.33111853],[9.17493704,45.33141821],[9.17368709,45.33164515],[9.17341852,45.33145653],[9.17254848,45.33057571],[9.17143448,45.3293352],[9.17052518,45.3282474],[9.17000191,45.32822119],[9.16881641,45.32851099],[9.167389,45.32899916],[9.1667429,45.32930105],[9.16629846,45.32950873],[9.16658009,45.32961693],[9.16728669,45.32972841],[9.16795248,45.32979945],[9.16848663,45.32993136],[9.1681299,45.33019524],[9.16789389,45.33034862],[9.16741358,45.33070487],[9.16722617,45.33084918],[9.16715294,45.33089429],[9.16695763,45.33106559],[9.16687601,45.33111073],[9.1666403,45.33124609],[9.16643679,45.3313364],[9.16621703,45.33146724],[9.16607085,45.33153046],[9.16597572,45.33159361],[9.16578586,45.33171541],[9.16568003,45.33180106],[9.16560685,45.33186418],[9.16548445,45.33201738],[9.16537014,45.33220658],[9.16526406,45.33234624],[9.16522321,45.33241831],[9.16514984,45.33255795],[9.16511701,45.33265701],[9.16507598,45.33281009],[9.16507547,45.33290461],[9.1650587,45.33303515],[9.1650585,45.33311166],[9.16505861,45.33314766],[9.16506648,45.33324666],[9.16508222,45.33331415],[9.16509004,45.33339516],[9.16513857,45.33351194],[9.1651382,45.33360666],[9.16526001,45.33369195],[9.16547018,45.3341437],[9.16416447,45.33493572],[9.16349071,45.33571981],[9.16272829,45.33673803],[9.16205448,45.33765713],[9.16126621,45.33859438],[9.16066853,45.33922532],[9.16012082,45.33962214],[9.1597648,45.3399557],[9.15948446,45.34011811],[9.15887153,45.34001996],[9.15850104,45.33989445],[9.15800386,45.33996715],[9.15711028,45.33991436],[9.15606363,45.33975378],[9.1545183,45.33940483],[9.15350962,45.33911814],[9.15308817,45.33902869],[9.15292338,45.33944298],[9.15236253,45.33956975],[9.15213397,45.34001112],[9.15179232,45.34097471],[9.15113037,45.3416327],[9.15020149,45.34257905],[9.15011449,45.3434703],[9.15002737,45.3441545],[9.14968376,45.34455102],[9.14954426,45.34489326],[9.14898387,45.34521804],[9.14850209,45.34584663],[9.14874397,45.34685863],[9.14824982,45.34747831],[9.14797084,45.34818977],[9.14781987,45.34888308],[9.14775719,45.34933322],[9.14766928,45.34989143],[9.14767315,45.35012163],[9.14767732,45.35036849],[9.14768431,45.35076453],[9.14766158,45.3516827],[9.14733097,45.35218718],[9.14671983,45.35266504],[9.14587875,45.35325122],[9.14540834,45.35385489],[9.1452559,45.35416113],[9.14389004,45.35406385],[9.14343045,45.35406443],[9.14437726,45.35489136],[9.14610333,45.35603231],[9.14703709,45.35670623],[9.14700073,45.35694321],[9.14689895,45.35760653],[9.14657065,45.35886713],[9.14587122,45.35979516],[9.14488555,45.36064287],[9.14468679,45.36081382],[9.14419046,45.36145353],[9.1440254,45.36181379],[9.14560736,45.36146073],[9.14671729,45.36109927],[9.14735444,45.36076539],[9.14785242,45.36077376],[9.14886184,45.3612045],[9.1497955,45.36180637],[9.15054594,45.36221944],[9.15080567,45.36236311],[9.15107121,45.36248526],[9.15117641,45.36253366],[9.15064101,45.36285841],[9.15020773,45.36318302],[9.1514114,45.36446861],[9.15216691,45.36525973],[9.1526789,45.3657181],[9.15233579,45.36633065],[9.15403731,45.36750754],[9.15503148,45.36696611],[9.15629735,45.3677295],[9.15671979,45.36809798],[9.15771751,45.36869969],[9.15826734,45.36895997],[9.16015203,45.36737311],[9.16052567,45.36696757]]]}},{"type":"Feature","properties":{"name":"Boffalora d'Adda","istat_code":"098003","source":"ISTAT - Confini amministrativi 2022 non generalizzati, Comuni WGS84 / UTM Zone 32N","source_url":"https://www.istat.it/storage/cartografia/confini_amministrativi/non_generalizzati/Limiti01012022.zip"},"geometry":{"type":"Polygon","coordinates":[[[9.48809609,45.37070008],[9.48914769,45.36973244],[9.49032589,45.36863824],[9.49114919,45.3678606],[9.49190607,45.36678619],[9.49312197,45.36563778],[9.49426386,45.36479573],[9.49525212,45.36390931],[9.49542084,45.36388148],[9.49651438,45.36369681],[9.49847055,45.36398533],[9.50018692,45.36458991],[9.50113861,45.36535985],[9.50118264,45.36600776],[9.50170761,45.36616748],[9.50247119,45.36587608],[9.5033785,45.36595309],[9.50495146,45.36621619],[9.50556566,45.36635749],[9.50619373,45.36662475],[9.50707617,45.36677385],[9.50776593,45.36679779],[9.50813156,45.36627409],[9.50888179,45.3659197],[9.50897909,45.36537919],[9.50886847,45.36443454],[9.50852916,45.36361695],[9.50783796,45.36343099],[9.50741476,45.36322585],[9.50761351,45.36260387],[9.50796519,45.36195422],[9.50826937,45.36170083],[9.50959133,45.36103783],[9.51056806,45.36032237],[9.51122647,45.35970734],[9.51148883,45.35906707],[9.51101711,45.35772799],[9.51038378,45.3568667],[9.50945615,45.35593471],[9.50916932,45.35526989],[9.50909888,45.35453209],[9.5093315,45.35342391],[9.50952842,45.3526039],[9.50972425,45.3516669],[9.50956486,45.3509745],[9.50930025,45.34994054],[9.50907557,45.34908641],[9.50864474,45.34901288],[9.50645466,45.348639],[9.50360817,45.34815057],[9.50369535,45.34841716],[9.50387917,45.34899243],[9.50420764,45.35004414],[9.50431512,45.35064675],[9.50434674,45.35133071],[9.50426405,45.35190581],[9.50160435,45.35159482],[9.50137377,45.35005661],[9.50112263,45.34908558],[9.50096207,45.34824916],[9.50039794,45.34797259],[9.50019015,45.34756844],[9.50017169,45.34692043],[9.50011485,45.34626359],[9.49993155,45.3457423],[9.49923592,45.34502525],[9.49852901,45.34447025],[9.49802722,45.3442628],[9.4977003,45.3441346],[9.49763257,45.34410522],[9.49690939,45.34463933],[9.49671194,45.34541431],[9.49663086,45.3463006],[9.49608301,45.3464792],[9.49484641,45.34666458],[9.49357097,45.34678712],[9.49198949,45.34694697],[9.49064502,45.34646668],[9.4897575,45.34568737],[9.48880723,45.34502534],[9.48746939,45.34382489],[9.4864012,45.3428033],[9.4857658,45.34202999],[9.4856273,45.34186145],[9.48549343,45.3411329],[9.48473458,45.34079908],[9.48437881,45.34064257],[9.4838539,45.34045577],[9.48338213,45.34051178],[9.48268236,45.34077577],[9.48210124,45.34148033],[9.48181347,45.34216564],[9.48198243,45.3440282],[9.47856435,45.34435762],[9.47807166,45.34345056],[9.47840886,45.34256701],[9.47750408,45.34274181],[9.47682987,45.34301468],[9.47624711,45.34353918],[9.4760746,45.34427801],[9.47611871,45.34497093],[9.47558547,45.34531521],[9.47496461,45.34586687],[9.47401517,45.34681594],[9.47336156,45.3465036],[9.47274528,45.3460741],[9.47234313,45.34530166],[9.47144188,45.34590847],[9.47298351,45.34709027],[9.47426666,45.34788606],[9.47602146,45.34859886],[9.47721738,45.34898476],[9.47727885,45.34900459],[9.47783909,45.34918536],[9.47791669,45.34921334],[9.47811297,45.34928411],[9.47910077,45.34964028],[9.47919638,45.34967474],[9.47988844,45.34999588],[9.4810903,45.35021585],[9.48183442,45.35065379],[9.48130429,45.35136712],[9.48008055,45.35157931],[9.47899455,45.35147586],[9.47773249,45.35168817],[9.47641694,45.35169367],[9.47479798,45.35188944],[9.47421256,45.3521079],[9.47398939,45.35247525],[9.47393499,45.35256482],[9.47374659,45.35287495],[9.4731541,45.35377753],[9.47225069,45.35414132],[9.47082223,45.35430924],[9.46954858,45.35467453],[9.46905284,45.3549376],[9.46852512,45.35596592],[9.46909316,45.3567287],[9.46988755,45.35706749],[9.47056649,45.35734374],[9.47064698,45.35781146],[9.47023223,45.35860529],[9.46894134,45.35998779],[9.46848773,45.36071876],[9.46832946,45.36165554],[9.46831218,45.36265475],[9.4679843,45.36315117],[9.46667316,45.36364261],[9.46584719,45.36413204],[9.46513468,45.364441],[9.4646398,45.36482107],[9.46459187,45.36520832],[9.46476229,45.36574771],[9.46488025,45.36611627],[9.46511746,45.36701543],[9.46541836,45.36722511],[9.46557087,45.36733138],[9.46566077,45.367394],[9.46572108,45.36743604],[9.46633957,45.36781982],[9.46654253,45.36794577],[9.46701973,45.3685199],[9.46717889,45.36891692],[9.46729352,45.36920287],[9.46740486,45.36981031],[9.46741387,45.36985946],[9.46727815,45.37043609],[9.46712979,45.37103079],[9.46710871,45.37157096],[9.46709958,45.37159608],[9.46683399,45.37232819],[9.46679933,45.37241428],[9.46661672,45.37286815],[9.46658368,45.3729503],[9.46677915,45.37342657],[9.46690872,45.37365107],[9.46746571,45.37460293],[9.46780284,45.37461374],[9.46846214,45.37463485],[9.46998089,45.37451159],[9.47104954,45.37401213],[9.47214085,45.3731705],[9.47346232,45.3723639],[9.47453178,45.37197241],[9.47601389,45.37205626],[9.47677936,45.37196305],[9.47729899,45.37149283],[9.47747148,45.37074499],[9.47777547,45.37044668],[9.47835012,45.37044428],[9.47866167,45.37104606],[9.47846381,45.371812],[9.47825278,45.37253297],[9.47754286,45.37315704],[9.47686996,45.37362791],[9.47613267,45.37403605],[9.4759182,45.37435199],[9.47634706,45.37523231],[9.4772968,45.37614293],[9.47748005,45.37631676],[9.4785707,45.37691526],[9.47946447,45.37688452],[9.48059037,45.37561061],[9.48137445,45.37469817],[9.48254517,45.37419817],[9.48386679,45.37342746],[9.48536535,45.37243996],[9.48696575,45.37142502],[9.48809609,45.37070008]]]}},{"type":"Feature","properties":{"name":"Borgo San Giovanni","istat_code":"098005","source":"ISTAT - Confini amministrativi 2022 non generalizzati, Comuni WGS84 / UTM Zone 32N","source_url":"https://www.istat.it/storage/cartografia/confini_amministrativi/non_generalizzati/Limiti01012022.zip"},"geometry":{"type":"Polygon","coordinates":[[[9.41066383,45.28731026],[9.41100303,45.28660693],[9.41153221,45.2857229],[9.41233921,45.28446879],[9.41306725,45.28298993],[9.41372234,45.28189839],[9.41405013,45.28138412],[9.41416257,45.28106866],[9.41779234,45.28225262],[9.4191622,45.28127546],[9.4205335,45.2804963],[9.42227428,45.27979676],[9.42348162,45.27927021],[9.4238119,45.27910696],[9.42489153,45.28026413],[9.42463814,45.28048111],[9.42372183,45.28070955],[9.42322673,45.28099943],[9.42256526,45.28120891],[9.42190432,45.2814904],[9.42251835,45.28181443],[9.42360384,45.28198819],[9.42518527,45.28203631],[9.4257978,45.28210603],[9.42616802,45.28216767],[9.42618611,45.28287872],[9.42607404,45.28323919],[9.42575811,45.28361844],[9.42674173,45.28385779],[9.42782743,45.28410577],[9.42835093,45.28420282],[9.42756845,45.28527693],[9.42992866,45.28543909],[9.43032947,45.28448343],[9.43069454,45.28386096],[9.43153435,45.28363276],[9.43286112,45.28382577],[9.43453368,45.28411196],[9.43488538,45.28417975],[9.43586173,45.28436793],[9.43623164,45.28438453],[9.43728332,45.28351638],[9.4376858,45.28279471],[9.43792063,45.28183066],[9.43804375,45.28127255],[9.43847403,45.28083838],[9.43867211,45.28082686],[9.43876341,45.28082155],[9.43930241,45.2807902],[9.44038713,45.28091204],[9.44102318,45.28082857],[9.44164507,45.28045712],[9.44203689,45.28001453],[9.4428996,45.2794621],[9.4442069,45.2787009],[9.4443915,45.27848285],[9.44449745,45.27835773],[9.44427069,45.27707139],[9.4441677,45.2763812],[9.44397471,45.27508773],[9.44388673,45.27361184],[9.44385976,45.27349545],[9.44368882,45.27275748],[9.44292886,45.27175227],[9.44183587,45.2705413],[9.4405001,45.26925027],[9.4393753,45.26816368],[9.43928843,45.26807172],[9.43924135,45.26802191],[9.43910828,45.26784191],[9.4385844,45.26713329],[9.43790245,45.26630777],[9.43700099,45.26511404],[9.43639474,45.26418021],[9.43535442,45.26273938],[9.43469079,45.26304352],[9.43384052,45.26353283],[9.43329724,45.264165],[9.43260377,45.26516678],[9.43158442,45.26683511],[9.43090755,45.26679425],[9.43014277,45.26803506],[9.42942505,45.2678072],[9.42987565,45.26670733],[9.42932537,45.26642136],[9.42992717,45.2651949],[9.42835644,45.26470571],[9.42916532,45.26389255],[9.42873079,45.26374116],[9.42690538,45.26327991],[9.4259986,45.26304027],[9.42561321,45.26263663],[9.42448956,45.26237078],[9.42306854,45.26496847],[9.41931523,45.26418118],[9.4197928,45.26326128],[9.41975257,45.26299139],[9.41935694,45.26292082],[9.41864276,45.26286944],[9.41814562,45.26275424],[9.41795323,45.26259292],[9.4180241,45.26193554],[9.41810771,45.26153802],[9.41814724,45.26135],[9.41820795,45.26093571],[9.41783543,45.26054102],[9.41724861,45.26047116],[9.416833,45.26018896],[9.41680028,45.26016674],[9.41648926,45.25946576],[9.41628114,45.25889042],[9.41627364,45.25876841],[9.41625215,45.25841345],[9.41526941,45.258228],[9.41442676,45.257916],[9.41396625,45.25768364],[9.41276623,45.25740894],[9.41164476,45.257422],[9.41085668,45.25771288],[9.41036294,45.25817372],[9.41033142,45.25845833],[9.41032566,45.25851015],[9.41027917,45.25893015],[9.41036885,45.2590016],[9.41083038,45.25936923],[9.41191177,45.25935182],[9.41227043,45.25934605],[9.41379808,45.25909748],[9.41490731,45.25914747],[9.41552155,45.2594873],[9.41572716,45.2598412],[9.41601124,45.26033735],[9.41592717,45.26092605],[9.41535946,45.26172924],[9.41447364,45.2626056],[9.41387777,45.26304883],[9.41311477,45.26329462],[9.41236219,45.26321634],[9.41177373,45.2629214],[9.41106821,45.26230285],[9.41011986,45.26158616],[9.40927805,45.26150815],[9.40874603,45.26196913],[9.40875074,45.26262622],[9.40805381,45.26308778],[9.40745975,45.26295365],[9.40699417,45.26284853],[9.40555246,45.26265562],[9.40429139,45.26276812],[9.40392425,45.26312047],[9.40389381,45.26337775],[9.40384007,45.26383188],[9.40348719,45.26440022],[9.40327274,45.26484924],[9.40318576,45.26503138],[9.40329455,45.26599416],[9.40324529,45.26658545],[9.40322405,45.26684054],[9.40266855,45.26759863],[9.40245489,45.26783542],[9.4021634,45.26815849],[9.40197887,45.2691043],[9.40184526,45.27004091],[9.4015083,45.27106826],[9.40160473,45.27138769],[9.40171417,45.27175027],[9.40173951,45.27183428],[9.40178242,45.27197643],[9.40248796,45.27259506],[9.40266206,45.2727886],[9.40311756,45.27329495],[9.40333875,45.27392426],[9.40343443,45.27483307],[9.4027107,45.27524969],[9.40239134,45.27530771],[9.40114456,45.27553424],[9.40029219,45.27578927],[9.39938703,45.27579244],[9.39778022,45.27561803],[9.39679956,45.27576545],[9.39644904,45.27669382],[9.39677115,45.27717877],[9.39801976,45.27705742],[9.39998233,45.27705057],[9.40062282,45.27748038],[9.40021757,45.27786886],[9.39962002,45.27799697],[9.39878077,45.27831496],[9.39864443,45.27887352],[9.3990177,45.2793763],[9.3992838,45.27960632],[9.39950516,45.27979765],[9.39962851,45.28000978],[9.39972457,45.28017495],[9.39971193,45.28020088],[9.39954311,45.28054685],[9.39946061,45.28071596],[9.39918472,45.28137404],[9.3995447,45.28179584],[9.39982671,45.28201089],[9.40046732,45.2824497],[9.40079904,45.28283715],[9.40062824,45.28357433],[9.40002084,45.28423355],[9.39976759,45.28448648],[9.3995776,45.28466718],[9.39974753,45.28481292],[9.39977272,45.28483453],[9.39985982,45.28490922],[9.39992354,45.28495833],[9.40035982,45.28529453],[9.40043779,45.2855013],[9.39981539,45.28584552],[9.39926887,45.28609947],[9.39897634,45.28620852],[9.39854357,45.28631804],[9.39798316,45.28641002],[9.39789641,45.28677037],[9.39850827,45.28674123],[9.3993253,45.28687339],[9.39958141,45.28702553],[9.39986623,45.28763662],[9.40002335,45.28822118],[9.40016507,45.2884277],[9.40160875,45.2888097],[9.40365208,45.28923457],[9.40519787,45.28962515],[9.40717848,45.2901852],[9.40850824,45.29067552],[9.40872606,45.29081877],[9.40872761,45.2910348],[9.40960821,45.29123867],[9.41029047,45.29035408],[9.41094602,45.28930757],[9.41127309,45.28868529],[9.41134796,45.28845998],[9.41080851,45.28792183],[9.41066383,45.28731026]]]}},{"type":"Feature","properties":{"name":"Bornasco","istat_code":"018019","source":"ISTAT - Confini amministrativi 2022 non generalizzati, Comuni WGS84 / UTM Zone 32N","source_url":"https://www.istat.it/storage/cartografia/confini_amministrativi/non_generalizzati/Limiti01012022.zip"},"geometry":{"type":"Polygon","coordinates":[[[9.18384649,45.29389553],[9.18403478,45.29296808],[9.18442879,45.29255338],[9.18612331,45.29205554],[9.1875649,45.29222423],[9.18857151,45.29232158],[9.18959073,45.29202284],[9.19048237,45.29170632],[9.19192166,45.29118181],[9.19295465,45.29118909],[9.19345258,45.29136826],[9.19375825,45.29125074],[9.1939615,45.29101635],[9.19395988,45.29053928],[9.1944804,45.28986328],[9.19537143,45.28938469],[9.19570033,45.28957137],[9.19545048,45.29012267],[9.19522289,45.29069015],[9.19516175,45.29113274],[9.19559614,45.29168866],[9.19646452,45.29203823],[9.19699952,45.29185729],[9.19760869,45.29146918],[9.19865439,45.29151235],[9.19863966,45.29082836],[9.20084441,45.29105846],[9.2010113,45.29080613],[9.20138102,45.29077847],[9.20172553,45.29083188],[9.20207012,45.29090327],[9.20294729,45.2901366],[9.20345551,45.28961362],[9.2038748,45.2891808],[9.2043057,45.28877497],[9.2048526,45.28837792],[9.20529759,45.28800807],[9.20569154,45.2876293],[9.20593251,45.28726882],[9.20621154,45.28685425],[9.2065544,45.28645755],[9.20698629,45.28599771],[9.20734208,45.285655],[9.20768523,45.28534834],[9.20793859,45.28488882],[9.20800102,45.28452863],[9.20812659,45.28399733],[9.20825299,45.28369104],[9.20849349,45.28321353],[9.20878496,45.28271793],[9.20905137,45.28235739],[9.20909294,45.28231434],[9.20935623,45.28204178],[9.20969831,45.2817711],[9.21013097,45.28153627],[9.21046207,45.28142765],[9.21076775,45.28133707],[9.21079997,45.28131935],[9.21093198,45.28124675],[9.21122626,45.28109767],[9.21156884,45.280755],[9.21170824,45.28052519],[9.21183497,45.28031793],[9.21186794,45.28020261],[9.21194826,45.27992167],[9.21195174,45.27985422],[9.21195582,45.27977762],[9.21197207,45.27947155],[9.21191208,45.27912628],[9.21189391,45.27902161],[9.21179032,45.27859874],[9.21159728,45.27811302],[9.21144205,45.27751021],[9.21130367,45.27710462],[9.21124871,45.27694347],[9.2109789,45.27638589],[9.21084891,45.27571103],[9.21075763,45.27516211],[9.21071758,45.27467611],[9.21066463,45.27414512],[9.21068854,45.27371302],[9.21096793,45.27342445],[9.21110733,45.27319914],[9.21115745,45.27296502],[9.21133456,45.27259564],[9.21208599,45.27240522],[9.21265937,45.27232313],[9.21257114,45.27259335],[9.21247003,45.27282757],[9.21240761,45.27317874],[9.21247208,45.27337665],[9.21254932,45.27357453],[9.21297062,45.27373577],[9.21273069,45.27434831],[9.21335576,45.27445518],[9.21436351,45.27460632],[9.21395758,45.27514717],[9.2156147,45.27540509],[9.21646971,45.27561949],[9.21686517,45.27568175],[9.21642049,45.27608767],[9.2172239,45.27614015],[9.21801481,45.27626467],[9.21884391,45.27637109],[9.21969856,45.27648648],[9.22043711,45.27655706],[9.22106225,45.27666386],[9.22144527,45.27680715],[9.22164763,45.2763837],[9.22196695,45.27653609],[9.22232391,45.27653539],[9.22261704,45.27650783],[9.2228586,45.27633632],[9.22311267,45.2761018],[9.2233032,45.27592139],[9.22369835,45.27590262],[9.22404256,45.27590195],[9.22422017,45.27567657],[9.22427019,45.27542442],[9.22448555,45.27508194],[9.22471404,45.27482945],[9.22504474,45.27463077],[9.22526049,45.2743873],[9.22542527,45.27414395],[9.22575597,45.27395426],[9.22606166,45.27388165],[9.22644442,45.2739529],[9.22678926,45.27411424],[9.22719649,45.27432947],[9.22773295,45.27458044],[9.22876795,45.27516346],[9.22956043,45.27567495],[9.23026354,45.27614162],[9.23067238,45.27635681],[9.23129864,45.27674261],[9.23185475,45.2755443],[9.23367779,45.27581963],[9.23481378,45.27614135],[9.23564331,45.27633767],[9.23600919,45.27540977],[9.23616,45.27488738],[9.23627367,45.2746261],[9.2363485,45.27422987],[9.23712631,45.27426427],[9.23678578,45.27514712],[9.23807328,45.27539649],[9.23818677,45.27509921],[9.23819849,45.27485614],[9.23818462,45.27458611],[9.23871958,45.27446799],[9.23913896,45.27415206],[9.23904768,45.27366618],[9.23893118,45.27324336],[9.23889138,45.27287437],[9.23880029,45.27243349],[9.2387351,45.27209159],[9.238896,45.27184699],[9.23901381,45.27166792],[9.23967794,45.27196359],[9.24008653,45.27211574],[9.24074701,45.27153826],[9.24094879,45.27102475],[9.24112535,45.27066433],[9.2403726,45.27042289],[9.23913454,45.27006541],[9.23926058,45.26972311],[9.23897976,45.26963368],[9.23854588,45.26952656],[9.23816267,45.26933834],[9.23811338,45.26926678],[9.23780356,45.26881699],[9.23764898,45.26814221],[9.23745458,45.26747651],[9.23728597,45.26678376],[9.23724494,45.26610874],[9.23740737,45.26532526],[9.23736545,45.26444322],[9.23736237,45.26370509],[9.23730772,45.26282307],[9.23721953,45.26232459],[9.23717718,45.26208523],[9.23693296,45.26159065],[9.2367269,45.26107799],[9.23650814,45.26048436],[9.23636758,45.26027176],[9.23628119,45.26014111],[9.23626446,45.2601158],[9.23589365,45.25982852],[9.23580042,45.25972969],[9.23559915,45.25950507],[9.23535529,45.25909151],[9.2350958,45.25856097],[9.23501178,45.2583077],[9.23486591,45.25786832],[9.23474897,45.25726545],[9.2346961,45.25700531],[9.23466955,45.25660853],[9.23466725,45.25605043],[9.23463994,45.25560942],[9.23457441,45.25516849],[9.23453476,45.25482651],[9.23441849,45.25443969],[9.23430259,45.25415188],[9.23398358,45.25405352],[9.23370285,45.25396408],[9.23327037,45.25387494],[9.23277299,45.25388496],[9.23227594,45.25387697],[9.23229994,45.25351687],[9.23256668,45.25330029],[9.23276957,45.25304783],[9.23253912,45.25278726],[9.23205319,45.25238318],[9.23114629,45.25177292],[9.23076345,45.25163867],[9.23043191,45.25158533],[9.23011303,45.25151397],[9.22980934,45.25149415],[9.22957765,45.25147904],[9.22916848,45.2511378],[9.2293568,45.25043531],[9.22912528,45.24990469],[9.22913697,45.24964363],[9.22941688,45.24953504],[9.22995242,45.24961499],[9.23036028,45.24963216],[9.23065313,45.24956856],[9.23089436,45.24935205],[9.23096919,45.24894682],[9.23109459,45.24845148],[9.23115657,45.24801929],[9.23116795,45.24768622],[9.23102665,45.24740746],[9.23063068,45.24717423],[9.23003091,45.2469594],[9.22949488,45.24675343],[9.22913751,45.24661013],[9.22891986,45.24634953],[9.22889299,45.24600752],[9.22871347,45.24572883],[9.22816466,45.24550489],[9.22780726,45.24535258],[9.22741163,45.24520036],[9.22728258,45.24478654],[9.22736934,45.24417427],[9.22755758,45.24345377],[9.22772083,45.24285034],[9.22796082,45.24232778],[9.22831578,45.241877],[9.22887379,45.24152483],[9.22939547,45.24134374],[9.22986645,45.24123479],[9.23043938,45.24112562],[9.23084666,45.24101677],[9.23084368,45.24027866],[9.23068853,45.23972089],[9.2306498,45.23958853],[9.23062821,45.23951466],[9.2305464,45.23923508],[9.23014996,45.23886683],[9.22966431,45.23849873],[9.22898747,45.23810403],[9.22834954,45.23788028],[9.22792799,45.23760207],[9.2276844,45.23722449],[9.22736431,45.23682906],[9.22708324,45.2366316],[9.22674651,45.23655124],[9.22583467,45.23662507],[9.22596362,45.23702088],[9.22606714,45.23741673],[9.2261447,45.23770463],[9.22571253,45.23765148],[9.22499877,45.23758087],[9.22448909,45.23756388],[9.2241453,45.23761857],[9.22394351,45.23814104],[9.22372872,45.23860053],[9.22366606,45.23887071],[9.22360357,45.23917687],[9.22342593,45.23936625],[9.2228911,45.23943931],[9.22249651,45.23953909],[9.22209098,45.23968391],[9.22151833,45.23986506],[9.22049395,45.23855283],[9.21894541,45.2367555],[9.21855218,45.23719733],[9.2182601,45.23744993],[9.2179175,45.23781064],[9.21756141,45.23798236],[9.21701371,45.2380194],[9.216453,45.23799346],[9.21600688,45.23794029],[9.21559918,45.23794106],[9.21535753,45.23804955],[9.21523144,45.23840082],[9.21506753,45.23885122],[9.21490682,45.23984167],[9.21353068,45.23981726],[9.21214126,45.23963982],[9.21187313,45.23948728],[9.21168052,45.23908259],[9.21153877,45.23865977],[9.21139703,45.23822797],[9.21121712,45.23781423],[9.21110144,45.23753539],[9.21101152,45.23733753],[9.21050231,45.23744648],[9.20990362,45.2374836],[9.20902434,45.2374312],[9.20873721,45.23871894],[9.20820456,45.23938602],[9.20795114,45.23977354],[9.20768492,45.24014308],[9.20745683,45.24048556],[9.2072541,45.24080098],[9.20716622,45.24116119],[9.20633886,45.24138773],[9.20478624,45.24156156],[9.20294477,45.24180788],[9.20268524,45.24194336],[9.2025719,45.24231263],[9.20261141,45.24267261],[9.20249774,45.24296086],[9.20224395,45.24325837],[9.2020535,45.24344772],[9.20181218,45.24366419],[9.20154566,45.24385369],[9.2012918,45.24401617],[9.20102482,45.24418766],[9.20070761,45.24456628],[9.20060641,45.2447735],[9.2005689,45.24498059],[9.20073548,45.24525036],[9.20090181,45.2454391],[9.20128406,45.24542941],[9.2018808,45.24482525],[9.20294557,45.24527346],[9.20325874,45.24521888],[9.20367674,45.24484907],[9.20387953,45.24455167],[9.20391692,45.24431757],[9.20364789,45.24391297],[9.20360886,45.24368801],[9.20368432,45.24340882],[9.20465511,45.2440732],[9.20498525,45.24375755],[9.20426896,45.24299371],[9.20489163,45.24252453],[9.20510912,45.24276717],[9.20542863,45.24303665],[9.20572259,45.24328816],[9.2061821,45.24351237],[9.20662846,45.24361957],[9.20703652,45.24370885],[9.20759751,45.24379785],[9.20813177,45.24387788],[9.20857798,45.24394908],[9.20907531,45.2440562],[9.20941971,45.24415458],[9.20985325,45.24423479],[9.21047768,45.24426065],[9.21105135,45.24433161],[9.21166352,45.24448349],[9.21228862,45.24468038],[9.21268467,45.24495867],[9.21272388,45.24521964],[9.21261076,45.24564294],[9.21244684,45.24610231],[9.21225756,45.24660675],[9.21215717,45.247021],[9.21215881,45.24746206],[9.21224956,45.24787596],[9.2123784,45.24825378],[9.21249441,45.24861362],[9.21259785,45.2490095],[9.21263759,45.24941448],[9.21262648,45.24985558],[9.21257729,45.25033275],[9.21257897,45.25078282],[9.21199233,45.2506669],[9.2119041,45.25092811],[9.21185397,45.25115324],[9.21176563,45.25138743],[9.21178038,45.25192749],[9.21122073,45.25189253],[9.21092712,45.25186606],[9.21045548,45.25183093],[9.21012396,45.25178652],[9.20981797,45.25174209],[9.20951241,45.25171564],[9.20912984,45.25164433],[9.20863317,45.25173526],[9.20807257,45.25177229],[9.20775391,45.25175485],[9.20733299,45.25164761],[9.20710308,45.25150399],[9.20711483,45.25123393],[9.20719052,45.25101776],[9.20730418,45.25073852],[9.20736719,45.25054036],[9.20759355,45.24971181],[9.20770714,45.24941456],[9.20694353,45.24967699],[9.20657438,45.24979468],[9.20628194,45.24964218],[9.20578451,45.24951706],[9.20550439,45.24958057],[9.20505964,45.24993243],[9.20472918,45.25018057],[9.20445294,45.25032058],[9.20418247,45.2505281],[9.20417108,45.25090619],[9.20424904,45.25132012],[9.20423708,45.25154518],[9.20425259,45.25158401],[9.20439141,45.25193196],[9.20444826,45.25203605],[9.20468605,45.25247152],[9.20468121,45.25249681],[9.20463602,45.25273265],[9.20453488,45.25302241],[9.20451026,45.25309293],[9.20438371,45.25333621],[9.20438526,45.25376826],[9.20452606,45.25405606],[9.20469307,45.25442483],[9.20475804,45.25477577],[9.20477203,45.25511779],[9.20479877,45.25546879],[9.20486438,45.25599076],[9.20495534,45.25647669],[9.20500765,45.25684564],[9.20498365,45.25698111],[9.20494014,45.25722683],[9.20493269,45.25726884],[9.20490949,45.25745791],[9.20489704,45.2575613],[9.20487079,45.25777304],[9.20493622,45.25825],[9.20509087,45.25860977],[9.20518099,45.25886166],[9.20521921,45.25896962],[9.20525877,45.2593386],[9.20508118,45.25957295],[9.20484042,45.25996046],[9.20498139,45.26017622],[9.20533905,45.26039162],[9.20572251,45.26057996],[9.20615539,45.26078621],[9.20652618,45.26110959],[9.20689678,45.26136997],[9.20726667,45.26144131],[9.20730599,45.26173828],[9.20719251,45.26208055],[9.20676083,45.2625404],[9.20668952,45.26270808],[9.20663444,45.26283767],[9.2065592,45.26300796],[9.20641951,45.26332415],[9.20620461,45.26381961],[9.20632022,45.26406245],[9.20649959,45.26431416],[9.20657686,45.26453906],[9.2064246,45.26472837],[9.20615725,45.26481885],[9.20581373,45.26499951],[9.20572525,45.26520669],[9.2057771,45.26544065],[9.20586724,45.26569253],[9.20593214,45.26601646],[9.20598417,45.26630441],[9.20599811,45.26663743],[9.20590989,45.26691664],[9.20547764,45.26712444],[9.20518489,45.26713399],[9.20461133,45.26715301],[9.20429288,45.26721659],[9.20397492,45.26730717],[9.20349116,45.26747906],[9.20327506,45.26765048],[9.20312294,45.26788478],[9.20294443,45.26820915],[9.20198043,45.26956107],[9.20170162,45.27002965],[9.20156308,45.27050697],[9.20129665,45.27086749],[9.20099186,45.27119207],[9.20054711,45.27159793],[9.20030608,45.27194041],[9.20006536,45.2723639],[9.19990063,45.27265223],[9.19936718,45.27321124],[9.19898477,45.27322992],[9.1985258,45.27322171],[9.19796466,45.27315969],[9.19737919,45.27309769],[9.1967665,45.27287371],[9.19644822,45.27300026],[9.19632188,45.27333354],[9.19614458,45.27367591],[9.19593048,45.27444138],[9.19502365,45.27767444],[9.19484657,45.27808881],[9.19463689,45.27852099],[9.19418576,45.27872004],[9.19367573,45.27871191],[9.19305098,45.27870396],[9.19237665,45.2786511],[9.19162414,45.27857134],[9.19071837,45.27841083],[9.19011869,45.27827682],[9.18918718,45.27804433],[9.18831968,45.27788374],[9.18689074,45.27758003],[9.18638009,45.27737384],[9.18592106,45.27736558],[9.18566644,45.27747402],[9.1855526,45.27775323],[9.18550301,45.27818539],[9.18531421,45.27893281],[9.18512481,45.27950021],[9.18492267,45.28007663],[9.1846434,45.28045514],[9.18448013,45.28085146],[9.18440496,45.28126565],[9.18425353,45.28175197],[9.1840389,45.28240943],[9.18395235,45.28324669],[9.18355855,45.2836974],[9.18315055,45.28370705],[9.18130004,45.28319692],[9.18071314,45.28308084],[9.18030531,45.2831445],[9.17999995,45.28335201],[9.17987431,45.28350934],[9.17982133,45.28357568],[9.17978403,45.28362238],[9.17974671,45.2839195],[9.17977345,45.28430652],[9.17985184,45.28490047],[9.17994292,45.28547642],[9.17998283,45.28599845],[9.18002325,45.28669148],[9.18001356,45.2872766],[9.18000312,45.28800572],[9.17990943,45.28863905],[9.17990322,45.288681],[9.17977754,45.28925729],[9.17956246,45.28979769],[9.17933465,45.29034715],[9.17918328,45.29087846],[9.1790449,45.29148178],[9.17889414,45.29220213],[9.17878108,45.29275139],[9.17862254,45.29295653],[9.17860402,45.2929805],[9.17856518,45.29303076],[9.17814446,45.29307644],[9.1775702,45.29295131],[9.17705964,45.29281708],[9.17630696,45.29272823],[9.1759501,45.29280079],[9.17584906,45.293116],[9.17597807,45.29360187],[9.17624619,45.29370047],[9.17639978,45.29387127],[9.17643885,45.29413225],[9.17659305,45.29451007],[9.17692502,45.29463556],[9.17723136,45.29471611],[9.17766523,45.29479645],[9.17829044,45.29489449],[9.17832951,45.29515547],[9.17822874,45.29555168],[9.17810255,45.29598395],[9.17816766,45.29640691],[9.17834762,45.2968657],[9.17859132,45.29729739],[9.17891206,45.29789999],[9.17927854,45.2981929],[9.18068678,45.29850027],[9.18096642,45.29820279],[9.18139786,45.29750899],[9.18186756,45.29682414],[9.18252926,45.29635501],[9.1831116,45.29538193],[9.18354294,45.29467913],[9.18384649,45.29389553]]]}},{"type":"Feature","properties":{"name":"Carpiano","istat_code":"015050","source":"ISTAT - Confini amministrativi 2022 non generalizzati, Comuni WGS84 / UTM Zone 32N","source_url":"https://www.istat.it/storage/cartografia/confini_amministrativi/non_generalizzati/Limiti01012022.zip"},"geometry":{"type":"Polygon","coordinates":[[[9.2700759,45.36443785],[9.27012972,45.36421388],[9.27076221,45.36472511],[9.27154334,45.36519133],[9.2723104,45.36537853],[9.2731658,45.36534948],[9.2740075,45.36513143],[9.27488415,45.36446323],[9.27556912,45.36352545],[9.27587558,45.36294129],[9.27581215,45.36279368],[9.27559987,45.36226333],[9.27623617,45.36177796],[9.27685309,45.36123216],[9.27737827,45.36141905],[9.27781338,45.36073257],[9.28047752,45.36168699],[9.28022122,45.36190265],[9.27998341,45.36200403],[9.27910851,45.36242281],[9.27815046,45.36386378],[9.27950666,45.36448801],[9.27968302,45.36424456],[9.27986772,45.36397638],[9.28042969,45.3635821],[9.28086698,45.36333911],[9.2818569,45.36304772],[9.28146518,45.36286725],[9.28127444,45.36284756],[9.28114975,45.36269331],[9.28071936,45.36247174],[9.28072107,45.36242375],[9.28170018,45.36160221],[9.28292176,45.36100512],[9.28334432,45.36124709],[9.28414353,45.36020997],[9.28425129,45.36018969],[9.28450258,45.36028603],[9.28477018,45.36042648],[9.2855645,45.35916117],[9.28592023,45.35787679],[9.28603932,45.35750928],[9.28647606,45.35616148],[9.28657715,45.3558594],[9.28664336,45.35573807],[9.28867129,45.35709592],[9.288864,45.3572097],[9.2884592,45.35794883],[9.2886261,45.35812843],[9.28944634,45.35873845],[9.29063768,45.35950954],[9.29171382,45.3602179],[9.29189008,45.36034131],[9.29427259,45.35841332],[9.29594358,45.35715239],[9.29624668,45.35678874],[9.29632216,45.35664071],[9.29629301,45.35653326],[9.29582507,45.35635976],[9.29550007,45.35617917],[9.29618262,45.35547182],[9.29666858,45.35453534],[9.29726616,45.35295968],[9.29722705,45.35294413],[9.29783472,45.35196591],[9.29839154,45.35103732],[9.29897231,45.35003665],[9.2966565,45.34880952],[9.29721569,45.34833099],[9.29787524,45.34775319],[9.29867926,45.34771508],[9.29887021,45.34739727],[9.29891227,45.34732744],[9.29909685,45.34702088],[9.29969167,45.3461237],[9.30064608,45.34548659],[9.30198419,45.34530304],[9.30326018,45.34520965],[9.30408823,45.34490139],[9.30490201,45.34431414],[9.30671891,45.34297708],[9.30717342,45.3426182],[9.30413386,45.34033485],[9.30153793,45.33841372],[9.29870542,45.33631727],[9.29997386,45.33550205],[9.30030961,45.33533021],[9.29942347,45.33462638],[9.30265035,45.33399562],[9.30281437,45.33364414],[9.30290274,45.33346387],[9.30310464,45.33303126],[9.30361164,45.33238182],[9.30436068,45.33165072],[9.30551659,45.33064849],[9.30683669,45.32962779],[9.3079043,45.32883282],[9.30909608,45.32789339],[9.3076695,45.3278883],[9.30755392,45.32745655],[9.30740416,45.32690336],[9.30675872,45.32671157],[9.30589479,45.32652486],[9.30490913,45.32616744],[9.30435334,45.32700605],[9.30422206,45.32721344],[9.30394177,45.32729519],[9.30306379,45.32717911],[9.30260402,45.32769481],[9.30131366,45.32770722],[9.30081764,45.32771752],[9.30051532,45.32783273],[9.29999436,45.32881497],[9.30049272,45.32903412],[9.30054663,45.32905782],[9.29978648,45.32966816],[9.29775365,45.32954231],[9.2975522,45.32905184],[9.29624513,45.32902517],[9.29434103,45.3289863],[9.29340405,45.32904253],[9.29221067,45.32902554],[9.29077555,45.3290051],[9.28963914,45.32897197],[9.28938323,45.32893254],[9.28919815,45.32885284],[9.28882911,45.3289139],[9.28841821,45.32912537],[9.28778068,45.32946767],[9.28749794,45.32973894],[9.28730063,45.33005007],[9.28721731,45.33043105],[9.28714503,45.33076159],[9.2869926,45.33094266],[9.28676014,45.33107657],[9.28661794,45.33109321],[9.28640963,45.3311811],[9.28600633,45.33135128],[9.2855497,45.33162321],[9.285221,45.33146983],[9.28463831,45.33119792],[9.2841751,45.33150312],[9.28323674,45.33106839],[9.28279773,45.33153982],[9.28267883,45.3316675],[9.28249953,45.33180657],[9.28228451,45.33188307],[9.28170275,45.33140281],[9.28160063,45.33131755],[9.28154059,45.3312682],[9.28113238,45.33097375],[9.28176292,45.33074556],[9.2826262,45.33044768],[9.28352749,45.33021291],[9.28365416,45.33017991],[9.28362846,45.3298615],[9.28315404,45.32994887],[9.28226044,45.33011345],[9.28140571,45.33029431],[9.28165251,45.32987271],[9.28192628,45.32943712],[9.28041557,45.32859323],[9.2812306,45.32776376],[9.28158386,45.32762735],[9.28171006,45.32749627],[9.28102166,45.32721886],[9.28014464,45.32686997],[9.27877531,45.32785447],[9.27869971,45.32795977],[9.27683922,45.32724662],[9.27759419,45.32653859],[9.27799621,45.32603114],[9.27810625,45.32578834],[9.27809517,45.32558863],[9.2780643,45.32548171],[9.2784767,45.3250313],[9.27841554,45.32493158],[9.27842505,45.32481029],[9.27803031,45.32473279],[9.27766586,45.32464807],[9.27756341,45.32437726],[9.27725674,45.32452166],[9.2768053,45.32464577],[9.27614431,45.32451235],[9.27510464,45.32407379],[9.27449094,45.32382323],[9.27440362,45.32385865],[9.27352668,45.32459261],[9.27518745,45.32566486],[9.27535558,45.32575933],[9.27443924,45.32656048],[9.27428756,45.32647917],[9.27415992,45.32641074],[9.27063739,45.32452228],[9.26969936,45.32502383],[9.26815903,45.32580651],[9.26608894,45.32671005],[9.26430531,45.3274928],[9.26349816,45.32784287],[9.26222622,45.3271527],[9.26351386,45.32569454],[9.26028208,45.32438941],[9.26003064,45.32428786],[9.25811757,45.3253904],[9.25725142,45.32583961],[9.25576836,45.32579774],[9.25565719,45.32581226],[9.25560679,45.32584804],[9.25549451,45.32595967],[9.25525443,45.32619836],[9.25444017,45.32727731],[9.25399888,45.32711785],[9.24945691,45.32547644],[9.24941634,45.32544799],[9.24859319,45.32647224],[9.24692398,45.32840095],[9.24636909,45.32818422],[9.24548093,45.32789674],[9.24756417,45.32534941],[9.24638668,45.32477845],[9.24602827,45.32451818],[9.24490306,45.32462863],[9.24426879,45.32484601],[9.2433063,45.32487057],[9.24312115,45.32523183],[9.24327052,45.32564026],[9.24340229,45.32610476],[9.24301741,45.3263159],[9.24257364,45.32623584],[9.24165652,45.32605775],[9.24091955,45.32641936],[9.24067416,45.32695096],[9.24045214,45.32715845],[9.24035395,45.32726042],[9.24021385,45.327393],[9.23964943,45.32792977],[9.23967709,45.32795594],[9.2397504,45.3279945],[9.23982366,45.32802016],[9.2404275,45.32811569],[9.24063824,45.32821848],[9.24117742,45.32815927],[9.24122354,45.32825596],[9.24113327,45.32852718],[9.2412977,45.32849455],[9.241815,45.32843826],[9.24202882,45.32841558],[9.2421225,45.32845112],[9.24213547,45.32847659],[9.24198334,45.32897309],[9.24221415,45.32899593],[9.24222117,45.32910282],[9.2418809,45.32968033],[9.241776,45.32981079],[9.24119875,45.33046324],[9.24082933,45.33038958],[9.24077029,45.32999303],[9.24069364,45.32947818],[9.24060889,45.32953438],[9.23962868,45.33018464],[9.23927931,45.33040496],[9.2379324,45.33125434],[9.23815797,45.33144412],[9.23985801,45.33227458],[9.24105011,45.33151964],[9.24311165,45.33272098],[9.24316943,45.33275465],[9.24229712,45.33382074],[9.23973564,45.33678038],[9.23759766,45.33946323],[9.23827551,45.33972466],[9.238926,45.33992323],[9.23909101,45.33983958],[9.23910269,45.33980624],[9.23978851,45.33997973],[9.23981294,45.34017128],[9.24138643,45.34075941],[9.24109354,45.34132648],[9.24118842,45.34141792],[9.24133045,45.34148426],[9.24155471,45.34144213],[9.24202794,45.34161607],[9.24184766,45.34197975],[9.24204112,45.3420163],[9.24277455,45.34209125],[9.24366287,45.34218387],[9.24491649,45.34236884],[9.24575212,45.34238282],[9.24625062,45.34315429],[9.24633531,45.34321398],[9.24639367,45.34323113],[9.24593616,45.34396517],[9.24466973,45.34339311],[9.24377095,45.34514247],[9.24682824,45.34575154],[9.2469844,45.3459705],[9.2467186,45.34652101],[9.24668034,45.34667922],[9.24851293,45.34700575],[9.24868731,45.34706076],[9.24901651,45.34663247],[9.2493416,45.34683263],[9.25035652,45.3471877],[9.2500231,45.3476616],[9.24959419,45.34844723],[9.24906798,45.34968125],[9.24865492,45.34955271],[9.24813338,45.3493834],[9.24806181,45.34954435],[9.24745482,45.3509093],[9.24677507,45.35216864],[9.24636511,45.35298588],[9.24632631,45.35306323],[9.24869669,45.35392214],[9.24738074,45.35559937],[9.24685207,45.35629193],[9.24917213,45.35726152],[9.24868193,45.35797604],[9.24705661,45.36046334],[9.24696519,45.36066087],[9.24812424,45.36144416],[9.24895421,45.36196034],[9.25046654,45.36290087],[9.25112433,45.36337322],[9.25279218,45.36427091],[9.25294807,45.36430523],[9.25417693,45.36416961],[9.2545045,45.36410532],[9.25648771,45.36403155],[9.2571762,45.36403],[9.25914105,45.36352865],[9.2595423,45.36344685],[9.2600763,45.3637172],[9.26055288,45.36397612],[9.2608319,45.3640506],[9.26182225,45.3637421],[9.26267354,45.36349747],[9.263503,45.36384802],[9.26418434,45.36407179],[9.26446355,45.3641867],[9.26530856,45.3646685],[9.26546339,45.36471699],[9.2655126,45.3646937],[9.26579688,45.36418786],[9.26589341,45.36401611],[9.26665446,45.36368068],[9.26677566,45.36366485],[9.2668865,45.36378894],[9.26710853,45.36411485],[9.26746232,45.36432386],[9.26812518,45.36460987],[9.26845417,45.36475182],[9.26884398,45.36506673],[9.26808033,45.36678614],[9.26919542,45.36710217],[9.26907613,45.36752214],[9.27101991,45.36820147],[9.27151423,45.36668524],[9.27155056,45.36655236],[9.27155002,45.36644096],[9.2714824,45.3663196],[9.2713478,45.3662119],[9.27113679,45.36614826],[9.27090834,45.36613023],[9.27076313,45.36611877],[9.27064317,45.36606842],[9.27022245,45.36579234],[9.26972567,45.36546635],[9.26959104,45.3653519],[9.26954782,45.36531515],[9.2695092,45.36526095],[9.26950412,45.3652002],[9.26952773,45.36512926],[9.26962757,45.36497712],[9.26987058,45.36472337],[9.26998,45.36457121],[9.2700759,45.36443785]]]}},{"type":"Feature","properties":{"name":"Casaletto Lodigiano","istat_code":"098008","source":"ISTAT - Confini amministrativi 2022 non generalizzati, Comuni WGS84 / UTM Zone 32N","source_url":"https://www.istat.it/storage/cartografia/confini_amministrativi/non_generalizzati/Limiti01012022.zip"},"geometry":{"type":"Polygon","coordinates":[[[9.3555017,45.31717286],[9.35604264,45.31594697],[9.35674811,45.31518416],[9.35801527,45.31517569],[9.35825113,45.31533666],[9.36011587,45.3166093],[9.36180642,45.31744073],[9.36243905,45.31742219],[9.36282574,45.31741086],[9.36407303,45.31693881],[9.36528245,45.3165299],[9.36625405,45.31606242],[9.36712336,45.31512878],[9.36739652,45.31409275],[9.36709626,45.31303154],[9.36618099,45.31155826],[9.36612283,45.31045129],[9.36639947,45.3098293],[9.36702934,45.30859409],[9.36691951,45.30738826],[9.3667844,45.3062185],[9.36679822,45.3061937],[9.36735184,45.30519954],[9.36795734,45.30415342],[9.36899966,45.30323204],[9.37014487,45.30329122],[9.37101585,45.30384649],[9.37179301,45.30417872],[9.37312642,45.30474875],[9.37391987,45.30475957],[9.37413172,45.30438541],[9.37386013,45.3038192],[9.37398139,45.30323829],[9.37495084,45.30287049],[9.37602,45.30252492],[9.37725607,45.30234982],[9.37812531,45.30263499],[9.37852519,45.30277916],[9.37928802,45.3030542],[9.37970889,45.3030438],[9.380052,45.30285363],[9.38010098,45.30276095],[9.38033212,45.30232364],[9.38040468,45.30218635],[9.38055074,45.3011417],[9.38041139,45.30109899],[9.37927266,45.30074989],[9.3793673,45.2996424],[9.3786763,45.29930266],[9.37750871,45.29825336],[9.37714432,45.29715638],[9.37711462,45.29652639],[9.37667881,45.29619477],[9.37610431,45.29610664],[9.37617328,45.29496325],[9.3746907,45.29448205],[9.37435765,45.29425811],[9.37433514,45.29423118],[9.37420399,45.29404258],[9.37421034,45.29399608],[9.37423973,45.29378142],[9.37455658,45.29351804],[9.37463591,45.2934521],[9.37469634,45.29340186],[9.37508919,45.29302251],[9.37525374,45.29283294],[9.37555672,45.29236387],[9.37583435,45.2919219],[9.37601009,45.29149824],[9.37617143,45.29135812],[9.37641585,45.29114587],[9.37648937,45.29105983],[9.37662424,45.29090206],[9.37673586,45.29077145],[9.37704857,45.29040565],[9.37741497,45.28989136],[9.37733896,45.28984215],[9.37706917,45.28966746],[9.37600797,45.2892479],[9.37246816,45.28810732],[9.37336727,45.28715023],[9.37096431,45.28628493],[9.37189832,45.28481466],[9.37077383,45.28444927],[9.37038119,45.28485559],[9.36939714,45.28451224],[9.36814753,45.28648308],[9.36811396,45.28646969],[9.36768718,45.28628203],[9.36655052,45.28588512],[9.36506945,45.28558382],[9.36473871,45.2857109],[9.36397836,45.28645144],[9.36334351,45.28687652],[9.36211669,45.28645736],[9.36154398,45.28663019],[9.36060095,45.28672319],[9.35914413,45.2862237],[9.35843277,45.28665799],[9.35650497,45.28615996],[9.356127,45.28689026],[9.35675442,45.28730235],[9.35549945,45.28849446],[9.35523014,45.28825225],[9.35470512,45.28790283],[9.35312074,45.28739466],[9.35107512,45.28652783],[9.3494512,45.2857947],[9.34804477,45.28517789],[9.34795102,45.28500155],[9.34791577,45.28493525],[9.3479654,45.28471007],[9.34839784,45.28452871],[9.34863712,45.28404191],[9.34928458,45.28358085],[9.34898923,45.28323971],[9.3483618,45.28280955],[9.34690447,45.28219289],[9.3458818,45.28176392],[9.34571443,45.28149439],[9.34686442,45.27980763],[9.34626382,45.27958442],[9.34470531,45.27908507],[9.34011048,45.27800066],[9.34025766,45.27702807],[9.33605884,45.27545398],[9.33377569,45.27612905],[9.33302873,45.27702237],[9.33311221,45.27821931],[9.33274469,45.27859845],[9.33251668,45.27885115],[9.33216781,45.27958737],[9.33202548,45.27988774],[9.33135388,45.28060081],[9.3298799,45.28146922],[9.32910514,45.28199353],[9.3286362,45.28248095],[9.32914777,45.28274953],[9.33009329,45.28308884],[9.33116628,45.2834188],[9.33223973,45.28382975],[9.32953389,45.28763617],[9.32937191,45.28829375],[9.32909627,45.28914067],[9.32878164,45.28986169],[9.32847745,45.29018662],[9.32792007,45.29027824],[9.32727897,45.29022606],[9.32706347,45.29045171],[9.32680966,45.29066848],[9.32654429,45.2910923],[9.32633013,45.29155197],[9.32615353,45.29188554],[9.32580357,45.29219271],[9.32577284,45.29221967],[9.32526419,45.29247317],[9.32475517,45.29266364],[9.32420706,45.2927102],[9.32367144,45.29271172],[9.32291866,45.29265084],[9.32186128,45.29256383],[9.32112136,45.29252089],[9.32038126,45.29244197],[9.31973751,45.29362296],[9.31962621,45.29424436],[9.32096758,45.29464566],[9.32160625,45.29482388],[9.32215458,45.29481334],[9.3223577,45.29465075],[9.3228522,45.29442432],[9.32332475,45.29453998],[9.32364444,45.29469211],[9.32406616,45.29484394],[9.32464094,45.29499533],[9.32512538,45.29496695],[9.3253406,45.29468729],[9.32553014,45.29438071],[9.3259209,45.29357847],[9.32605938,45.29326303],[9.32637701,45.29305508],[9.32673414,45.29306307],[9.3270663,45.29316113],[9.32734841,45.29343036],[9.32749045,45.29373601],[9.32742838,45.29403323],[9.32725129,45.29428577],[9.32701049,45.2945475],[9.32682199,45.29503411],[9.32792122,45.29490494],[9.32827492,45.29486792],[9.3289639,45.29491995],[9.32967081,45.29586305],[9.32871267,45.29779213],[9.32946609,45.29795198],[9.32942902,45.29815911],[9.33014372,45.29823807],[9.33057446,45.29774173],[9.3315701,45.29788288],[9.33241434,45.29830349],[9.3333451,45.29825576],[9.33368693,45.2978227],[9.33419591,45.29762319],[9.33560866,45.29712396],[9.33695742,45.29672393],[9.3374398,45.29634445],[9.33773084,45.29595653],[9.33813842,45.2958653],[9.33850751,45.29573819],[9.33903769,45.29481849],[9.33951874,45.29422296],[9.33989688,45.29347472],[9.33993591,45.29336584],[9.34022302,45.2925646],[9.34081737,45.2917257],[9.34127346,45.29122026],[9.34143925,45.29118531],[9.341923,45.2910833],[9.34303315,45.29119699],[9.34339234,45.29154697],[9.34423684,45.29201249],[9.34572774,45.29181897],[9.34696038,45.29110411],[9.34784986,45.29057933],[9.34907567,45.29083662],[9.35119414,45.29109117],[9.3528899,45.29129298],[9.35446032,45.29159416],[9.35647877,45.29215497],[9.35726313,45.29241252],[9.35734775,45.2924403],[9.35760372,45.29258353],[9.35616601,45.29516241],[9.35547627,45.29499354],[9.35493316,45.29584135],[9.35315939,45.29554531],[9.35165778,45.29814684],[9.35233446,45.29826177],[9.35287959,45.29772901],[9.35319547,45.29725096],[9.35338559,45.29706134],[9.35402462,45.2972754],[9.3535566,45.29789794],[9.35332961,45.29831271],[9.35317841,45.29861021],[9.35430159,45.29874177],[9.35275649,45.30050181],[9.35374239,45.30111087],[9.35435684,45.30146902],[9.35468971,45.30166601],[9.35325849,45.3032907],[9.35237286,45.3024023],[9.35144829,45.30139698],[9.3509212,45.3007235],[9.34963127,45.30044842],[9.34869961,45.30035224],[9.34802787,45.30092138],[9.3479955,45.30188463],[9.34744161,45.30308351],[9.34701068,45.30353489],[9.34588754,45.30342127],[9.34523701,45.30342324],[9.34476814,45.30392874],[9.34392067,45.30511048],[9.3431219,45.305914],[9.34211605,45.30608804],[9.34108284,45.30609113],[9.34030453,45.30605745],[9.33998553,45.30604039],[9.33930883,45.30593439],[9.33896404,45.3058724],[9.33835098,45.3057392],[9.33804033,45.30568197],[9.33729108,45.30554431],[9.33666539,45.30542913],[9.33573245,45.3052776],[9.33549057,45.30523831],[9.33459697,45.30509315],[9.33344972,45.30740086],[9.33503451,45.3079138],[9.33640205,45.30835535],[9.33695261,45.30869578],[9.33685257,45.30903814],[9.33671428,45.30938058],[9.33716209,45.3096043],[9.33619074,45.31145245],[9.33825136,45.31258054],[9.3388242,45.31296534],[9.34237378,45.31499861],[9.34590418,45.31691295],[9.34666245,45.31615189],[9.34839753,45.31681622],[9.35051263,45.31761906],[9.35171047,45.31631266],[9.35374024,45.31704329],[9.35337602,45.31797156],[9.35264314,45.31877262],[9.35137192,45.31958033],[9.35230338,45.31988317],[9.35254802,45.32024246],[9.35320131,45.32065451],[9.35401951,45.32091301],[9.3546617,45.32080431],[9.35441087,45.32024571],[9.35431952,45.31974794],[9.35429201,45.31959797],[9.35444011,45.31879639],[9.35500976,45.31807452],[9.35531196,45.31752063],[9.3555017,45.31717286]]]}},{"type":"Feature","properties":{"name":"Casalmaiocco","istat_code":"098009","source":"ISTAT - Confini amministrativi 2022 non generalizzati, Comuni WGS84 / UTM Zone 32N","source_url":"https://www.istat.it/storage/cartografia/confini_amministrativi/non_generalizzati/Limiti01012022.zip"},"geometry":{"type":"Polygon","coordinates":[[[9.3879485,45.36667353],[9.38809901,45.36627695],[9.38898084,45.36638198],[9.38942615,45.36614642],[9.38928323,45.36578686],[9.38867517,45.36463676],[9.38736934,45.36413712],[9.3873144,45.36357024],[9.38751598,45.36317349],[9.38789947,45.3632352],[9.38874285,45.36333134],[9.38930459,45.36332043],[9.38981566,45.36336369],[9.3902219,45.36302027],[9.39025557,45.36234506],[9.38995879,45.36189601],[9.38932778,45.36111504],[9.38829934,45.36009239],[9.38712973,45.35896221],[9.38619202,45.35812825],[9.38566494,45.35759896],[9.38497088,45.35691719],[9.38400976,45.35638936],[9.38305912,45.35551943],[9.38264567,45.35479171],[9.38116533,45.35453788],[9.38084346,45.35448269],[9.38088881,45.35362741],[9.38121559,45.3528612],[9.38167063,45.35218459],[9.38222808,45.35155265],[9.38284912,45.35088447],[9.38255443,45.35072343],[9.382041,45.35031109],[9.38174451,45.34970244],[9.38184012,45.34915034],[9.37881318,45.3486836],[9.37844309,45.34870282],[9.37763812,45.34858846],[9.37610516,45.3484225],[9.37381891,45.34823198],[9.37119894,45.34776346],[9.37070889,45.34767282],[9.36971637,45.34748922],[9.36772224,45.3470636],[9.3668214,45.34694096],[9.36539697,45.34674702],[9.36243132,45.34621056],[9.36155788,45.34724531],[9.36052082,45.3487698],[9.36103325,45.34905622],[9.36062905,45.34973259],[9.36172951,45.35014317],[9.36080865,45.35188335],[9.36046506,45.35406275],[9.36126961,45.35410521],[9.36043066,45.35853098],[9.35927325,45.35831645],[9.35930701,45.35875973],[9.35755275,45.35855558],[9.35694062,45.36002368],[9.35655616,45.36376353],[9.35372664,45.36309652],[9.35320639,45.36522003],[9.35456023,45.36526983],[9.35435444,45.36688149],[9.35340594,45.36687122],[9.35299231,45.36771714],[9.3532061,45.36772977],[9.3533628,45.36800094],[9.35358216,45.36815989],[9.35367204,45.36822502],[9.35522318,45.36846387],[9.35533373,45.36848089],[9.35573075,45.36714006],[9.35577115,45.36712792],[9.35610752,45.36711417],[9.3570589,45.36707527],[9.35716371,45.36707098],[9.35752881,45.36725642],[9.35758646,45.3672857],[9.35808605,45.36753617],[9.35818222,45.36759886],[9.35826464,45.36765121],[9.35837776,45.36772305],[9.35853481,45.3678228],[9.35919733,45.36789251],[9.35940006,45.36680172],[9.35956464,45.36590714],[9.35978478,45.36471068],[9.35981462,45.36460822],[9.36051801,45.364802],[9.36131272,45.36502095],[9.36193252,45.36519168],[9.36226169,45.36528235],[9.36263988,45.36538652],[9.36281637,45.36543514],[9.3633759,45.365583],[9.36343838,45.36560649],[9.36363125,45.36565988],[9.36393577,45.36573092],[9.36450933,45.36586282],[9.36510213,45.36599915],[9.36975838,45.36706978],[9.36997219,45.36711894],[9.37109735,45.36737761],[9.37820016,45.36894802],[9.37848885,45.36897358],[9.37938352,45.36908763],[9.38032958,45.36924651],[9.3820946,45.36965468],[9.38228931,45.36972813],[9.38349009,45.37018108],[9.38483914,45.37064342],[9.38593493,45.37101896],[9.38609018,45.37103908],[9.38615207,45.37104711],[9.38708528,45.37116809],[9.38681424,45.37074595],[9.38659476,45.37039565],[9.3870595,45.3692599],[9.38709376,45.36866571],[9.38693704,45.36815317],[9.38705685,45.3670006],[9.38754074,45.36680094],[9.3879485,45.36667353]]]}},{"type":"Feature","properties":{"name":"Caselle Lurani","istat_code":"098012","source":"ISTAT - Confini amministrativi 2022 non generalizzati, Comuni WGS84 / UTM Zone 32N","source_url":"https://www.istat.it/storage/cartografia/confini_amministrativi/non_generalizzati/Limiti01012022.zip"},"geometry":{"type":"Polygon","coordinates":[[[9.356127,45.28689026],[9.35650497,45.28615996],[9.35843277,45.28665799],[9.35914413,45.2862237],[9.36060095,45.28672319],[9.36154398,45.28663019],[9.36211669,45.28645736],[9.36334351,45.28687652],[9.36397836,45.28645144],[9.36473871,45.2857109],[9.36506945,45.28558382],[9.36655052,45.28588512],[9.36768718,45.28628203],[9.36811396,45.28646969],[9.36814753,45.28648308],[9.36939714,45.28451224],[9.37038119,45.28485559],[9.37077383,45.28444927],[9.37024875,45.28409542],[9.37039913,45.28356834],[9.37082941,45.28307187],[9.37190627,45.28200619],[9.37251367,45.28130212],[9.37324487,45.28027355],[9.37391517,45.27944324],[9.37453574,45.2788111],[9.37505546,45.27835033],[9.37599975,45.27847325],[9.37720171,45.27900036],[9.37799339,45.27917778],[9.37852933,45.27924801],[9.37895947,45.2787425],[9.37961783,45.27804721],[9.38007326,45.27751461],[9.38056444,45.27684687],[9.37872644,45.2762949],[9.37933941,45.27477161],[9.38258117,45.27530089],[9.38356542,45.27189505],[9.38408837,45.27193829],[9.38422392,45.27124474],[9.38442334,45.27056894],[9.3846245,45.2701542],[9.38502767,45.26945075],[9.38538046,45.26883744],[9.38563103,45.2681885],[9.38578209,45.26790894],[9.38615964,45.26718756],[9.38579063,45.267112],[9.38404067,45.26675363],[9.38359938,45.26747523],[9.38294929,45.26747742],[9.38278593,45.26782902],[9.38271174,45.26817131],[9.38252278,45.26850501],[9.38235324,45.26848935],[9.38177022,45.2684355],[9.38209747,45.26781331],[9.38117819,45.26759135],[9.38161731,45.26654571],[9.38210773,45.26554491],[9.38251049,45.26477844],[9.38276294,45.26440855],[9.38278699,45.26419243],[9.38149786,45.2639357],[9.37983973,45.26377021],[9.38002209,45.26435469],[9.38011353,45.26468743],[9.37973287,45.26494974],[9.37892858,45.26476338],[9.37830481,45.26488247],[9.37770821,45.26526251],[9.37679083,45.26531955],[9.37665182,45.26521345],[9.37658423,45.26516188],[9.37636806,45.26499688],[9.3761095,45.26444864],[9.37563481,45.26398214],[9.37454765,45.26341862],[9.37275985,45.26291138],[9.37234353,45.262821],[9.37112602,45.26255665],[9.37222032,45.26032073],[9.37035581,45.25975969],[9.3706328,45.25923672],[9.36994375,45.25911293],[9.36934695,45.25945692],[9.36813423,45.25916377],[9.36665576,45.25891651],[9.36642843,45.25924129],[9.36617737,45.25983618],[9.36598781,45.26008883],[9.3648525,45.25993943],[9.36429307,45.26015726],[9.3636608,45.26094241],[9.36291368,45.26170989],[9.3604483,45.26085356],[9.36154546,45.2590048],[9.36109807,45.25879918],[9.36012658,45.25835217],[9.35805739,45.25763857],[9.35629676,45.25709499],[9.35390821,45.25624727],[9.35282191,45.25576456],[9.35259424,45.2560443],[9.35216259,45.25631568],[9.35206287,45.25667604],[9.35207794,45.25705406],[9.35125032,45.25718263],[9.35078147,45.25762515],[9.35082492,45.25847114],[9.35154108,45.258865],[9.35203981,45.25913351],[9.3519427,45.25991693],[9.35189222,45.26012039],[9.35165665,45.26107],[9.35132075,45.26240325],[9.35057627,45.26362973],[9.349623,45.2649983],[9.35007433,45.26588942],[9.34870526,45.26681237],[9.34824221,45.26703692],[9.34752034,45.26747225],[9.34670533,45.26786848],[9.34587109,45.26815977],[9.34488777,45.26837276],[9.34388662,45.26746776],[9.34384443,45.26742014],[9.34246174,45.26965319],[9.34203871,45.27036323],[9.34174405,45.27079724],[9.34145015,45.27130728],[9.33905821,45.27471828],[9.33893422,45.27473253],[9.33721088,45.27493077],[9.33605884,45.27545398],[9.34025766,45.27702807],[9.34011048,45.27800066],[9.34470531,45.27908507],[9.34626382,45.27958442],[9.34686442,45.27980763],[9.34571443,45.28149439],[9.3458818,45.28176392],[9.34690447,45.28219289],[9.3483618,45.28280955],[9.34898923,45.28323971],[9.34928458,45.28358085],[9.34863712,45.28404191],[9.34839784,45.28452871],[9.3479654,45.28471007],[9.34791577,45.28493525],[9.34795102,45.28500155],[9.34804477,45.28517789],[9.3494512,45.2857947],[9.35107512,45.28652783],[9.35312074,45.28739466],[9.35470512,45.28790283],[9.35523014,45.28825225],[9.35549945,45.28849446],[9.35675442,45.28730235],[9.356127,45.28689026]]]}},{"type":"Feature","properties":{"name":"Castiraga Vidardo","istat_code":"098015","source":"ISTAT - Confini amministrativi 2022 non generalizzati, Comuni WGS84 / UTM Zone 32N","source_url":"https://www.istat.it/storage/cartografia/confini_amministrativi/non_generalizzati/Limiti01012022.zip"},"geometry":{"type":"Polygon","coordinates":[[[9.39557964,45.28184565],[9.39581928,45.28146675],[9.39655953,45.28157221],[9.39748004,45.28192907],[9.39846301,45.28209666],[9.39982671,45.28201089],[9.3995447,45.28179584],[9.39918472,45.28137404],[9.39946061,45.28071596],[9.39954311,45.28054685],[9.39971193,45.28020088],[9.39972457,45.28017495],[9.39962851,45.28000978],[9.39950516,45.27979765],[9.3992838,45.27960632],[9.3990177,45.2793763],[9.39864443,45.27887352],[9.39878077,45.27831496],[9.39962002,45.27799697],[9.40021757,45.27786886],[9.40062282,45.27748038],[9.39998233,45.27705057],[9.39801976,45.27705742],[9.39677115,45.27717877],[9.39644904,45.27669382],[9.39679956,45.27576545],[9.39778022,45.27561803],[9.39938703,45.27579244],[9.40029219,45.27578927],[9.40114456,45.27553424],[9.40239134,45.27530771],[9.4027107,45.27524969],[9.40343443,45.27483307],[9.40333875,45.27392426],[9.40311756,45.27329495],[9.40266206,45.2727886],[9.40248796,45.27259506],[9.40178242,45.27197643],[9.40173951,45.27183428],[9.40171417,45.27175027],[9.40160473,45.27138769],[9.4015083,45.27106826],[9.40184526,45.27004091],[9.40197887,45.2691043],[9.4021634,45.26815849],[9.40245489,45.26783542],[9.40266855,45.26759863],[9.40322405,45.26684054],[9.40324529,45.26658545],[9.40329455,45.26599416],[9.40318576,45.26503138],[9.40327274,45.26484924],[9.40348719,45.26440022],[9.40384007,45.26383188],[9.40389381,45.26337775],[9.40392425,45.26312047],[9.40429139,45.26276812],[9.40555246,45.26265562],[9.40699417,45.26284853],[9.40745975,45.26295365],[9.40805381,45.26308778],[9.40875074,45.26262622],[9.40874603,45.26196913],[9.40927805,45.26150815],[9.41011986,45.26158616],[9.41106821,45.26230285],[9.41177373,45.2629214],[9.41236219,45.26321634],[9.41311477,45.26329462],[9.41387777,45.26304883],[9.41447364,45.2626056],[9.41535946,45.26172924],[9.41592717,45.26092605],[9.41601124,45.26033735],[9.41572716,45.2598412],[9.41552155,45.2594873],[9.41490731,45.25914747],[9.41379808,45.25909748],[9.41227043,45.25934605],[9.41191177,45.25935182],[9.41083038,45.25936923],[9.41036885,45.2590016],[9.41027917,45.25893015],[9.41032566,45.25851015],[9.41033142,45.25845833],[9.41036294,45.25817372],[9.41085668,45.25771288],[9.41164476,45.257422],[9.41276623,45.25740894],[9.41396625,45.25768364],[9.41424244,45.25710655],[9.41449109,45.25635853],[9.41430805,45.25572009],[9.4140748,45.25519434],[9.41454226,45.25463007],[9.41526479,45.25409635],[9.41518557,45.25371857],[9.41491604,45.25345851],[9.41431585,45.25328967],[9.41358991,45.25335531],[9.41317264,45.25380689],[9.4127426,45.25425852],[9.41185392,45.25462178],[9.41092425,45.25471515],[9.41074698,45.25456027],[9.41056517,45.25440138],[9.41076458,45.25377957],[9.41127088,45.25330067],[9.41129662,45.25319974],[9.41131373,45.25313267],[9.41140645,45.25276909],[9.41131392,45.25231036],[9.41113025,45.2515819],[9.41066806,45.25110648],[9.4105692,45.25090407],[9.41042231,45.25060328],[9.41082274,45.25065653],[9.41121316,45.25070846],[9.41186461,45.25092215],[9.41238768,45.25100127],[9.41293472,45.25087327],[9.41362115,45.25063675],[9.41407984,45.2506261],[9.41411432,45.25032891],[9.4139503,45.24971879],[9.41390641,45.24955554],[9.41378852,45.24944322],[9.41334179,45.24901749],[9.41255993,45.24839023],[9.41203625,45.24822108],[9.41003234,45.24776923],[9.40939845,45.24822157],[9.40881803,45.24902478],[9.40812967,45.24899124],[9.40710859,45.24876083],[9.40583207,45.24845034],[9.40523622,45.24831239],[9.40456844,45.24815776],[9.40399603,45.24830382],[9.40347954,45.24835966],[9.40329571,45.2483783],[9.40281466,45.24815496],[9.40264365,45.24807456],[9.40231091,45.24776068],[9.40203114,45.24750063],[9.4018997,45.24738407],[9.40144218,45.24755669],[9.40113705,45.24765678],[9.40073101,45.24790125],[9.40104006,45.24835924],[9.40114591,45.24879994],[9.40076551,45.24907131],[9.40029518,45.24923501],[9.40020743,45.24944234],[9.39972458,45.24964206],[9.39916655,45.25002208],[9.39896714,45.25043684],[9.39852333,45.25075344],[9.39795116,45.25093546],[9.39739132,45.25106343],[9.39688266,45.25121823],[9.39664199,45.25142611],[9.39664387,45.25169613],[9.39690179,45.25213632],[9.39671284,45.25245203],[9.39632003,45.25277744],[9.39600357,45.25308458],[9.39598097,45.25349872],[9.39651672,45.25356889],[9.39702684,45.25362111],[9.3973217,45.25387213],[9.39729855,45.25420528],[9.3971796,45.25433953],[9.39690655,45.2546477],[9.39642358,45.25483841],[9.39637213,45.25517515],[9.39633825,45.2553968],[9.39574553,45.256299],[9.39492345,45.25721099],[9.39489882,45.257314],[9.39474216,45.25796925],[9.39472526,45.25803981],[9.39438709,45.25889612],[9.39329518,45.25950299],[9.39279518,45.25963012],[9.39272104,45.25964897],[9.39198875,45.25984952],[9.39079104,45.26048373],[9.38927841,45.261083],[9.38851992,45.2612967],[9.38779078,45.26150211],[9.38737132,45.26167007],[9.38728874,45.26171086],[9.38719108,45.26175619],[9.38671067,45.26198285],[9.38603494,45.26209728],[9.38546298,45.26219411],[9.38512023,45.26240229],[9.38472695,45.26267367],[9.38443257,45.26249463],[9.3841884,45.26219841],[9.38352804,45.2619912],[9.38342202,45.26195793],[9.38272071,45.26191529],[9.38199358,45.2618277],[9.38165115,45.26208089],[9.38097417,45.26186711],[9.38013204,45.2617349],[9.37995553,45.26202353],[9.38020102,45.26251779],[9.37992476,45.26313982],[9.37983973,45.26377021],[9.38149786,45.2639357],[9.38278699,45.26419243],[9.38276294,45.26440855],[9.38251049,45.26477844],[9.38210773,45.26554491],[9.38161731,45.26654571],[9.38117819,45.26759135],[9.38209747,45.26781331],[9.38177022,45.2684355],[9.38235324,45.26848935],[9.38252278,45.26850501],[9.38271174,45.26817131],[9.38278593,45.26782902],[9.38294929,45.26747742],[9.38359938,45.26747523],[9.38404067,45.26675363],[9.38579063,45.267112],[9.38615964,45.26718756],[9.38578209,45.26790894],[9.38563103,45.2681885],[9.38538046,45.26883744],[9.38502767,45.26945075],[9.3846245,45.2701542],[9.38442334,45.27056894],[9.38422392,45.27124474],[9.38408837,45.27193829],[9.38356542,45.27189505],[9.38258117,45.27530089],[9.38318196,45.2755329],[9.38305889,45.27619043],[9.38437464,45.27657307],[9.38566612,45.27713581],[9.38713595,45.27767092],[9.3889252,45.27830395],[9.39033169,45.27877621],[9.39167157,45.27905966],[9.39298639,45.2792892],[9.39374056,45.27956565],[9.39269822,45.28175658],[9.39537871,45.28228742],[9.39557964,45.28184565]]]}},{"type":"Feature","properties":{"name":"Ceranova","istat_code":"018043","source":"ISTAT - Confini amministrativi 2022 non generalizzati, Comuni WGS84 / UTM Zone 32N","source_url":"https://www.istat.it/storage/cartografia/confini_amministrativi/non_generalizzati/Limiti01012022.zip"},"geometry":{"type":"Polygon","coordinates":[[[9.2471059,45.26841019],[9.24736039,45.26821161],[9.24895384,45.2684872],[9.24965051,45.26747751],[9.25009358,45.26677442],[9.25033395,45.26635983],[9.25049812,45.26600841],[9.25067504,45.26565697],[9.25083936,45.26534155],[9.25201351,45.26576205],[9.2544895,45.26653968],[9.2548884,45.26666931],[9.25508867,45.26673637],[9.25587314,45.26542942],[9.25661349,45.26566179],[9.25742505,45.26472382],[9.25784347,45.26423678],[9.25835008,45.26351553],[9.25708694,45.26323933],[9.2582136,45.26152652],[9.25850486,45.2611118],[9.25873309,45.26085024],[9.25902388,45.2604175],[9.25926417,45.26000289],[9.25944118,45.25968744],[9.25968132,45.25924583],[9.25984521,45.25884939],[9.25989483,45.25855223],[9.25994429,45.25821907],[9.2599431,45.25795801],[9.25954726,45.25779689],[9.25926708,45.25784255],[9.25892448,45.25808635],[9.2586967,45.25844694],[9.25851978,45.25878039],[9.25831748,45.2591409],[9.2581019,45.25938443],[9.25778352,45.25943916],[9.25736236,45.25931409],[9.25733501,45.25890009],[9.25758823,45.25853045],[9.25796881,45.25813353],[9.25814622,45.2579081],[9.25827222,45.25759276],[9.2579907,45.25734135],[9.25765889,45.25724309],[9.25719998,45.25713611],[9.25810824,45.25515374],[9.25957441,45.25256699],[9.25996475,45.25153094],[9.25963367,45.25158569],[9.25922611,45.25155061],[9.25893257,45.25145226],[9.25891882,45.25123626],[9.25910885,45.25098378],[9.25941418,45.25087508],[9.25984642,45.25073008],[9.26124641,45.25042983],[9.26193246,45.2500592],[9.26252964,45.24967977],[9.26283436,45.24943602],[9.26308803,45.2491744],[9.2632138,45.24881405],[9.26266457,45.24853627],[9.26185936,45.24801604],[9.26116928,45.24758554],[9.26061991,45.24727176],[9.26001963,45.24697606],[9.25927869,45.24656368],[9.25857562,45.2460702],[9.25775888,45.24554095],[9.25706947,45.24524546],[9.25630287,45.24478811],[9.25566436,45.24447449],[9.25501287,45.24410688],[9.254642,45.24380167],[9.25428394,45.24351442],[9.25369777,45.24350671],[9.25320359,45.24344742],[9.25303483,45.24342717],[9.2526265,45.24329306],[9.25168937,45.24424027],[9.25100599,45.24530395],[9.25023284,45.24624181],[9.24862585,45.24591226],[9.24713375,45.24562745],[9.24512011,45.24527173],[9.24374305,45.24505864],[9.24232818,45.24494464],[9.24163454,45.24635934],[9.24118264,45.24797155],[9.24096726,45.24826905],[9.24042114,45.24870228],[9.23986324,45.24936957],[9.23953462,45.25000936],[9.23948939,45.2501216],[9.23766476,45.24968676],[9.23668819,45.24941564],[9.23550924,45.24915792],[9.23453298,45.24896483],[9.2342404,45.24970291],[9.23390206,45.24971498],[9.23338093,45.24975204],[9.23294772,45.24977094],[9.23250137,45.24978535],[9.23258024,45.25037479],[9.23329758,45.25118345],[9.23136082,45.25125041],[9.23121743,45.25045856],[9.23065313,45.24956856],[9.23036028,45.24963216],[9.22995242,45.24961499],[9.22941688,45.24953504],[9.22913697,45.24964363],[9.22912528,45.24990469],[9.2293568,45.25043531],[9.22916848,45.2511378],[9.22957765,45.25147904],[9.22980934,45.25149415],[9.23011303,45.25151397],[9.23043191,45.25158533],[9.23076345,45.25163867],[9.23114629,45.25177292],[9.23205319,45.25238318],[9.23253912,45.25278726],[9.23276957,45.25304783],[9.23256668,45.25330029],[9.23229994,45.25351687],[9.23227594,45.25387697],[9.23277299,45.25388496],[9.23327037,45.25387494],[9.23370285,45.25396408],[9.23398358,45.25405352],[9.23430259,45.25415188],[9.23441849,45.25443969],[9.23453476,45.25482651],[9.23457441,45.25516849],[9.23463994,45.25560942],[9.23466725,45.25605043],[9.23466955,45.25660853],[9.2346961,45.25700531],[9.23474897,45.25726545],[9.23486591,45.25786832],[9.23501178,45.2583077],[9.2350958,45.25856097],[9.23535529,45.25909151],[9.23559915,45.25950507],[9.23580042,45.25972969],[9.23589365,45.25982852],[9.23626446,45.2601158],[9.23628119,45.26014111],[9.23636758,45.26027176],[9.23650814,45.26048436],[9.2367269,45.26107799],[9.23693296,45.26159065],[9.23717718,45.26208523],[9.23721953,45.26232459],[9.23730772,45.26282307],[9.23736237,45.26370509],[9.23736545,45.26444322],[9.23740737,45.26532526],[9.23724494,45.26610874],[9.23728597,45.26678376],[9.23745458,45.26747651],[9.23764898,45.26814221],[9.23780356,45.26881699],[9.23811338,45.26926678],[9.23816267,45.26933834],[9.23854588,45.26952656],[9.23897976,45.26963368],[9.23926058,45.26972311],[9.23913454,45.27006541],[9.2403726,45.27042289],[9.24112535,45.27066433],[9.24161019,45.27076232],[9.24209524,45.27091432],[9.24259352,45.27107529],[9.24325618,45.27129891],[9.24395812,45.27148645],[9.24427768,45.27159377],[9.24460919,45.27170109],[9.24469684,45.27133184],[9.24487342,45.27089039],[9.24522831,45.27041256],[9.24549442,45.27004293],[9.24573511,45.26969135],[9.24626833,45.26918612],[9.24653828,45.26892208],[9.24667414,45.26878919],[9.2471059,45.26841019]]]}},{"type":"Feature","properties":{"name":"Cerro al Lambro","istat_code":"015071","source":"ISTAT - Confini amministrativi 2022 non generalizzati, Comuni WGS84 / UTM Zone 32N","source_url":"https://www.istat.it/storage/cartografia/confini_amministrativi/non_generalizzati/Limiti01012022.zip"},"geometry":{"type":"Polygon","coordinates":[[[9.3219655,45.35068993],[9.32201276,45.35056811],[9.32239582,45.35058504],[9.32312413,45.35069998],[9.32328814,45.35063651],[9.32340435,45.35058668],[9.32354578,45.35048275],[9.32447226,45.34981404],[9.32458733,45.34970569],[9.32465321,45.34964699],[9.32481053,45.34949689],[9.32468933,45.34930968],[9.32452825,45.34907166],[9.32459544,45.34875134],[9.32461928,45.34865902],[9.32464307,45.34856688],[9.32520435,45.34836274],[9.32653242,45.34871901],[9.32699196,45.34843865],[9.32792522,45.34757185],[9.32829183,45.34722874],[9.32878381,45.3465006],[9.32856521,45.3456242],[9.32949069,45.34484895],[9.33165342,45.34451944],[9.33096811,45.34580061],[9.33233134,45.34642389],[9.33208347,45.3472988],[9.33156059,45.34738132],[9.33142476,45.34759281],[9.33174056,45.34798118],[9.33114289,45.34969699],[9.33284187,45.35037504],[9.33415892,45.34967247],[9.33340185,45.34901068],[9.33533819,45.34790361],[9.33484384,45.34706433],[9.33566831,45.34680786],[9.33603708,45.34669314],[9.33596074,45.34634864],[9.33593904,45.34625072],[9.33590866,45.3461136],[9.33587767,45.34597379],[9.3357879,45.34556872],[9.33505528,45.34471574],[9.3345392,45.34378112],[9.33447172,45.34304242],[9.33533312,45.34205054],[9.33669529,45.34144344],[9.33791867,45.34111578],[9.33880936,45.34065408],[9.33921387,45.33999577],[9.33973491,45.33961617],[9.34084643,45.33980188],[9.34142279,45.34013322],[9.34174008,45.34009994],[9.34203509,45.34007738],[9.34249454,45.340067],[9.34285502,45.34003031],[9.34313232,45.34000208],[9.34359796,45.33973704],[9.34408629,45.33945913],[9.34409978,45.33942091],[9.34429959,45.33885539],[9.34385084,45.33851469],[9.34355282,45.33848327],[9.34268864,45.33839216],[9.34264487,45.33838621],[9.34165397,45.33825125],[9.34078194,45.33756075],[9.3405544,45.33689298],[9.34050092,45.33673604],[9.34045972,45.33659507],[9.34071755,45.33533762],[9.34109679,45.3347334],[9.34239702,45.33447747],[9.34282727,45.33446707],[9.34367305,45.33444663],[9.34435488,45.33444494],[9.34439455,45.33445717],[9.34576679,45.33456633],[9.34667842,45.33363643],[9.34701669,45.33344097],[9.34725784,45.33330162],[9.34770246,45.33330694],[9.34785691,45.3333088],[9.34839441,45.33342418],[9.34896125,45.33363847],[9.34902379,45.33362479],[9.35046114,45.33330983],[9.3504058,45.33316883],[9.35029178,45.3328783],[9.35024169,45.33245946],[9.35023196,45.33237811],[9.35018415,45.33197849],[9.35010336,45.33129463],[9.34987339,45.33086582],[9.34974191,45.33062064],[9.34888298,45.32998417],[9.34810357,45.32982452],[9.34639309,45.32974872],[9.34567716,45.32953486],[9.34562067,45.32943365],[9.34559715,45.32939156],[9.34549654,45.32921136],[9.34550019,45.32917639],[9.34550483,45.3291319],[9.34556889,45.32851803],[9.34604223,45.32753301],[9.34621485,45.32717375],[9.34626194,45.32707571],[9.34690637,45.32602961],[9.34755228,45.32523553],[9.34790742,45.32488339],[9.34815036,45.32477988],[9.34849264,45.32463407],[9.34920556,45.32433035],[9.35049217,45.32398435],[9.35228918,45.32363677],[9.35372374,45.32319034],[9.35377919,45.3231731],[9.3541417,45.322771],[9.35457673,45.32228849],[9.35480224,45.3216217],[9.3546617,45.32080431],[9.35401951,45.32091301],[9.35320131,45.32065451],[9.35254802,45.32024246],[9.35230338,45.31988317],[9.35137192,45.31958033],[9.35264314,45.31877262],[9.35337602,45.31797156],[9.35374024,45.31704329],[9.35171047,45.31631266],[9.35051263,45.31761906],[9.34839753,45.31681622],[9.34666245,45.31615189],[9.34590418,45.31691295],[9.34237378,45.31499861],[9.3388242,45.31296534],[9.33800793,45.31455255],[9.33324991,45.31248722],[9.33299637,45.31275801],[9.33162794,45.31217689],[9.32805696,45.31650786],[9.32576699,45.3156953],[9.32498543,45.31643973],[9.32528876,45.31721255],[9.32473509,45.31819162],[9.32424136,45.31886812],[9.32386722,45.3196978],[9.32495946,45.31984531],[9.32414058,45.3207605],[9.32462948,45.32112974],[9.32355003,45.32293869],[9.32176135,45.32215255],[9.32181968,45.32190819],[9.32191758,45.32152723],[9.32105044,45.32091143],[9.32054082,45.32075983],[9.31969259,45.32194139],[9.31903469,45.32293338],[9.3187059,45.32346538],[9.31852817,45.3236279],[9.31704544,45.32301994],[9.31636748,45.32271577],[9.31569475,45.32334773],[9.31508482,45.32380847],[9.31472918,45.3241137],[9.31549723,45.32454545],[9.31611112,45.32479579],[9.31656887,45.32450648],[9.31756192,45.32425168],[9.31811994,45.32432171],[9.31702652,45.32551656],[9.31784781,45.32600491],[9.31609748,45.32679413],[9.31498425,45.32623912],[9.31438587,45.32648381],[9.31308109,45.32590231],[9.31301271,45.32600789],[9.3126253,45.32655165],[9.31086388,45.32646644],[9.30984758,45.3271533],[9.30909608,45.32789339],[9.3079043,45.32883282],[9.30683669,45.32962779],[9.30551659,45.33064849],[9.30436068,45.33165072],[9.30361164,45.33238182],[9.30310464,45.33303126],[9.30290274,45.33346387],[9.30281437,45.33364414],[9.30265035,45.33399562],[9.29942347,45.33462638],[9.30030961,45.33533021],[9.29997386,45.33550205],[9.29870542,45.33631727],[9.30153793,45.33841372],[9.30413386,45.34033485],[9.30717342,45.3426182],[9.30762539,45.34301966],[9.30840693,45.34355763],[9.30970142,45.34452626],[9.31050301,45.34507766],[9.31075041,45.34525365],[9.31132876,45.34566501],[9.31237932,45.34636425],[9.31280536,45.34665954],[9.31293347,45.34674062],[9.31296726,45.34676182],[9.31348126,45.34711733],[9.31473749,45.34806801],[9.31544588,45.34864922],[9.31608241,45.34917147],[9.31697886,45.34968206],[9.31723556,45.34993339],[9.31732925,45.3499973],[9.31736025,45.35001845],[9.31890058,45.35118892],[9.3198252,45.35187944],[9.319968,45.35198515],[9.31999922,45.35200824],[9.32011707,45.35208379],[9.32070236,45.35249357],[9.32091535,45.35265232],[9.32108137,45.35277605],[9.32164239,45.35180877],[9.32172535,45.35166707],[9.32173113,45.35156435],[9.32174835,45.35121694],[9.3218221,45.35103677],[9.32186653,45.35092753],[9.3218911,45.35087078],[9.32192275,45.35079098],[9.32195491,45.35071726],[9.3219655,45.35068993]]]}},{"type":"Feature","properties":{"name":"Cervignano d'Adda","istat_code":"098018","source":"ISTAT - Confini amministrativi 2022 non generalizzati, Comuni WGS84 / UTM Zone 32N","source_url":"https://www.istat.it/storage/cartografia/confini_amministrativi/non_generalizzati/Limiti01012022.zip"},"geometry":{"type":"Polygon","coordinates":[[[9.41207646,45.38513164],[9.41313533,45.38494778],[9.41422106,45.38494385],[9.41544888,45.38515542],[9.41581844,45.38503705],[9.41582659,45.38440695],[9.41587194,45.38362367],[9.41642012,45.38347766],[9.4164672,45.38292841],[9.41695149,45.38278262],[9.41708802,45.38224204],[9.41647408,45.38212727],[9.41616522,45.38181335],[9.41646747,45.38122716],[9.41828236,45.38138257],[9.41867918,45.38149812],[9.41851864,45.38224582],[9.41983649,45.38254702],[9.42110166,45.38263238],[9.42130461,45.3824426],[9.42158186,45.3819375],[9.42288395,45.38185416],[9.4241632,45.38209898],[9.42484204,45.38234848],[9.42537162,45.38142839],[9.42576919,45.37994169],[9.42589489,45.37967119],[9.42681555,45.37981176],[9.427245,45.37917107],[9.43000632,45.37950276],[9.43142602,45.37975844],[9.43185909,45.3796038],[9.43214724,45.37886459],[9.43291394,45.3789157],[9.43370602,45.3789397],[9.43404362,45.37799328],[9.43446711,45.37658748],[9.43452455,45.37575013],[9.43523932,45.37569341],[9.43537084,45.37618798],[9.43664769,45.3761471],[9.43676049,45.37586762],[9.43775693,45.37589983],[9.43791328,45.37464804],[9.43802124,45.37350247],[9.4382347,45.37326961],[9.43924197,45.37305872],[9.43946668,45.37239176],[9.43953983,45.37194141],[9.43965028,45.37136491],[9.44046897,45.37154179],[9.4401948,45.37241596],[9.44010995,45.37300137],[9.44007659,45.37364058],[9.44148354,45.3739142],[9.44228874,45.37399209],[9.44260449,45.3735408],[9.44420082,45.3735346],[9.44411792,45.37273381],[9.44419963,45.37175237],[9.44456581,45.37121986],[9.44524121,45.3710372],[9.44610993,45.37107883],[9.44672532,45.37138245],[9.44763136,45.3712979],[9.44882126,45.37158127],[9.44923312,45.37198472],[9.45002736,45.37229662],[9.45056101,45.37195248],[9.45067331,45.37161898],[9.45115484,45.37114903],[9.45126498,45.3705455],[9.45043237,45.37022475],[9.44852915,45.37016922],[9.44791363,45.3698476],[9.44650455,45.36929502],[9.44560532,45.36861444],[9.44509049,45.36810338],[9.44389998,45.36772996],[9.44366823,45.36748782],[9.44340984,45.36710176],[9.44247824,45.3671774],[9.44217009,45.36696256],[9.44180575,45.36609085],[9.44169979,45.36586735],[9.44153314,45.36551582],[9.44152649,45.36466072],[9.44122762,45.36399578],[9.44095836,45.36385279],[9.44007692,45.36380219],[9.43854512,45.36386208],[9.43805845,45.36367494],[9.43756048,45.36367685],[9.43737062,45.36389359],[9.43691096,45.36389535],[9.43605458,45.3634679],[9.43596242,45.3634219],[9.43516934,45.36323592],[9.43400665,45.36314131],[9.43412339,45.36170967],[9.43206617,45.36151044],[9.43203033,45.36183462],[9.43171777,45.36270894],[9.43087683,45.36294614],[9.42971445,45.36288751],[9.4289101,45.36259648],[9.42860816,45.3623735],[9.42833968,45.36228306],[9.42780813,45.3622644],[9.427364,45.36218642],[9.42707059,45.36211967],[9.42652172,45.36202438],[9.42613219,45.36197274],[9.42581053,45.36189773],[9.42574907,45.36185227],[9.42496931,45.3618251],[9.42480839,45.3625008],[9.42462277,45.36329361],[9.4240443,45.36448392],[9.42359702,45.36443159],[9.42266208,45.36405699],[9.42229226,45.36412137],[9.42165598,45.36441176],[9.42030389,45.36460577],[9.41965357,45.36475696],[9.41956342,45.36476026],[9.41915521,45.36475354],[9.41866564,45.36478274],[9.41823844,45.36483637],[9.41792459,45.36497452],[9.41773444,45.36501906],[9.4176421,45.36514819],[9.417593,45.36518706],[9.41694969,45.36515813],[9.41612306,45.36511018],[9.41608684,45.36545148],[9.41616005,45.36596526],[9.41583548,45.36600197],[9.41533779,45.36595641],[9.41516882,45.3659455],[9.41513383,45.36654194],[9.41525763,45.36775666],[9.41546926,45.36875505],[9.41523179,45.36945801],[9.41488338,45.37071046],[9.41462106,45.37151252],[9.41477995,45.37228605],[9.41472374,45.37333041],[9.4150386,45.37447241],[9.4151461,45.37520113],[9.41450173,45.37615761],[9.41395795,45.37689768],[9.41386073,45.37722158],[9.41344673,45.37860077],[9.41345453,45.37967149],[9.41329535,45.37995405],[9.41316716,45.38038644],[9.41297167,45.38119548],[9.41274914,45.38189971],[9.41240013,45.38248337],[9.41213722,45.38284168],[9.41213925,45.38289756],[9.41185164,45.38336039],[9.41171877,45.3834954],[9.41118855,45.38403413],[9.41063259,45.38464701],[9.40988442,45.38532227],[9.40965769,45.38545266],[9.40955327,45.38547409],[9.40941079,45.3856903],[9.40905741,45.38598764],[9.40885212,45.38616037],[9.40920013,45.38659117],[9.40989884,45.3860576],[9.41070006,45.38556864],[9.41207646,45.38513164]]]}},{"type":"Feature","properties":{"name":"Colturano","istat_code":"015082","source":"ISTAT - Confini amministrativi 2022 non generalizzati, Comuni WGS84 / UTM Zone 32N","source_url":"https://www.istat.it/storage/cartografia/confini_amministrativi/non_generalizzati/Limiti01012022.zip"},"geometry":{"type":"Polygon","coordinates":[[[9.33958808,45.38762948],[9.33991968,45.38753848],[9.34121114,45.38775066],[9.34132447,45.38748027],[9.34152773,45.38729064],[9.3421281,45.38728884],[9.34231851,45.38709025],[9.34237891,45.38651398],[9.34257969,45.38591929],[9.34280782,45.38562157],[9.34390604,45.38556426],[9.34443045,45.3856797],[9.34480536,45.38579972],[9.34490399,45.3858313],[9.34532598,45.38590203],[9.34612403,45.38689875],[9.34652228,45.3872666],[9.34748021,45.38724568],[9.34856466,45.38702636],[9.34896927,45.38635001],[9.34906996,45.38610668],[9.34952748,45.38572722],[9.34983288,45.38553726],[9.35011456,45.38564443],[9.35031005,45.3862739],[9.35038943,45.38671472],[9.35212207,45.38597129],[9.35356303,45.38557079],[9.35454279,45.38547099],[9.35493211,45.38543162],[9.35512043,45.38541294],[9.35541834,45.38535868],[9.35554788,45.38533509],[9.35635812,45.38519305],[9.35705826,45.3848128],[9.35746576,45.38461351],[9.35792662,45.38477408],[9.35828468,45.38483597],[9.35899971,45.38478873],[9.35948556,45.3848592],[9.36033087,45.38521659],[9.36056182,45.38537788],[9.36103503,45.3854664],[9.3613189,45.38591556],[9.3614354,45.38615824],[9.36127131,45.38646479],[9.36222962,45.38650677],[9.36299593,45.38648633],[9.36420901,45.38641945],[9.36431879,45.385609],[9.36312832,45.38521672],[9.36242502,45.38510195],[9.36236973,45.38444503],[9.36259493,45.38370621],[9.36261553,45.38293204],[9.36253762,45.38273426],[9.36148951,45.38262056],[9.36086073,45.38247884],[9.36080066,45.38246461],[9.3606902,45.38243845],[9.36062201,45.3824223],[9.36053531,45.38240176],[9.36043472,45.3823139],[9.36018185,45.3823147],[9.36012772,45.38217412],[9.3599279,45.3821466],[9.35991363,45.3819965],[9.3599265,45.38184931],[9.35896779,45.38185871],[9.35900342,45.38120584],[9.35905129,45.38032885],[9.35908996,45.38013167],[9.35907207,45.37940914],[9.35904446,45.3792497],[9.35804832,45.37939095],[9.3578673,45.37941853],[9.35669345,45.37961123],[9.35601761,45.37953232],[9.35578594,45.37950603],[9.35561184,45.37822594],[9.35555832,45.37783251],[9.35554132,45.37715747],[9.35555132,45.37671637],[9.35554941,45.37641035],[9.35428066,45.37635128],[9.35413133,45.37634273],[9.3538983,45.37583939],[9.35335166,45.37624613],[9.35276457,45.37631096],[9.35201962,45.37632942],[9.35193421,45.37633151],[9.3516399,45.37631699],[9.35161691,45.37643482],[9.35158745,45.37658569],[9.35097901,45.3765161],[9.35097801,45.37635373],[9.3509237,45.37635611],[9.35012133,45.3763911],[9.34999844,45.37717459],[9.34975732,45.37742737],[9.34936917,45.3775842],[9.34928594,45.37761784],[9.34885094,45.37749315],[9.3484528,45.3771343],[9.34787508,45.37665],[9.34742626,45.37635433],[9.34696445,45.37602269],[9.34648868,45.37549305],[9.34559249,45.37513572],[9.34468464,45.37495843],[9.34429983,45.37468055],[9.34425763,45.37404158],[9.34448516,45.37365385],[9.34439341,45.37326707],[9.34355009,45.3731976],[9.34316655,45.37312675],[9.34252535,45.37268761],[9.34219147,45.37238256],[9.34222531,45.37164435],[9.34211952,45.3710416],[9.34147743,45.37044943],[9.34063149,45.36992989],[9.33971014,45.36961759],[9.33854653,45.36936001],[9.33758633,45.36894879],[9.33640889,45.36851119],[9.33622637,45.36845438],[9.33619187,45.36844364],[9.33592194,45.3683596],[9.33514235,45.36811887],[9.33397908,45.36791524],[9.33346847,45.36794374],[9.33308587,45.36802585],[9.33305908,45.36818704],[9.33297464,45.36846741],[9.33296107,45.3685213],[9.33287501,45.36908864],[9.33268658,45.36962025],[9.33308639,45.37029418],[9.33302861,45.37065323],[9.33301248,45.37075347],[9.33266039,45.37085891],[9.33237508,45.37094435],[9.33144279,45.37093805],[9.33033194,45.37096827],[9.32984797,45.3711947],[9.3295959,45.37177151],[9.32942265,45.37272615],[9.32936477,45.37375246],[9.32906601,45.37415654],[9.32903703,45.37419573],[9.3289846,45.37426663],[9.32863148,45.37450147],[9.32836905,45.37467601],[9.32799229,45.37492658],[9.32790265,45.37571894],[9.32643831,45.37606069],[9.32633148,45.37610028],[9.32593803,45.37624613],[9.32582656,45.37628747],[9.3265049,45.37653757],[9.32682502,45.37668066],[9.32656018,45.37726652],[9.32568293,45.37782709],[9.32483206,45.37867563],[9.3241861,45.3796226],[9.3237193,45.38049704],[9.32248346,45.38104062],[9.32171945,45.38145683],[9.32149408,45.38211456],[9.32170425,45.38314012],[9.3216456,45.38405839],[9.32117757,45.38486984],[9.32117041,45.38586],[9.32126232,45.38630079],[9.32121665,45.38712003],[9.32424589,45.38757053],[9.32417148,45.3879578],[9.32594745,45.38815978],[9.32681656,45.3882383],[9.32788758,45.38760965],[9.32833104,45.38712231],[9.32857236,45.38687858],[9.32910871,45.38685003],[9.33011972,45.38717115],[9.33100116,45.38717762],[9.3317686,45.38734641],[9.33311088,45.38751352],[9.3344657,45.38764459],[9.33538625,45.38777691],[9.33591018,45.38781137],[9.33656242,45.38793547],[9.33674641,45.38797878],[9.33735553,45.38812216],[9.33892783,45.38829752],[9.33915582,45.3879728],[9.33958808,45.38762948]]]}},{"type":"Feature","properties":{"name":"Comazzo","istat_code":"098020","source":"ISTAT - Confini amministrativi 2022 non generalizzati, Comuni WGS84 / UTM Zone 32N","source_url":"https://www.istat.it/storage/cartografia/confini_amministrativi/non_generalizzati/Limiti01012022.zip"},"geometry":{"type":"Polygon","coordinates":[[[9.43764861,45.46971069],[9.43769165,45.46969251],[9.43775255,45.4699173],[9.43855652,45.46966219],[9.43919523,45.46954273],[9.43967367,45.46939858],[9.44016161,45.46889092],[9.44051045,45.46823132],[9.44056737,45.46822328],[9.44086326,45.46843815],[9.44135216,45.46858929],[9.44201054,45.46873977],[9.44243305,45.46878313],[9.44284652,45.46879954],[9.44313021,45.46878043],[9.44347044,45.46873411],[9.44377788,45.4686834],[9.44394065,45.46864227],[9.44426297,45.46845199],[9.44455834,45.46849586],[9.44541414,45.4683305],[9.44599126,45.46851726],[9.44672311,45.46885645],[9.44738874,45.46890786],[9.44755747,45.46921322],[9.44813717,45.46912557],[9.44864184,45.46872269],[9.44920242,45.4686487],[9.44976872,45.46907852],[9.45010374,45.46938325],[9.45087441,45.46930894],[9.45100898,45.46900162],[9.45120584,45.46876507],[9.45197133,45.46856577],[9.45301893,45.46829158],[9.45356752,45.46840642],[9.45462535,45.4682906],[9.45536761,45.46800811],[9.4552995,45.46743642],[9.45512255,45.46687534],[9.45542155,45.46670683],[9.45647301,45.46701768],[9.45749867,45.46730161],[9.45835548,45.4669869],[9.45866705,45.46625279],[9.45850772,45.46553335],[9.45831226,45.46509307],[9.45781289,45.46503207],[9.45756833,45.46484402],[9.45739978,45.46456566],[9.45688683,45.46440569],[9.45660289,45.46409178],[9.45608784,45.46367079],[9.45538222,45.46341258],[9.45522995,45.46274348],[9.45556719,45.46255673],[9.4561183,45.46268956],[9.45697654,45.46225805],[9.4576693,45.4615132],[9.45805736,45.46046751],[9.4584568,45.45925075],[9.45899836,45.45821345],[9.4591305,45.45715978],[9.45940507,45.45632158],[9.46012454,45.45514852],[9.46074308,45.45414691],[9.46100333,45.45365904],[9.46220885,45.4535379],[9.46191022,45.45455625],[9.46399459,45.45529262],[9.46494622,45.45359882],[9.46578787,45.45175015],[9.46612197,45.45038962],[9.46631853,45.44996682],[9.46728321,45.45008782],[9.46789098,45.4501472],[9.46825592,45.45018285],[9.4691792,45.45036249],[9.46933615,45.44953801],[9.47055102,45.44938284],[9.47053914,45.44870305],[9.47161512,45.44815277],[9.47258575,45.44800475],[9.47477361,45.44813969],[9.47665519,45.44834788],[9.47829306,45.44846706],[9.47990488,45.4485323],[9.48145332,45.4486608],[9.48239983,45.44868381],[9.48303875,45.44862711],[9.48337152,45.44866171],[9.4839083,45.44868799],[9.48387542,45.44776846],[9.48375049,45.44764747],[9.48299859,45.44691705],[9.48239137,45.44636716],[9.48201916,45.44603007],[9.48162735,45.44554368],[9.48134714,45.4451958],[9.4809172,45.4442615],[9.48093083,45.44420444],[9.48104056,45.44374515],[9.48115182,45.44327938],[9.48178439,45.44248462],[9.483109,45.44187595],[9.48450122,45.44169902],[9.48538591,45.4419833],[9.4861777,45.44187192],[9.48709576,45.44157098],[9.48779184,45.4407399],[9.48800265,45.44051939],[9.48836208,45.44014337],[9.48867309,45.43914292],[9.48867694,45.43810778],[9.4885191,45.43759538],[9.48746693,45.43715882],[9.48672138,45.43716817],[9.48638028,45.43717245],[9.48579549,45.4371064],[9.48568921,45.43709439],[9.48564403,45.43701699],[9.48541671,45.43662748],[9.48559662,45.43631891],[9.48589548,45.43580633],[9.48622365,45.43530987],[9.4861829,45.43503101],[9.48579611,45.4346546],[9.48575306,45.43410571],[9.48528995,45.43377464],[9.48467517,45.43364224],[9.48431421,45.43329272],[9.48471282,45.43206686],[9.48497542,45.43138166],[9.4849571,45.43073366],[9.4843649,45.43025011],[9.4833269,45.42995746],[9.48248427,45.43008704],[9.48165305,45.43005454],[9.48093305,45.42957152],[9.48048084,45.42900634],[9.48033586,45.42849388],[9.48050963,45.42788107],[9.47992001,45.42769453],[9.47963834,45.4276417],[9.47911342,45.42754489],[9.47792333,45.42739687],[9.47609409,45.42725148],[9.47377974,45.42718009],[9.47321091,45.42720261],[9.4729485,45.42717616],[9.47200628,45.42709736],[9.47196647,45.42709489],[9.47046563,45.42700118],[9.46945546,45.42693149],[9.46936938,45.42692556],[9.46931694,45.42692194],[9.4691982,45.42691371],[9.46907191,45.42690752],[9.46897108,45.42690258],[9.46885885,45.42689709],[9.46821385,45.4268804],[9.46803448,45.42687577],[9.46794021,45.42686546],[9.46781922,45.42685224],[9.46771949,45.42684683],[9.46599516,45.42675142],[9.46595176,45.42674901],[9.46591463,45.42674544],[9.46547363,45.42670289],[9.46446883,45.42659794],[9.46407036,45.42657364],[9.46393232,45.42655215],[9.46309206,45.4264213],[9.4624332,45.42632463],[9.46194699,45.42615742],[9.46075229,45.42543315],[9.45965922,45.42462745],[9.45883452,45.42381165],[9.4584867,45.42347284],[9.45803798,45.42303575],[9.45799708,45.42299591],[9.45714228,45.42296494],[9.4565975,45.42295689],[9.45517836,45.42293588],[9.45508701,45.42331846],[9.45495221,45.42425023],[9.45492953,45.42436281],[9.45462031,45.42589878],[9.45522419,45.42628343],[9.45499859,45.42684239],[9.45480008,45.42759029],[9.45460594,45.42888723],[9.45322523,45.42887472],[9.45295421,45.42913054],[9.45271687,45.43027189],[9.4498574,45.42995917],[9.44965867,45.43049103],[9.44938487,45.43142822],[9.44828476,45.43134253],[9.44813362,45.43163116],[9.44817746,45.43232409],[9.447869,45.43353144],[9.44850899,45.43362796],[9.44869704,45.43375333],[9.44890136,45.43384815],[9.44902145,45.43401499],[9.44897207,45.43420638],[9.44874096,45.43501396],[9.44867821,45.43565954],[9.44833249,45.43699338],[9.44823374,45.43737618],[9.44796492,45.43771186],[9.44776512,45.43819067],[9.44775013,45.43844169],[9.44744663,45.4386819],[9.44724539,45.43917772],[9.44714979,45.43941325],[9.44705552,45.43964545],[9.44684311,45.44020003],[9.44673286,45.44048783],[9.4467048,45.44057274],[9.44666437,45.44069453],[9.446572,45.44097285],[9.44802732,45.44255632],[9.44805632,45.44258786],[9.44925005,45.44388666],[9.44940329,45.44405332],[9.44960431,45.44427202],[9.45072644,45.44548276],[9.45125982,45.44652479],[9.45110362,45.44778557],[9.45107502,45.44900985],[9.45129456,45.44918],[9.4536945,45.44930506],[9.45296897,45.45174847],[9.45286619,45.45185577],[9.45283001,45.45187098],[9.45235442,45.45289129],[9.45231413,45.45299575],[9.45227439,45.45308008],[9.45191467,45.45387307],[9.45186427,45.45398417],[9.45174855,45.45418446],[9.45169519,45.45429155],[9.4516197,45.45441755],[9.45074471,45.4541821],[9.4501661,45.45401779],[9.45011471,45.45400758],[9.4496356,45.45391248],[9.44921477,45.45341733],[9.44905561,45.45324023],[9.44903288,45.45321492],[9.44835339,45.45309373],[9.44810605,45.45304961],[9.44771591,45.4529685],[9.44776535,45.45289433],[9.44797101,45.45262336],[9.44799706,45.45258907],[9.44765577,45.45254436],[9.44641854,45.45238229],[9.44621898,45.45248536],[9.44525922,45.45230908],[9.4446675,45.45221494],[9.44444705,45.45219854],[9.44435051,45.45244656],[9.4443334,45.45251239],[9.44430213,45.45263261],[9.44421063,45.45306158],[9.44418474,45.45318294],[9.44403701,45.45416367],[9.44394034,45.45459858],[9.44378538,45.4552958],[9.44308261,45.45527631],[9.44265321,45.45526441],[9.44202693,45.45526949],[9.4409808,45.45527796],[9.44072478,45.45456795],[9.44026523,45.45395765],[9.44025508,45.45388568],[9.44020287,45.45354383],[9.44001534,45.45322559],[9.43968243,45.45285988],[9.43858027,45.45186103],[9.43751365,45.45095988],[9.43824553,45.45047297],[9.43758355,45.44983193],[9.43762966,45.44959321],[9.43766232,45.44906203],[9.43781319,45.4487284],[9.43825909,45.44851065],[9.43838495,45.44824914],[9.43834275,45.44775425],[9.43829738,45.44768511],[9.4381198,45.44746038],[9.43790247,45.44721198],[9.43767582,45.44698924],[9.43751935,45.4467816],[9.43744283,45.44675172],[9.43720896,45.44666044],[9.43682867,45.44649999],[9.43622012,45.44648701],[9.43614275,45.44648187],[9.43566246,45.44665735],[9.43483889,45.4470928],[9.43462638,45.4472441],[9.43441373,45.44737867],[9.4341296,45.44748007],[9.43385212,45.44762032],[9.43146585,45.44453829],[9.43036697,45.4436864],[9.43000331,45.44341143],[9.429334,45.44326133],[9.42892827,45.44317034],[9.42857771,45.44309172],[9.42849318,45.44310286],[9.42836907,45.44311839],[9.42761176,45.44304231],[9.42686527,45.44301481],[9.42671936,45.44332865],[9.42624396,45.44381242],[9.42592852,45.44433578],[9.42572659,45.4447864],[9.42574022,45.44508357],[9.42584475,45.44533223],[9.4258465,45.44556517],[9.42578025,45.44585462],[9.42525543,45.44584052],[9.4243766,45.44577149],[9.42277672,45.44537575],[9.4220098,45.4450029],[9.42192706,45.44483668],[9.42191658,45.44461169],[9.42190185,45.44445873],[9.42188103,45.44443097],[9.42142399,45.44382141],[9.4212627,45.44276886],[9.42114758,45.44114907],[9.42084311,45.43975503],[9.42017193,45.43890238],[9.41947923,45.43859888],[9.41826138,45.4381623],[9.41732565,45.43784168],[9.41712789,45.43848385],[9.41729499,45.43888592],[9.41727388,45.43948908],[9.41714079,45.44040769],[9.41687547,45.4408407],[9.41652805,45.4412411],[9.41586359,45.44164245],[9.41559223,45.44195253],[9.41557162,45.44251968],[9.41561415,45.44308659],[9.41513393,45.44386243],[9.41480387,45.44418769],[9.4147385,45.44446684],[9.41467989,45.4447192],[9.41639541,45.44500099],[9.41608542,45.44620829],[9.41784877,45.44613884],[9.41764683,45.45036899],[9.41763902,45.45053216],[9.4175321,45.45153168],[9.41819777,45.45161926],[9.41863324,45.45181569],[9.41918547,45.4521287],[9.41948307,45.45248765],[9.41967896,45.45303602],[9.42027085,45.4535199],[9.42132489,45.4542361],[9.42195585,45.45480984],[9.42240723,45.45531224],[9.42325132,45.45541713],[9.4248765,45.45553711],[9.42526145,45.45570671],[9.42534151,45.45614745],[9.42552226,45.45637181],[9.42613783,45.45659456],[9.42683086,45.456907],[9.42714112,45.4573469],[9.42735209,45.45818321],[9.42715138,45.45870604],[9.42754937,45.45890257],[9.42772041,45.459532],[9.42931007,45.46001211],[9.43160366,45.46044451],[9.43375347,45.46077841],[9.43456118,45.46102738],[9.43469276,45.46150394],[9.43448021,45.46203582],[9.43386085,45.4630013],[9.43346901,45.46361486],[9.43300198,45.46432772],[9.43274124,45.46493628],[9.43234849,45.46585137],[9.43222249,45.46610388],[9.43167936,45.46690704],[9.43134369,45.46744388],[9.43131286,45.46749351],[9.4317097,45.46752801],[9.43284663,45.4674247],[9.43416267,45.46722168],[9.43458653,45.4674451],[9.43451447,45.46805744],[9.4342247,45.4688247],[9.43521188,45.4689189],[9.43560921,45.46901639],[9.43590244,45.46909627],[9.4359515,45.46933912],[9.43595587,45.46969915],[9.43592729,45.46993328],[9.43608292,45.47010372],[9.43616449,45.47012284],[9.43630962,45.47015685],[9.43662582,45.47010165],[9.43693345,45.47007796],[9.43722158,45.46996931],[9.43745693,45.46978297],[9.43764861,45.46971069]]]}},{"type":"Feature","properties":{"name":"Cornegliano Laudense","istat_code":"098021","source":"ISTAT - Confini amministrativi 2022 non generalizzati, Comuni WGS84 / UTM Zone 32N","source_url":"https://www.istat.it/storage/cartografia/confini_amministrativi/non_generalizzati/Limiti01012022.zip"},"geometry":{"type":"Polygon","coordinates":[[[9.47265173,45.29915494],[9.47316651,45.29827067],[9.47363564,45.29793568],[9.47454105,45.29792292],[9.47494383,45.29728215],[9.47524733,45.29706485],[9.47565514,45.29702715],[9.47595879,45.29673784],[9.47730952,45.29659718],[9.47797354,45.29653249],[9.47999949,45.29648961],[9.48003581,45.29639776],[9.47861641,45.29525104],[9.47646188,45.29286337],[9.47667845,45.29269154],[9.47692367,45.29247376],[9.47711664,45.29227205],[9.47713018,45.29210282],[9.4770391,45.29195516],[9.4769627,45.29177045],[9.47700607,45.29158522],[9.47713996,45.29148421],[9.47725967,45.29147315],[9.47749943,45.29149858],[9.47779218,45.29159252],[9.47807709,45.29164419],[9.47830881,45.29160092],[9.47839749,45.2914631],[9.47860635,45.29048416],[9.47877094,45.29047289],[9.48056888,45.29062395],[9.48029139,45.29144986],[9.48001353,45.29223347],[9.48000005,45.29241329],[9.48118572,45.29274665],[9.4815775,45.29304107],[9.48189461,45.29335694],[9.48219604,45.29358828],[9.48260244,45.29384033],[9.48273808,45.29394548],[9.48274041,45.29422039],[9.48263899,45.29461734],[9.48373218,45.29463386],[9.48585848,45.29464598],[9.48666765,45.29471655],[9.48735832,45.29494094],[9.48878328,45.29523091],[9.48920344,45.29533484],[9.49035789,45.29550965],[9.49107723,45.29558057],[9.49247032,45.2956433],[9.492496,45.29529951],[9.4926072,45.29488496],[9.49285834,45.29452383],[9.49306735,45.29362279],[9.4937049,45.29361104],[9.49370968,45.29356899],[9.49378784,45.29288156],[9.49431239,45.29170011],[9.49463909,45.2911406],[9.49461978,45.29038457],[9.49434276,45.28932361],[9.49420351,45.288064],[9.49430794,45.28687537],[9.49437436,45.28571391],[9.49460153,45.28553289],[9.49535428,45.28558364],[9.4963494,45.28564233],[9.49750452,45.28513322],[9.49844682,45.2849851],[9.49845712,45.284706],[9.4985171,45.28427366],[9.49889495,45.28383096],[9.49991342,45.28396477],[9.50371055,45.2839331],[9.50335513,45.27972419],[9.50358819,45.2796932],[9.5034075,45.27845033],[9.50369016,45.27843606],[9.50584306,45.27832302],[9.50591652,45.27798065],[9.50568257,45.2774776],[9.5047749,45.27711257],[9.50394391,45.27685518],[9.50334369,45.27674082],[9.50323937,45.27669238],[9.50295962,45.27656248],[9.50281175,45.27569899],[9.50269433,45.27503023],[9.50259698,45.27447575],[9.50237111,45.27353159],[9.50237744,45.27280246],[9.50224765,45.27283144],[9.50060967,45.27319728],[9.49907356,45.27375309],[9.49794385,45.2743161],[9.49771925,45.27449788],[9.49727291,45.27485911],[9.49653892,45.27548339],[9.49545019,45.27609727],[9.49504266,45.27632704],[9.49458493,45.27656582],[9.49452837,45.27659532],[9.49396386,45.27688979],[9.49368193,45.27696663],[9.49275554,45.27721906],[9.49141906,45.27747686],[9.49037678,45.27766137],[9.4892813,45.27777408],[9.48802173,45.2778965],[9.48701517,45.2779728],[9.48564009,45.27819469],[9.4844439,45.27846081],[9.48238428,45.27905462],[9.48172132,45.27929458],[9.48100036,45.27955554],[9.47946017,45.27985906],[9.47775696,45.28048728],[9.47667799,45.28086986],[9.47610511,45.28107027],[9.47516055,45.28129945],[9.47478774,45.28005316],[9.47461636,45.28023707],[9.47282974,45.28024448],[9.4727738,45.28044826],[9.47231966,45.28048337],[9.4726419,45.27929974],[9.4727131,45.27922653],[9.47246904,45.27920818],[9.46937373,45.27913887],[9.46933595,45.2789108],[9.46676615,45.27854097],[9.46626944,45.27925936],[9.46577422,45.28016159],[9.46504845,45.28140708],[9.46442938,45.28253168],[9.46414548,45.28293857],[9.46362874,45.28340978],[9.46348711,45.28365126],[9.46316636,45.28394418],[9.46300727,45.28424912],[9.46257687,45.28430157],[9.46248722,45.28431462],[9.46218433,45.28459478],[9.46179574,45.2853761],[9.46154895,45.28593497],[9.46126542,45.28639256],[9.46133867,45.28656976],[9.45701357,45.2889708],[9.4565803,45.28919478],[9.45601089,45.28938426],[9.45546297,45.2895969],[9.45538511,45.2896386],[9.45524649,45.28974718],[9.45514614,45.2899546],[9.45578285,45.28994307],[9.45712318,45.29010873],[9.45876898,45.29030018],[9.45993203,45.29043997],[9.46012105,45.29061924],[9.46044271,45.29065194],[9.46104885,45.2907126],[9.4612076,45.29072654],[9.46158787,45.29073326],[9.46191811,45.2907391],[9.46232861,45.29073176],[9.46248944,45.29072888],[9.46254409,45.29073653],[9.46255579,45.29076235],[9.4627023,45.29108543],[9.46264906,45.29228283],[9.46242998,45.29357091],[9.4622611,45.29475978],[9.46201355,45.29552018],[9.46192835,45.29560332],[9.4619084,45.29563922],[9.46184301,45.29576724],[9.4618279,45.29580973],[9.46175711,45.29600849],[9.46147534,45.29682445],[9.46165658,45.29724866],[9.46166226,45.29728551],[9.46132158,45.29751514],[9.46120634,45.29759283],[9.46116239,45.29762245],[9.46156214,45.29782336],[9.46195132,45.29801073],[9.4622716,45.29816493],[9.46264206,45.29834328],[9.46281427,45.2984262],[9.46289208,45.29846163],[9.46296911,45.29849671],[9.46320539,45.29861757],[9.4640415,45.29857167],[9.46415516,45.29859569],[9.46441819,45.29864294],[9.46567435,45.29886855],[9.46655748,45.29924301],[9.46666173,45.29951262],[9.46761983,45.29969773],[9.46865262,45.29975651],[9.47029791,45.29974974],[9.47144666,45.29985304],[9.47241458,45.29977701],[9.47265173,45.29915494]]]}},{"type":"Feature","properties":{"name":"Dresano","istat_code":"015101","source":"ISTAT - Confini amministrativi 2022 non generalizzati, Comuni WGS84 / UTM Zone 32N","source_url":"https://www.istat.it/storage/cartografia/confini_amministrativi/non_generalizzati/Limiti01012022.zip"},"geometry":{"type":"Polygon","coordinates":[[[9.37290843,45.38258385],[9.37306789,45.3815842],[9.37261647,45.38091957],[9.37258621,45.38019958],[9.37319927,45.3796655],[9.37503152,45.37913843],[9.37686924,45.37816548],[9.37844001,45.37696687],[9.37903167,45.37567773],[9.37849743,45.37408628],[9.37803336,45.37343973],[9.37704689,45.37297492],[9.3762785,45.37265341],[9.37618547,45.37210464],[9.37645871,45.37094258],[9.37696997,45.37018162],[9.37739701,45.36993133],[9.37821261,45.36968937],[9.37820016,45.36894802],[9.37109735,45.36737761],[9.36997219,45.36711894],[9.36975838,45.36706978],[9.36510213,45.36599915],[9.36450933,45.36586282],[9.36393577,45.36573092],[9.36363125,45.36565988],[9.36343838,45.36560649],[9.3633759,45.365583],[9.36281637,45.36543514],[9.36263988,45.36538652],[9.36226169,45.36528235],[9.36193252,45.36519168],[9.36131272,45.36502095],[9.36051801,45.364802],[9.35981462,45.36460822],[9.35978478,45.36471068],[9.35956464,45.36590714],[9.35940006,45.36680172],[9.35919733,45.36789251],[9.35853481,45.3678228],[9.35837776,45.36772305],[9.35826464,45.36765121],[9.35818222,45.36759886],[9.35808605,45.36753617],[9.35758646,45.3672857],[9.35752881,45.36725642],[9.35716371,45.36707098],[9.3570589,45.36707527],[9.35610752,45.36711417],[9.35577115,45.36712792],[9.35573075,45.36714006],[9.35533373,45.36848089],[9.35522318,45.36846387],[9.35367204,45.36822502],[9.35358216,45.36815989],[9.3533628,45.36800094],[9.3532061,45.36772977],[9.35299231,45.36771714],[9.35234171,45.36767869],[9.35234839,45.36875405],[9.35217058,45.36877254],[9.35204442,45.36891631],[9.35102807,45.36895527],[9.35013824,45.36890423],[9.3504017,45.36949214],[9.3505627,45.37087169],[9.35107165,45.37097766],[9.35095156,45.37210717],[9.3509813,45.37280606],[9.34996524,45.37289881],[9.34993034,45.37547979],[9.35097273,45.37553035],[9.35097801,45.37635373],[9.35097901,45.3765161],[9.35158745,45.37658569],[9.35161691,45.37643482],[9.3516399,45.37631699],[9.35193421,45.37633151],[9.35201962,45.37632942],[9.35276457,45.37631096],[9.35335166,45.37624613],[9.3538983,45.37583939],[9.35413133,45.37634273],[9.35428066,45.37635128],[9.35554941,45.37641035],[9.35555132,45.37671637],[9.35554132,45.37715747],[9.35555832,45.37783251],[9.35561184,45.37822594],[9.35578594,45.37950603],[9.35601761,45.37953232],[9.35669345,45.37961123],[9.3578673,45.37941853],[9.35804832,45.37939095],[9.35904446,45.3792497],[9.35907207,45.37940914],[9.35908996,45.38013167],[9.35905129,45.38032885],[9.35900342,45.38120584],[9.35896779,45.38185871],[9.3599265,45.38184931],[9.35991363,45.3819965],[9.3599279,45.3821466],[9.36012772,45.38217412],[9.36018185,45.3823147],[9.36043472,45.3823139],[9.36053531,45.38240176],[9.36062201,45.3824223],[9.3606902,45.38243845],[9.36080066,45.38246461],[9.36086073,45.38247884],[9.36148951,45.38262056],[9.36253762,45.38273426],[9.36261553,45.38293204],[9.36259493,45.38370621],[9.36236973,45.38444503],[9.36242502,45.38510195],[9.36312832,45.38521672],[9.36431879,45.385609],[9.36420901,45.38641945],[9.37076899,45.3874785],[9.37092909,45.38656885],[9.37309394,45.38654096],[9.37291866,45.38608532],[9.37278583,45.38531163],[9.37282825,45.38398831],[9.37290843,45.38258385]]]}},{"type":"Feature","properties":{"name":"Galgagnano","istat_code":"098027","source":"ISTAT - Confini amministrativi 2022 non generalizzati, Comuni WGS84 / UTM Zone 32N","source_url":"https://www.istat.it/storage/cartografia/confini_amministrativi/non_generalizzati/Limiti01012022.zip"},"geometry":{"type":"Polygon","coordinates":[[[9.44771766,45.36767006],[9.44922154,45.36729509],[9.44984814,45.36740965],[9.45056452,45.36756885],[9.45084587,45.36762173],[9.45120398,45.36769234],[9.45197131,45.36763529],[9.45197042,45.36752279],[9.45197121,45.36732024],[9.4510068,45.366982],[9.45059461,45.36653357],[9.45082231,45.36626264],[9.45143464,45.36618821],[9.45197058,45.36624009],[9.45276493,45.36647099],[9.45381472,45.36680886],[9.45474945,45.3671292],[9.45518492,45.36728949],[9.45547636,45.36700929],[9.45621815,45.36715033],[9.45666159,45.36671651],[9.45717047,45.36648045],[9.45764291,45.36647856],[9.45784447,45.36613569],[9.45916339,45.36658946],[9.46006283,45.36727894],[9.46048628,45.36752928],[9.46127796,45.36752608],[9.46155463,45.36700288],[9.46222671,45.36642408],[9.46283641,45.36602556],[9.46404043,45.36647973],[9.46511746,45.36701543],[9.46488025,45.36611627],[9.46476229,45.36574771],[9.46459187,45.36520832],[9.4646398,45.36482107],[9.46513468,45.364441],[9.46584719,45.36413204],[9.46667316,45.36364261],[9.4679843,45.36315117],[9.46831218,45.36265475],[9.46832946,45.36165554],[9.46848773,45.36071876],[9.46894134,45.35998779],[9.47023223,45.35860529],[9.47064698,45.35781146],[9.47056649,45.35734374],[9.46988755,45.35706749],[9.46909316,45.3567287],[9.46852512,45.35596592],[9.46905284,45.3549376],[9.46954858,45.35467453],[9.47082223,45.35430924],[9.47225069,45.35414132],[9.4731541,45.35377753],[9.47374659,45.35287495],[9.47393499,45.35256482],[9.47398939,45.35247525],[9.47421256,45.3521079],[9.47479798,45.35188944],[9.47641694,45.35169367],[9.47773249,45.35168817],[9.47899455,45.35147586],[9.48008055,45.35157931],[9.48130429,45.35136712],[9.48183442,45.35065379],[9.4810903,45.35021585],[9.47988844,45.34999588],[9.47919638,45.34967474],[9.47910077,45.34964028],[9.47811297,45.34928411],[9.47791669,45.34921334],[9.47783909,45.34918536],[9.47727885,45.34900459],[9.47721738,45.34898476],[9.47602146,45.34859886],[9.47426666,45.34788606],[9.47298351,45.34709027],[9.47144188,45.34590847],[9.47098832,45.34509121],[9.46890738,45.34505478],[9.46854131,45.34555134],[9.4678711,45.3463192],[9.46744193,45.34690604],[9.46679062,45.3468727],[9.46566689,45.34682328],[9.46432566,45.34671173],[9.46246159,45.34666528],[9.46077732,45.34675311],[9.45943652,45.3466955],[9.45905381,45.34672405],[9.4585106,45.34742831],[9.4581275,45.34741186],[9.45705375,45.34722713],[9.45614637,45.34709574],[9.45549781,45.34740436],[9.45467149,45.34783073],[9.45408323,45.34769804],[9.45330264,45.34745812],[9.45197068,45.34710784],[9.45161426,45.34703273],[9.4508592,45.34679269],[9.44973512,45.34669811],[9.44897531,45.34746619],[9.44794924,45.34846938],[9.44716304,45.34913855],[9.44580437,45.35006199],[9.44549689,45.34991918],[9.44512371,45.34954258],[9.44520029,45.34926261],[9.44562997,45.34898251],[9.44588228,45.34860349],[9.44562566,45.34843345],[9.44534396,45.34832655],[9.44510374,45.34811145],[9.44466469,45.34797814],[9.4448611,45.34759032],[9.44473696,45.34731951],[9.44467124,45.34718599],[9.44459098,45.34671825],[9.44479001,45.34605137],[9.44461949,45.34546694],[9.44417266,45.34545968],[9.44334312,45.34548092],[9.44268021,45.3455915],[9.44233986,45.34614189],[9.44143155,45.34588437],[9.44066743,45.34611235],[9.44047841,45.34642813],[9.44025058,45.34668105],[9.43978401,45.34742095],[9.43975268,45.3483212],[9.43983277,45.34877096],[9.43950409,45.34918628],[9.43880268,45.349279],[9.4386409,45.3498197],[9.43829757,45.34999204],[9.43700853,45.35003298],[9.43751165,45.35071516],[9.43715583,45.35092355],[9.43610739,45.35071152],[9.43563774,45.35106436],[9.43578259,45.35163989],[9.43652834,45.35233015],[9.43719368,45.35252563],[9.43731011,45.35272321],[9.4373765,45.35305602],[9.43707516,45.35371426],[9.43639389,45.35477002],[9.43596406,45.35532073],[9.43600558,45.35574365],[9.43624216,45.35662487],[9.4362377,45.35770504],[9.43581853,45.35798569],[9.43503472,45.35817927],[9.43426384,45.35836965],[9.43365588,45.35901105],[9.43344254,45.35949795],[9.43255246,45.35997837],[9.43206398,45.3612224],[9.43206617,45.36151044],[9.43412339,45.36170967],[9.43400665,45.36314131],[9.43516934,45.36323592],[9.43596242,45.3634219],[9.43605458,45.3634679],[9.43691096,45.36389535],[9.43737062,45.36389359],[9.43756048,45.36367685],[9.43805845,45.36367494],[9.43854512,45.36386208],[9.44007692,45.36380219],[9.44095836,45.36385279],[9.44122762,45.36399578],[9.44152649,45.36466072],[9.44153314,45.36551582],[9.44169979,45.36586735],[9.44180575,45.36609085],[9.44217009,45.36696256],[9.44247824,45.3671774],[9.44340984,45.36710176],[9.44366823,45.36748782],[9.44389998,45.36772996],[9.44509049,45.36810338],[9.44560532,45.36861444],[9.44650455,45.36929502],[9.44791363,45.3698476],[9.44737083,45.3690306],[9.44728678,45.36808581],[9.44771766,45.36767006]]]}},{"type":"Feature","properties":{"name":"Giussago","istat_code":"018072","source":"ISTAT - Confini amministrativi 2022 non generalizzati, Comuni WGS84 / UTM Zone 32N","source_url":"https://www.istat.it/storage/cartografia/confini_amministrativi/non_generalizzati/Limiti01012022.zip"},"geometry":{"type":"Polygon","coordinates":[[[9.1321639,45.30864827],[9.13323507,45.308485],[9.13445981,45.30853758],[9.13468762,45.3077722],[9.13496554,45.30662869],[9.13537274,45.30621414],[9.13636654,45.30572689],[9.13647817,45.30441255],[9.13652677,45.30340435],[9.13848181,45.3032675],[9.13787184,45.30475314],[9.13886517,45.30482187],[9.14085791,45.30494162],[9.14082942,45.30555045],[9.14073688,45.30585157],[9.14072092,45.30590349],[9.14065226,45.30612676],[9.14002796,45.30641557],[9.13991451,45.30697379],[9.13953297,45.30743333],[9.13844946,45.30774971],[9.13809727,45.30842118],[9.13830037,45.30890206],[9.1389761,45.30924328],[9.13910513,45.30983722],[9.14027893,45.30990779],[9.14106912,45.30961877],[9.14156508,45.30899707],[9.14250807,45.30859983],[9.14305463,45.30781604],[9.14423993,45.30740948],[9.14490015,45.30666153],[9.14529341,45.3058059],[9.14587967,45.30560712],[9.14692524,45.30545275],[9.14724297,45.30500228],[9.14748441,45.30465091],[9.14787918,45.30439836],[9.14797881,45.30347109],[9.14872837,45.30231794],[9.14959265,45.3016147],[9.15098084,45.30082077],[9.15131994,45.298831],[9.15167305,45.29733631],[9.1521538,45.29587744],[9.15268956,45.29591273],[9.15396527,45.29604603],[9.15561002,45.29630486],[9.15680915,45.29641123],[9.15763796,45.29634708],[9.15780549,45.29696793],[9.15805067,45.29800277],[9.15804186,45.29938913],[9.15815718,45.29960486],[9.15917772,45.29967545],[9.15931653,45.29914419],[9.15951826,45.29830676],[9.15981149,45.29827035],[9.16138018,45.29824114],[9.16209429,45.29820412],[9.16261668,45.29801435],[9.16394129,45.29794045],[9.16469055,45.29791248],[9.16459523,45.29848669],[9.16481247,45.2992894],[9.16587199,45.29959392],[9.17083436,45.29989264],[9.17102121,45.2988032],[9.17174847,45.29889212],[9.1735476,45.29915044],[9.17519375,45.29942698],[9.17675036,45.29960461],[9.17803675,45.29941358],[9.17838606,45.29915249],[9.17873658,45.2988814],[9.17927854,45.2981929],[9.17891206,45.29789999],[9.17859132,45.29729739],[9.17834762,45.2968657],[9.17816766,45.29640691],[9.17810255,45.29598395],[9.17822874,45.29555168],[9.17832951,45.29515547],[9.17829044,45.29489449],[9.17766523,45.29479645],[9.17723136,45.29471611],[9.17692502,45.29463556],[9.17659305,45.29451007],[9.17643885,45.29413225],[9.17639978,45.29387127],[9.17624619,45.29370047],[9.17597807,45.29360187],[9.17584906,45.293116],[9.1759501,45.29280079],[9.17630696,45.29272823],[9.17705964,45.29281708],[9.1775702,45.29295131],[9.17814446,45.29307644],[9.17856518,45.29303076],[9.17860402,45.2929805],[9.17862254,45.29295653],[9.17878108,45.29275139],[9.17889414,45.29220213],[9.1790449,45.29148178],[9.17918328,45.29087846],[9.17933465,45.29034715],[9.17956246,45.28979769],[9.17977754,45.28925729],[9.17990322,45.288681],[9.17990943,45.28863905],[9.18000312,45.28800572],[9.18001356,45.2872766],[9.18002325,45.28669148],[9.17998283,45.28599845],[9.17994292,45.28547642],[9.17985184,45.28490047],[9.17977345,45.28430652],[9.17974671,45.2839195],[9.17978403,45.28362238],[9.17982133,45.28357568],[9.17987431,45.28350934],[9.17999995,45.28335201],[9.18030531,45.2831445],[9.18071314,45.28308084],[9.18130004,45.28319692],[9.18315055,45.28370705],[9.18355855,45.2836974],[9.18395235,45.28324669],[9.1840389,45.28240943],[9.18425353,45.28175197],[9.18440496,45.28126565],[9.18448013,45.28085146],[9.1846434,45.28045514],[9.18492267,45.28007663],[9.18512481,45.27950021],[9.18531421,45.27893281],[9.18550301,45.27818539],[9.1855526,45.27775323],[9.18566644,45.27747402],[9.18592106,45.27736558],[9.18638009,45.27737384],[9.18689074,45.27758003],[9.18831968,45.27788374],[9.18918718,45.27804433],[9.19011869,45.27827682],[9.19071837,45.27841083],[9.19162414,45.27857134],[9.19237665,45.2786511],[9.19305098,45.27870396],[9.19367573,45.27871191],[9.19418576,45.27872004],[9.19463689,45.27852099],[9.19484657,45.27808881],[9.19502365,45.27767444],[9.19593048,45.27444138],[9.19614458,45.27367591],[9.19632188,45.27333354],[9.19644822,45.27300026],[9.19035269,45.27199344],[9.18479201,45.27124644],[9.17745978,45.27019591],[9.17762165,45.269846],[9.17778899,45.26948428],[9.1780793,45.26855668],[9.17833125,45.26772816],[9.17848271,45.26725084],[9.17863363,45.26659349],[9.17883559,45.26596309],[9.17921575,45.26536839],[9.17941782,45.26489999],[9.17947945,45.2642338],[9.17937555,45.26362187],[9.17910559,45.26289317],[9.1787338,45.26220963],[9.17833653,45.26152615],[9.17785007,45.2608518],[9.17699521,45.26017802],[9.17624101,45.25958509],[9.175845,45.25929765],[9.17557596,45.25884799],[9.17545982,45.2583891],[9.17540713,45.25783109],[9.17530396,45.25743519],[9.17513738,45.2571474],[9.17470255,45.25665299],[9.1736549,45.25580844],[9.17327176,45.25541297],[9.17296534,45.25523339],[9.17262093,45.2551349],[9.17213628,45.25500961],[9.17239882,45.25333495],[9.17292473,45.25038168],[9.17308962,45.24960279],[9.17339548,45.24961584],[9.17354554,45.24867045],[9.17362033,45.24813024],[9.17328916,45.24817577],[9.1726397,45.24831177],[9.17234681,45.24838422],[9.1716335,45.24847531],[9.17134056,45.24852976],[9.17090761,45.24862943],[9.1701286,45.24807249],[9.17136129,45.24694547],[9.1711441,45.24675676],[9.17077389,45.24653228],[9.17037787,45.24619982],[9.16974054,45.24612876],[9.16889319,45.24613902],[9.16841714,45.24674282],[9.16831574,45.246932],[9.16816417,45.2473823],[9.16812695,45.24772439],[9.16802588,45.24802161],[9.16777181,45.24829202],[9.16742817,45.24842754],[9.16705857,45.24841009],[9.16734998,45.24784256],[9.1666879,45.24803256],[9.16657386,45.24824877],[9.16634679,45.24862715],[9.16615647,45.24891547],[9.16592806,45.24924887],[9.16558501,45.24959143],[9.16526674,45.2496999],[9.16476989,45.24974562],[9.16442584,45.24975513],[9.16412007,45.24978255],[9.16368697,45.24983719],[9.16313953,45.25001801],[9.1624647,45.250217],[9.16173232,45.25034406],[9.16118973,45.25041684],[9.1567951,45.25065699],[9.15381525,45.25120351],[9.15130652,45.25166357],[9.15132007,45.25196059],[9.15141081,45.25253656],[9.15148914,45.25324757],[9.15166972,45.25405746],[9.15177365,45.25480445],[9.15190305,45.2555334],[9.1519819,45.25642443],[9.15200966,45.25727953],[9.15216497,45.25816148],[9.15217956,45.25885456],[9.15223195,45.25938558],[9.1519731,45.25989899],[9.15192769,45.25998908],[9.15159624,45.25997151],[9.1508182,45.25975652],[9.15015668,45.25963137],[9.14927688,45.25948849],[9.14861364,45.25930932],[9.14792502,45.2591662],[9.14728719,45.25895099],[9.14573108,45.25848492],[9.14431534,45.25808165],[9.14214757,45.25764329],[9.141515,45.25758234],[9.14093156,45.25752609],[9.14021106,45.25745665],[9.13684551,45.25709168],[9.13590227,45.25704779],[9.13569995,45.25772314],[9.13324093,45.257537],[9.13329538,45.25902219],[9.1310003,45.25862879],[9.13071097,45.26028537],[9.13308225,45.26054367],[9.13239822,45.26236276],[9.13377476,45.26235216],[9.13333387,45.26458504],[9.13260051,45.26713329],[9.13331303,45.26656539],[9.13544238,45.2668149],[9.13430447,45.27076789],[9.13533759,45.2710007],[9.13448469,45.27150579],[9.13411484,45.27145221],[9.13382184,45.27153358],[9.13350367,45.27175898],[9.13305823,45.27208355],[9.13271374,45.27196693],[9.13216611,45.27185056],[9.13164655,45.27320137],[9.13134031,45.2730757],[9.13104688,45.27298602],[9.13063876,45.27291448],[9.13001427,45.27281618],[9.12959339,45.27274463],[9.12909641,45.27283521],[9.12896968,45.2731594],[9.12881752,45.27352864],[9.12869094,45.27393385],[9.12853904,45.2744111],[9.12839997,45.27492434],[9.12823538,45.27543761],[9.12804561,45.27608592],[9.12796987,45.27642806],[9.12785692,45.2772203],[9.12767625,45.27713555],[9.12751232,45.27705866],[9.12725857,45.27725697],[9.12701805,45.27802236],[9.12231108,45.27656027],[9.12219681,45.27695646],[9.12209545,45.27726261],[9.12193057,45.27765886],[9.12172757,45.27812714],[9.12149958,45.27864947],[9.1212844,45.27918979],[9.12103096,45.27992818],[9.1206885,45.28076567],[9.12038474,45.28182815],[9.12006825,45.28271962],[9.11973845,45.28353009],[9.11948472,45.28415147],[9.11939098,45.28437715],[9.11919293,45.28485386],[9.11895225,45.28542121],[9.11888681,45.28562155],[9.11878753,45.28592546],[9.11861034,45.28656475],[9.1183972,45.28725051],[9.11836968,45.28733912],[9.11800175,45.28823964],[9.1174052,45.28959947],[9.11678419,45.29127436],[9.11560436,45.29411101],[9.1152399,45.29488675],[9.11470314,45.29602922],[9.11370129,45.29867662],[9.1130931,45.3004955],[9.11286493,45.30120683],[9.11281257,45.30134312],[9.11240811,45.30239546],[9.11174805,45.30381834],[9.11149454,45.3046377],[9.11079959,45.3069357],[9.11114194,45.30696941],[9.11245514,45.30662608],[9.11339891,45.30653513],[9.11419025,45.30677737],[9.11477698,45.30674977],[9.11526157,45.30667728],[9.11557365,45.30667696],[9.11534228,45.30744293],[9.11579416,45.307558],[9.11564741,45.30823413],[9.11503502,45.30818973],[9.11469575,45.30902787],[9.11587911,45.30926005],[9.1161185,45.30837767],[9.11699589,45.30849339],[9.11679874,45.30966447],[9.11817552,45.3099418],[9.11859213,45.30987974],[9.11870841,45.30978267],[9.11882092,45.30971631],[9.11890848,45.30967902],[9.11898288,45.3096604],[9.11908826,45.30961999],[9.11920082,45.30957681],[9.11931763,45.30956056],[9.11948709,45.30955664],[9.11963729,45.30955317],[9.11979212,45.3095232],[9.11987655,45.30949993],[9.1199844,45.30944682],[9.12005003,45.30940701],[9.12008586,45.30935888],[9.12012455,45.30927834],[9.12020227,45.30908244],[9.12035201,45.30877856],[9.12050728,45.30857556],[9.12071064,45.30845703],[9.12092758,45.30826664],[9.121,45.30818741],[9.1213799,45.30777175],[9.12177421,45.30734031],[9.12189384,45.30727259],[9.12202555,45.30725552],[9.12223616,45.30722823],[9.12238462,45.30714527],[9.1226119,45.30701825],[9.12274328,45.30684908],[9.12283863,45.30662924],[9.12289836,45.30656156],[9.12289768,45.30653112],[9.12282345,45.30648542],[9.12274157,45.30643391],[9.12263388,45.30637027],[9.12253626,45.30632451],[9.12257236,45.30622628],[9.12278105,45.30568084],[9.12426654,45.30590046],[9.12433232,45.30591019],[9.12581352,45.3061881],[9.12578066,45.30634633],[9.12561038,45.30716624],[9.12562995,45.30733842],[9.12550496,45.30789968],[9.12519192,45.30844132],[9.12638708,45.30876284],[9.12707622,45.30889709],[9.12712825,45.30956561],[9.12710493,45.31015732],[9.12812548,45.31032714],[9.12891655,45.31039826],[9.1293505,45.31048778],[9.12962962,45.31055009],[9.12957672,45.31108694],[9.13098466,45.311044],[9.13122644,45.31078268],[9.13127447,45.31032308],[9.13054883,45.31013537],[9.13054815,45.30983833],[9.13077588,45.30901893],[9.13118376,45.30887444],[9.1321639,45.30864827]]]}},{"type":"Feature","properties":{"name":"Lacchiarella","istat_code":"015115","source":"ISTAT - Confini amministrativi 2022 non generalizzati, Comuni WGS84 / UTM Zone 32N","source_url":"https://www.istat.it/storage/cartografia/confini_amministrativi/non_generalizzati/Limiti01012022.zip"},"geometry":{"type":"Polygon","coordinates":[[[9.14850209,45.34584663],[9.14898387,45.34521804],[9.14954426,45.34489326],[9.14968376,45.34455102],[9.15002737,45.3441545],[9.15011449,45.3434703],[9.15020149,45.34257905],[9.15113037,45.3416327],[9.15179232,45.34097471],[9.15213397,45.34001112],[9.15236253,45.33956975],[9.15292338,45.33944298],[9.15308817,45.33902869],[9.15350962,45.33911814],[9.1545183,45.33940483],[9.15606363,45.33975378],[9.15711028,45.33991436],[9.15800386,45.33996715],[9.15850104,45.33989445],[9.15887153,45.34001996],[9.15948446,45.34011811],[9.1597648,45.3399557],[9.16012082,45.33962214],[9.16066853,45.33922532],[9.16126621,45.33859438],[9.16205448,45.33765713],[9.16272829,45.33673803],[9.16349071,45.33571981],[9.16416447,45.33493572],[9.16547018,45.3341437],[9.16526001,45.33369195],[9.1651382,45.33360666],[9.16513857,45.33351194],[9.16509004,45.33339516],[9.16508222,45.33331415],[9.16506648,45.33324666],[9.16505861,45.33314766],[9.1650585,45.33311166],[9.1650587,45.33303515],[9.16507547,45.33290461],[9.16507598,45.33281009],[9.16511701,45.33265701],[9.16514984,45.33255795],[9.16522321,45.33241831],[9.16526406,45.33234624],[9.16537014,45.33220658],[9.16548445,45.33201738],[9.16560685,45.33186418],[9.16568003,45.33180106],[9.16578586,45.33171541],[9.16597572,45.33159361],[9.16607085,45.33153046],[9.16621703,45.33146724],[9.16643679,45.3313364],[9.1666403,45.33124609],[9.16687601,45.33111073],[9.16695763,45.33106559],[9.16715294,45.33089429],[9.16722617,45.33084918],[9.16741358,45.33070487],[9.16789389,45.33034862],[9.1681299,45.33019524],[9.16848663,45.32993136],[9.16795248,45.32979945],[9.16728669,45.32972841],[9.16658009,45.32961693],[9.16629846,45.32950873],[9.1667429,45.32930105],[9.167389,45.32899916],[9.16881641,45.32851099],[9.17000191,45.32822119],[9.17052518,45.3282474],[9.17143448,45.3293352],[9.17254848,45.33057571],[9.17341852,45.33145653],[9.17368709,45.33164515],[9.17493704,45.33141821],[9.17664575,45.33111853],[9.17778051,45.33091874],[9.17826578,45.33102149],[9.17889464,45.33182443],[9.17904737,45.33201943],[9.17939396,45.33265799],[9.17974025,45.33320652],[9.17991983,45.33349428],[9.17997219,45.33365172],[9.18003373,45.33382264],[9.18116097,45.33525208],[9.18222258,45.3359795],[9.18275759,45.3356636],[9.18378954,45.33522987],[9.18442625,45.33491379],[9.18488475,45.33462501],[9.18762027,45.33365291],[9.18887642,45.33326378],[9.1901246,45.33263161],[9.19113256,45.33256692],[9.1927161,45.33299633],[9.1946951,45.33338003],[9.19535126,45.33341042],[9.19571737,45.33343761],[9.19623964,45.3334764],[9.19737459,45.33333943],[9.19857309,45.33313031],[9.19917248,45.33301226],[9.19970836,45.33297533],[9.19992446,45.33320724],[9.1998295,45.3336277],[9.19979775,45.33377889],[9.19982433,45.3342038],[9.19988908,45.33446472],[9.20012048,45.33494139],[9.200389,45.33508495],[9.20067002,45.33515646],[9.20124382,45.33501142],[9.20172777,45.33483955],[9.20187615,45.33379059],[9.20181548,45.33337217],[9.20177389,45.33243611],[9.20169386,45.3314641],[9.20167983,45.33110407],[9.20163921,45.33044705],[9.20159673,45.32956485],[9.20158202,45.32905194],[9.20145351,45.32880013],[9.20084109,45.32849517],[9.20078709,45.32747352],[9.20093293,45.32641859],[9.20063749,45.32538105],[9.20021374,45.32462569],[9.19977727,45.32387934],[9.19943043,45.32321386],[9.19890652,45.32265668],[9.1982047,45.3226399],[9.19759373,45.32307302],[9.19696916,45.32326313],[9.19583293,45.32308505],[9.19518108,45.32276212],[9.19489816,45.32235303],[9.19487894,45.32232608],[9.19486626,45.32198983],[9.19486742,45.32132273],[9.19490333,45.3201342],[9.19497062,45.31929696],[9.19500953,45.31925189],[9.1954432,45.31874707],[9.19624107,45.31783656],[9.19627425,45.317799],[9.19682994,45.31716096],[9.19663465,45.31697832],[9.1963849,45.31676516],[9.19634435,45.31610812],[9.19556342,45.31532635],[9.19494973,45.31494934],[9.19422133,45.31459953],[9.19322616,45.3144572],[9.19235876,45.31450366],[9.19215214,45.31371251],[9.19216251,45.31305478],[9.19279625,45.31256051],[9.19268279,45.31223477],[9.19170015,45.31213741],[9.19042452,45.31216655],[9.1892247,45.31197952],[9.18829417,45.31183702],[9.18794819,45.31149555],[9.18753964,45.31139721],[9.18689105,45.31201036],[9.18636901,45.31220025],[9.18574367,45.31212924],[9.18510127,45.31193018],[9.18468401,45.31187894],[9.18424885,45.31143857],[9.18390237,45.31080903],[9.18359535,45.31054849],[9.18304808,45.31094542],[9.18235887,45.31083851],[9.18205854,45.31074178],[9.18249723,45.3102262],[9.18293989,45.30952583],[9.18285428,45.30915906],[9.18320665,45.30868583],[9.18384232,45.3080187],[9.1846301,45.30706328],[9.1859122,45.30526993],[9.18645759,45.30444091],[9.18701514,45.30331483],[9.18754769,45.30247683],[9.18804353,45.30198995],[9.18862595,45.30102767],[9.18852517,45.30038342],[9.18883869,45.29989352],[9.18873933,45.29941848],[9.18905314,45.29886479],[9.19027552,45.29825966],[9.19137058,45.29784377],[9.19242732,45.29729291],[9.19313847,45.2965086],[9.19339109,45.29578355],[9.19370729,45.2950089],[9.19392169,45.29430193],[9.19445586,45.29387796],[9.19546242,45.29359719],[9.1960489,45.29355119],[9.19676212,45.29327991],[9.19744992,45.29302668],[9.1980851,45.29277354],[9.19858117,45.29240363],[9.1992301,45.29198844],[9.19999403,45.29163605],[9.20071981,45.29131972],[9.20084441,45.29105846],[9.19863966,45.29082836],[9.19865439,45.29151235],[9.19760869,45.29146918],[9.19699952,45.29185729],[9.19646452,45.29203823],[9.19559614,45.29168866],[9.19516175,45.29113274],[9.19522289,45.29069015],[9.19545048,45.29012267],[9.19570033,45.28957137],[9.19537143,45.28938469],[9.1944804,45.28986328],[9.19395988,45.29053928],[9.1939615,45.29101635],[9.19375825,45.29125074],[9.19345258,45.29136826],[9.19295465,45.29118909],[9.19192166,45.29118181],[9.19048237,45.29170632],[9.18959073,45.29202284],[9.18857151,45.29232158],[9.1875649,45.29222423],[9.18612331,45.29205554],[9.18442879,45.29255338],[9.18403478,45.29296808],[9.18384649,45.29389553],[9.18354294,45.29467913],[9.1831116,45.29538193],[9.18252926,45.29635501],[9.18186756,45.29682414],[9.18139786,45.29750899],[9.18096642,45.29820279],[9.18068678,45.29850027],[9.17927854,45.2981929],[9.17873658,45.2988814],[9.17838606,45.29915249],[9.17803675,45.29941358],[9.17675036,45.29960461],[9.17519375,45.29942698],[9.1735476,45.29915044],[9.17174847,45.29889212],[9.17102121,45.2988032],[9.17083436,45.29989264],[9.16587199,45.29959392],[9.16481247,45.2992894],[9.16459523,45.29848669],[9.16469055,45.29791248],[9.16394129,45.29794045],[9.16261668,45.29801435],[9.16209429,45.29820412],[9.16138018,45.29824114],[9.15981149,45.29827035],[9.15951826,45.29830676],[9.15931653,45.29914419],[9.15917772,45.29967545],[9.15815718,45.29960486],[9.15804186,45.29938913],[9.15805067,45.29800277],[9.15780549,45.29696793],[9.15763796,45.29634708],[9.15680915,45.29641123],[9.15561002,45.29630486],[9.15396527,45.29604603],[9.15268956,45.29591273],[9.1521538,45.29587744],[9.15167305,45.29733631],[9.15131994,45.298831],[9.15098084,45.30082077],[9.14959265,45.3016147],[9.14872837,45.30231794],[9.14797881,45.30347109],[9.14787918,45.30439836],[9.14748441,45.30465091],[9.14724297,45.30500228],[9.14692524,45.30545275],[9.14587967,45.30560712],[9.14529341,45.3058059],[9.14490015,45.30666153],[9.14423993,45.30740948],[9.14305463,45.30781604],[9.14250807,45.30859983],[9.14156508,45.30899707],[9.14106912,45.30961877],[9.14027893,45.30990779],[9.13910513,45.30983722],[9.1389761,45.30924328],[9.13830037,45.30890206],[9.13809727,45.30842118],[9.13844946,45.30774971],[9.13953297,45.30743333],[9.13991451,45.30697379],[9.14002796,45.30641557],[9.14065226,45.30612676],[9.14072092,45.30590349],[9.14073688,45.30585157],[9.14082942,45.30555045],[9.14085791,45.30494162],[9.13886517,45.30482187],[9.13787184,45.30475314],[9.13848181,45.3032675],[9.13652677,45.30340435],[9.13647817,45.30441255],[9.13636654,45.30572689],[9.13537274,45.30621414],[9.13496554,45.30662869],[9.13468762,45.3077722],[9.13445981,45.30853758],[9.13323507,45.308485],[9.1321639,45.30864827],[9.13118376,45.30887444],[9.13077588,45.30901893],[9.13054815,45.30983833],[9.13054883,45.31013537],[9.13127447,45.31032308],[9.13122644,45.31078268],[9.13098466,45.311044],[9.12957672,45.31108694],[9.12841378,45.31371583],[9.12773754,45.31368057],[9.12756091,45.31456291],[9.12739771,45.31556224],[9.12691499,45.31649893],[9.12645704,45.31710251],[9.12637097,45.31856084],[9.12623314,45.31951514],[9.12398727,45.31919355],[9.12358028,45.31978807],[9.12087503,45.31943092],[9.12059575,45.32010631],[9.12095337,45.32027695],[9.12079098,45.32190637],[9.12215699,45.32225597],[9.12311451,45.32251598],[9.12327801,45.32160667],[9.12359675,45.32149832],[9.12406945,45.32176784],[9.1242247,45.32274882],[9.12473618,45.32325233],[9.12471115,45.32346839],[9.12397358,45.32462137],[9.12327402,45.32546826],[9.12257401,45.32629714],[9.12196293,45.32678386],[9.12162567,45.32750121],[9.12151835,45.32772947],[9.12085599,45.32829726],[9.12036034,45.3290674],[9.11944227,45.32941042],[9.11858769,45.3294248],[9.11810357,45.32979887],[9.11768364,45.33038438],[9.11702113,45.33070911],[9.11692208,45.33101604],[9.11688164,45.33114133],[9.11685735,45.33174444],[9.1166923,45.33214966],[9.1152364,45.33162907],[9.11512335,45.33233129],[9.11431802,45.33364629],[9.11398048,45.33436672],[9.11387876,45.33455585],[9.11376472,45.33497003],[9.11372838,45.33573518],[9.11348778,45.33668956],[9.11324653,45.33711286],[9.1124952,45.33795072],[9.11388682,45.33818339],[9.11569948,45.33852361],[9.11632063,45.33865711],[9.11591837,45.33945954],[9.11570304,45.34026987],[9.11566582,45.34080097],[9.11556499,45.34123315],[9.11467149,45.34120704],[9.11364234,45.34116326],[9.1139199,45.34174788],[9.11564303,45.34194417],[9.11582107,45.34203271],[9.11616687,45.34220467],[9.11683025,45.34222201],[9.11693386,45.34295101],[9.11710031,45.34319387],[9.11835142,45.3433096],[9.11886178,45.34339909],[9.1189029,45.34456021],[9.12000067,45.34475709],[9.12026728,45.34407271],[9.12344355,45.34464495],[9.12314486,45.3456724],[9.12633418,45.34631649],[9.12662604,45.34635662],[9.12763818,45.34649579],[9.12782775,45.34652186],[9.12782589,45.34569374],[9.12816922,45.34511727],[9.12865332,45.34486469],[9.12909976,45.34472016],[9.129508,45.34462068],[9.12987682,45.34459337],[9.12967837,45.3460341],[9.13069915,45.34638358],[9.1312748,45.346923],[9.13192488,45.34668822],[9.13265229,45.34660636],[9.13318742,45.3463447],[9.13351871,45.34609228],[9.13396544,45.34607376],[9.13419394,45.34570443],[9.13467879,45.34561384],[9.1352397,45.34530715],[9.13550916,45.34589191],[9.13626227,45.34605303],[9.13667089,45.34611556],[9.13777922,45.34535812],[9.13835351,45.34531241],[9.14042189,45.34567895],[9.14242668,45.34612653],[9.14385747,45.34671882],[9.1442162,45.34724045],[9.14531726,45.34850823],[9.14570072,45.34870579],[9.14636453,45.34886696],[9.14775719,45.34933322],[9.14781987,45.34888308],[9.14797084,45.34818977],[9.14824982,45.34747831],[9.14874397,45.34685863],[9.14850209,45.34584663]]]}},{"type":"Feature","properties":{"name":"Landriano","istat_code":"018078","source":"ISTAT - Confini amministrativi 2022 non generalizzati, Comuni WGS84 / UTM Zone 32N","source_url":"https://www.istat.it/storage/cartografia/confini_amministrativi/non_generalizzati/Limiti01012022.zip"},"geometry":{"type":"Polygon","coordinates":[[[9.28279773,45.33153982],[9.28323674,45.33106839],[9.2841751,45.33150312],[9.28463831,45.33119792],[9.285221,45.33146983],[9.2855497,45.33162321],[9.28600633,45.33135128],[9.28640963,45.3311811],[9.28661794,45.33109321],[9.28676014,45.33107657],[9.2869926,45.33094266],[9.28714503,45.33076159],[9.28721731,45.33043105],[9.28730063,45.33005007],[9.28749794,45.32973894],[9.28778068,45.32946767],[9.28841821,45.32912537],[9.28882911,45.3289139],[9.28919815,45.32885284],[9.28938323,45.32893254],[9.28963914,45.32897197],[9.29077555,45.3290051],[9.29221067,45.32902554],[9.29340405,45.32904253],[9.29434103,45.3289863],[9.29624513,45.32902517],[9.2975522,45.32905184],[9.29775365,45.32954231],[9.29978648,45.32966816],[9.30054663,45.32905782],[9.30049272,45.32903412],[9.29999436,45.32881497],[9.30051532,45.32783273],[9.30081764,45.32771752],[9.30131366,45.32770722],[9.30260402,45.32769481],[9.30306379,45.32717911],[9.30162995,45.32689175],[9.30240287,45.32586356],[9.30127892,45.325664],[9.30174659,45.32482564],[9.30214321,45.32502262],[9.30242464,45.32515689],[9.30285702,45.32495772],[9.30284235,45.32459771],[9.30280282,45.32429176],[9.30252058,45.32400447],[9.30207346,45.32390664],[9.30191877,45.32361],[9.30224927,45.3233751],[9.30227222,45.32288895],[9.30190129,45.32271892],[9.30155758,45.32287285],[9.30121445,45.32313479],[9.30090953,45.32337864],[9.3004884,45.32337074],[9.30020717,45.32327246],[9.29990083,45.32325527],[9.29945511,45.32319343],[9.29916022,45.32299618],[9.29886589,45.32283491],[9.29840542,45.32262009],[9.29784288,45.32240553],[9.29735718,45.32217276],[9.29683242,45.32185908],[9.29624385,45.32154555],[9.29565591,45.32127704],[9.29524625,45.32108908],[9.29491365,45.32092791],[9.29655245,45.31955546],[9.29570691,45.31881954],[9.29510493,45.31837103],[9.29561309,45.31802766],[9.29590585,45.31789188],[9.2961734,45.31781918],[9.2965292,45.31754821],[9.2964894,45.31725127],[9.2963064,45.31706782],[9.29597769,45.31699156],[9.29558141,45.31683956],[9.29521073,45.3167055],[9.29481457,45.31658051],[9.29452171,45.31646424],[9.29678228,45.31470312],[9.29726444,45.31419778],[9.29761973,45.31382781],[9.29798771,45.31344879],[9.29838093,45.31301571],[9.2986971,45.31256482],[9.29886089,45.31217731],[9.2990122,45.31183488],[9.29903651,45.31160978],[9.2989716,45.31139391],[9.2988168,45.31107027],[9.29873867,45.31076442],[9.29872438,45.31047642],[9.29878695,45.31024222],[9.29869633,45.30999042],[9.29839004,45.3098922],[9.298185,45.30971271],[9.29833689,45.30948728],[9.29852643,45.30914474],[9.29801467,45.30885803],[9.29747749,45.30858938],[9.29686404,45.30829394],[9.29616059,45.30801672],[9.29548809,45.30870257],[9.29440228,45.30818329],[9.29318679,45.30747531],[9.29368172,45.30705997],[9.29427773,45.30637434],[9.29362657,45.30617799],[9.29292392,45.30597275],[9.2920678,45.3056869],[9.29182435,45.30547149],[9.29159373,45.30527405],[9.29124969,45.30534693],[9.29090471,45.30523081],[9.29082614,45.30483493],[9.29100297,45.30449244],[9.29120612,45.30431189],[9.29151046,45.30396006],[9.29177638,45.30358132],[9.29196613,45.3032748],[9.29201581,45.30301363],[9.29207826,45.30275242],[9.29229357,45.30245483],[9.29254777,45.30228316],[9.29287882,45.30216528],[9.29313209,45.30181358],[9.29330829,45.30135406],[9.29356089,45.30086734],[9.2937381,45.30060585],[9.29428291,45.29990234],[9.29344,45.29968847],[9.293137,45.30029234],[9.29230239,45.30168968],[9.29154902,45.30152959],[9.28972334,45.30103015],[9.2888624,45.30229254],[9.2871096,45.30107277],[9.28756424,45.3002525],[9.2865424,45.29995802],[9.28799879,45.29791104],[9.29080815,45.29882207],[9.2913382,45.29772254],[9.28930526,45.29649453],[9.28857008,45.29738752],[9.28752045,45.29663405],[9.28625508,45.29608814],[9.28491435,45.2955334],[9.28447972,45.29532746],[9.28413487,45.29522931],[9.2835348,45.29509578],[9.28346837,45.29456486],[9.28345343,45.29412382],[9.2834265,45.29383584],[9.28327121,45.29338616],[9.28324879,45.29332724],[9.28315493,45.29308041],[9.28302641,45.29288268],[9.28273196,45.29265838],[9.28357877,45.29112606],[9.28267272,45.29100228],[9.28272226,45.2907051],[9.28294978,45.29029949],[9.28303779,45.29004723],[9.28241077,45.28960771],[9.28086692,45.28911644],[9.28149959,45.28843976],[9.28009569,45.28787614],[9.27956379,45.28862455],[9.27707244,45.28765848],[9.27447922,45.28670159],[9.27483279,45.28598062],[9.27464031,45.28572904],[9.27460596,45.28549026],[9.27457432,45.28527013],[9.27495556,45.28499916],[9.27574284,45.28432216],[9.27627585,45.2837988],[9.27647871,45.28356428],[9.27689845,45.28334722],[9.27712674,45.28309463],[9.2772016,45.2827614],[9.27716566,45.28272639],[9.276971,45.28253692],[9.27681648,45.28248152],[9.27667731,45.28244762],[9.27659482,45.28247396],[9.27630812,45.28256552],[9.27621861,45.28271791],[9.27608049,45.28295315],[9.27581425,45.28326882],[9.27552397,45.283397],[9.27544527,45.28343174],[9.27496057,45.2833969],[9.27446397,45.28329009],[9.27411935,45.28321891],[9.27391127,45.28321375],[9.27378779,45.28321069],[9.27344454,45.28331624],[9.27340587,45.28333762],[9.27313888,45.28350029],[9.27289805,45.28379792],[9.27282279,45.28405914],[9.27281147,45.28435621],[9.27260846,45.28456374],[9.27244283,45.2844476],[9.27239095,45.28441123],[9.27218546,45.28410566],[9.27210132,45.28400088],[9.27195457,45.28381816],[9.27168586,45.28362078],[9.27135375,45.28349555],[9.27098381,45.28346042],[9.27082015,45.28349235],[9.27056343,45.28354244],[9.27043651,45.28357928],[9.27021962,45.28364227],[9.26999092,45.28381383],[9.26994176,45.284201],[9.26991748,45.2844621],[9.26988033,45.28469624],[9.26960169,45.28509295],[9.26845404,45.28482562],[9.26826396,45.28507809],[9.2685335,45.28545552],[9.26889198,45.28576073],[9.26926173,45.28600289],[9.26979797,45.28614565],[9.26974911,45.28625027],[9.26963386,45.2864971],[9.2693671,45.28671376],[9.26904986,45.28678652],[9.26865925,45.28659326],[9.26861528,45.2865715],[9.26843179,45.28643747],[9.26830818,45.28634719],[9.26794985,45.28606898],[9.26771945,45.2858895],[9.26729783,45.28571046],[9.26668544,45.28563988],[9.26611207,45.28573574],[9.26622954,45.28631155],[9.26651125,45.28656294],[9.26686913,45.28674212],[9.2672275,45.28702933],[9.26703734,45.28726382],[9.26673127,45.28725552],[9.2663998,45.2872743],[9.26581289,45.28720367],[9.2655071,45.28716837],[9.26513735,45.28717823],[9.26485709,45.28724189],[9.26453826,45.28723361],[9.26418107,45.28719844],[9.26374748,45.28710944],[9.26324955,45.28697555],[9.26272659,45.28694075],[9.26240851,45.28709451],[9.26228279,45.28740086],[9.26230913,45.28767083],[9.26241224,45.28790463],[9.26174912,45.28781613],[9.26140526,45.28790693],[9.26123966,45.28794783],[9.26099766,45.28800688],[9.2605779,45.28824189],[9.26008256,45.28858506],[9.25989364,45.28892775],[9.25980433,45.28908977],[9.25963691,45.28935621],[9.2595891,45.28943232],[9.2594332,45.2897162],[9.25936145,45.2898469],[9.25913446,45.2904055],[9.25889493,45.29101813],[9.25863016,45.29168484],[9.2584041,45.29236046],[9.25815214,45.29304514],[9.25781233,45.29404506],[9.25759807,45.29460362],[9.25730677,45.29505435],[9.25695187,45.29554124],[9.25668628,45.2960369],[9.25642041,45.29637956],[9.25603888,45.29662344],[9.25276425,45.29836857],[9.25184085,45.29886063],[9.25021263,45.29975535],[9.24877562,45.30063161],[9.24838096,45.30080349],[9.24801155,45.30091232],[9.24763075,45.3009844],[9.24757866,45.30099432],[9.24719632,45.3010671],[9.24676287,45.30111306],[9.24636735,45.3010869],[9.24599836,45.30120472],[9.24592477,45.30125023],[9.24560401,45.3014486],[9.24518366,45.30157552],[9.24463582,45.30172073],[9.24419523,45.30185621],[9.24407575,45.30189295],[9.24318475,45.30232692],[9.24296891,45.30256141],[9.24289374,45.30287662],[9.24309842,45.3030202],[9.24331646,45.30329878],[9.24315206,45.30363218],[9.24292392,45.30397472],[9.24234079,45.30473208],[9.24398809,45.30525065],[9.24443175,45.30469162],[9.24536497,45.30516668],[9.24521282,45.30538304],[9.24503583,45.30575249],[9.24487184,45.3061759],[9.24466859,45.30637436],[9.24429894,45.30643816],[9.24403821,45.30655685],[9.24399486,45.30657659],[9.24384182,45.30683519],[9.24413573,45.3070506],[9.24441687,45.30716703],[9.24370645,45.30798766],[9.2421452,45.30981827],[9.24352544,45.31040042],[9.2443432,45.31080375],[9.24416547,45.31100215],[9.24359457,45.31165147],[9.24254135,45.3129679],[9.24123389,45.31441989],[9.24382723,45.31542254],[9.24389213,45.31568344],[9.24377817,45.31588171],[9.24354947,45.31610723],[9.24329552,45.3162968],[9.24298986,45.31642347],[9.24008963,45.31534944],[9.2387446,45.31699952],[9.23999665,45.31750096],[9.24229731,45.31856727],[9.24272962,45.3182243],[9.24445488,45.31897674],[9.24483631,45.31857085],[9.24633098,45.31928776],[9.24606495,45.3197294],[9.24687017,45.32005171],[9.24745807,45.32027547],[9.24800776,45.3205173],[9.24832811,45.32083166],[9.24788197,45.32093164],[9.24758899,45.3210403],[9.24744964,45.32127463],[9.24762983,45.32163429],[9.24789821,45.32173272],[9.24840923,45.32187564],[9.24815577,45.32227225],[9.2477226,45.32242622],[9.24719983,45.32250835],[9.24692046,45.32281501],[9.24702429,45.32321985],[9.24720461,45.32360652],[9.24701443,45.32388596],[9.24686216,45.32408433],[9.24646762,45.32431471],[9.24602827,45.32451818],[9.24638668,45.32477845],[9.24756417,45.32534941],[9.24548093,45.32789674],[9.24636909,45.32818422],[9.24692398,45.32840095],[9.24859319,45.32647224],[9.24941634,45.32544799],[9.24945691,45.32547644],[9.25399888,45.32711785],[9.25444017,45.32727731],[9.25525443,45.32619836],[9.25549451,45.32595967],[9.25560679,45.32584804],[9.25565719,45.32581226],[9.25576836,45.32579774],[9.25725142,45.32583961],[9.25811757,45.3253904],[9.26003064,45.32428786],[9.26028208,45.32438941],[9.26351386,45.32569454],[9.26222622,45.3271527],[9.26349816,45.32784287],[9.26430531,45.3274928],[9.26608894,45.32671005],[9.26815903,45.32580651],[9.26969936,45.32502383],[9.27063739,45.32452228],[9.27415992,45.32641074],[9.27428756,45.32647917],[9.27443924,45.32656048],[9.27535558,45.32575933],[9.27518745,45.32566486],[9.27352668,45.32459261],[9.27440362,45.32385865],[9.27449094,45.32382323],[9.27510464,45.32407379],[9.27614431,45.32451235],[9.2768053,45.32464577],[9.27725674,45.32452166],[9.27756341,45.32437726],[9.27766586,45.32464807],[9.27803031,45.32473279],[9.27842505,45.32481029],[9.27841554,45.32493158],[9.2784767,45.3250313],[9.2780643,45.32548171],[9.27809517,45.32558863],[9.27810625,45.32578834],[9.27799621,45.32603114],[9.27759419,45.32653859],[9.27683922,45.32724662],[9.27869971,45.32795977],[9.27877531,45.32785447],[9.28014464,45.32686997],[9.28102166,45.32721886],[9.28171006,45.32749627],[9.28158386,45.32762735],[9.2812306,45.32776376],[9.28041557,45.32859323],[9.28192628,45.32943712],[9.28165251,45.32987271],[9.28140571,45.33029431],[9.28226044,45.33011345],[9.28315404,45.32994887],[9.28362846,45.3298615],[9.28365416,45.33017991],[9.28352749,45.33021291],[9.2826262,45.33044768],[9.28176292,45.33074556],[9.28113238,45.33097375],[9.28154059,45.3312682],[9.28160063,45.33131755],[9.28170275,45.33140281],[9.28228451,45.33188307],[9.28249953,45.33180657],[9.28267883,45.3316675],[9.28279773,45.33153982]]]}},{"type":"Feature","properties":{"name":"Liscate","istat_code":"015122","source":"ISTAT - Confini amministrativi 2022 non generalizzati, Comuni WGS84 / UTM Zone 32N","source_url":"https://www.istat.it/storage/cartografia/confini_amministrativi/non_generalizzati/Limiti01012022.zip"},"geometry":{"type":"Polygon","coordinates":[[[9.39209254,45.49192435],[9.39311074,45.48893248],[9.39383765,45.48902898],[9.3942456,45.48800145],[9.39487023,45.4879993],[9.39456628,45.48902647],[9.39643736,45.48929903],[9.39768559,45.48948372],[9.39862174,45.48975949],[9.39924245,45.48919925],[9.39976294,45.48928744],[9.40027673,45.48853856],[9.40360792,45.48965197],[9.40377285,45.48974789],[9.40475403,45.49031849],[9.40658777,45.4913876],[9.40752202,45.48972809],[9.40756019,45.48969645],[9.40781461,45.489484],[9.40869235,45.48973519],[9.41009804,45.49013741],[9.41093079,45.49037294],[9.41104342,45.49002149],[9.41278569,45.49038426],[9.41251249,45.48977318],[9.41243401,45.48953942],[9.41286824,45.48942085],[9.41347287,45.48821251],[9.41360553,45.48790744],[9.41370703,45.48767402],[9.41385071,45.48738304],[9.41564373,45.48758357],[9.41611534,45.48570062],[9.41780534,45.48582046],[9.41806813,45.48501841],[9.42019305,45.48522662],[9.4206712,45.48413573],[9.42261735,45.48439859],[9.42295665,45.48356923],[9.4253635,45.48373131],[9.42562557,45.48295624],[9.42841785,45.48332385],[9.42837571,45.48282894],[9.4288049,45.48216126],[9.42906868,45.48151218],[9.42920758,45.48126864],[9.43007635,45.48045994],[9.43036296,45.48019315],[9.43142874,45.4790145],[9.43213723,45.47806669],[9.43222046,45.47723827],[9.43211376,45.47667162],[9.4314846,45.47637695],[9.43062494,45.47605616],[9.43092617,45.47528992],[9.43121444,45.47450575],[9.43104262,45.4737863],[9.43038341,45.47332074],[9.43020655,45.47319539],[9.42966635,45.47281937],[9.43000289,45.47175598],[9.43017521,45.47086421],[9.43037491,45.47020637],[9.43185879,45.47029978],[9.43330552,45.47044732],[9.43376474,45.47027457],[9.43405384,45.46960738],[9.43414042,45.46922001],[9.4342247,45.4688247],[9.43451447,45.46805744],[9.43458653,45.4674451],[9.43416267,45.46722168],[9.43284663,45.4674247],[9.4317097,45.46752801],[9.43131286,45.46749351],[9.43134369,45.46744388],[9.43167936,45.46690704],[9.43222249,45.46610388],[9.43234849,45.46585137],[9.43274124,45.46493628],[9.43300198,45.46432772],[9.43346901,45.46361486],[9.43386085,45.4630013],[9.43448021,45.46203582],[9.43469276,45.46150394],[9.43456118,45.46102738],[9.43375347,45.46077841],[9.43160366,45.46044451],[9.42931007,45.46001211],[9.42772041,45.459532],[9.42754937,45.45890257],[9.42715138,45.45870604],[9.42735209,45.45818321],[9.42714112,45.4573469],[9.42683086,45.456907],[9.42613783,45.45659456],[9.42552226,45.45637181],[9.42534151,45.45614745],[9.42526145,45.45570671],[9.4248765,45.45553711],[9.42325132,45.45541713],[9.42240723,45.45531224],[9.42195585,45.45480984],[9.42132489,45.4542361],[9.42027085,45.4535199],[9.41967896,45.45303602],[9.41948307,45.45248765],[9.41918547,45.4521287],[9.41863324,45.45181569],[9.41819777,45.45161926],[9.4175321,45.45153168],[9.41725743,45.45417003],[9.41712493,45.45690685],[9.41528602,45.4571836],[9.41530707,45.45830866],[9.41049732,45.45811001],[9.41027813,45.45786776],[9.40960151,45.45804122],[9.40951643,45.4586536],[9.40949769,45.45949077],[9.40945174,45.46021104],[9.40958584,45.46106565],[9.40932121,45.46161567],[9.40868881,45.46249106],[9.40773858,45.4637546],[9.40695268,45.46463953],[9.40710804,45.4649],[9.40790605,45.46558123],[9.40762666,45.46586577],[9.40752508,45.46596964],[9.40716938,45.46631296],[9.40556985,45.46791185],[9.40435218,45.46757412],[9.40397085,45.46791752],[9.40371969,45.46857548],[9.40378985,45.46933133],[9.4039721,45.46977174],[9.40421903,45.47031094],[9.40371206,45.4709788],[9.40033172,45.47044163],[9.39922734,45.47336186],[9.39775485,45.47318698],[9.39764378,45.47376344],[9.39622281,45.47364236],[9.39653728,45.47287618],[9.39544863,45.47269992],[9.39481771,45.47567247],[9.39422782,45.47547649],[9.3936838,45.47624346],[9.39274798,45.47597664],[9.39318576,45.47465198],[9.39193229,45.47458428],[9.39162099,45.47581849],[9.39076349,45.47577643],[9.3895528,45.47669868],[9.38856339,45.47759315],[9.3885655,45.47870928],[9.38774182,45.47871208],[9.38701273,45.47862455],[9.38673147,45.47947699],[9.38670795,45.47954819],[9.38598026,45.47955065],[9.38504486,45.47946831],[9.38505372,45.48076892],[9.38495438,45.48132734],[9.38506261,45.48207406],[9.38485945,45.48250608],[9.38473541,45.48276985],[9.38422142,45.48386273],[9.38414263,45.48403039],[9.38299684,45.48347618],[9.38092711,45.4858851],[9.38083292,45.48599471],[9.38058075,45.486671],[9.37940464,45.48982494],[9.38013414,45.49019155],[9.38054738,45.48991113],[9.38221208,45.49018461],[9.38313694,45.48868735],[9.386045,45.48867755],[9.38791349,45.48858121],[9.38895499,45.4889467],[9.38813957,45.49110073],[9.39209254,45.49192435]]]}},{"type":"Feature","properties":{"name":"Locate di Triulzi","istat_code":"015125","source":"ISTAT - Confini amministrativi 2022 non generalizzati, Comuni WGS84 / UTM Zone 32N","source_url":"https://www.istat.it/storage/cartografia/confini_amministrativi/non_generalizzati/Limiti01012022.zip"},"geometry":{"type":"Polygon","coordinates":[[[9.22497829,45.38837628],[9.22680048,45.38743655],[9.22813005,45.3867048],[9.2282786,45.3866235],[9.23010056,45.38555768],[9.23049525,45.38533186],[9.23161435,45.38596868],[9.23182785,45.38609027],[9.2321341,45.38626468],[9.2337728,45.38724246],[9.23466901,45.3877357],[9.23500194,45.38792405],[9.23506287,45.38731182],[9.23572261,45.38623033],[9.23644571,45.38512167],[9.23652075,45.38473446],[9.2359177,45.38408762],[9.23622172,45.38357392],[9.23708724,45.38284303],[9.2378378,45.38221137],[9.2373246,45.38166337],[9.23771814,45.38108647],[9.23834189,45.3806801],[9.23822536,45.38030231],[9.23789102,45.37976293],[9.23824646,45.3792401],[9.23849964,45.37879852],[9.23857374,45.37819528],[9.23878767,45.37743872],[9.23952529,45.37678909],[9.2408363,45.3758232],[9.24151161,45.37545272],[9.2427759,45.37552206],[9.24345279,45.37561963],[9.24358048,45.37272994],[9.24400028,45.372351],[9.24353617,45.37133485],[9.24332738,45.37029114],[9.243451,45.36943575],[9.24394505,45.36850756],[9.24478413,45.36773166],[9.24559996,45.36749588],[9.24633956,45.36725125],[9.24688603,45.36674601],[9.24736881,45.36617788],[9.2477605,45.3653129],[9.24786373,45.36504042],[9.24813919,45.36431294],[9.24833864,45.36329536],[9.24862446,45.36231169],[9.24895421,45.36196034],[9.24812424,45.36144416],[9.24696519,45.36066087],[9.24705661,45.36046334],[9.24868193,45.35797604],[9.24917213,45.35726152],[9.24685207,45.35629193],[9.24738074,45.35559937],[9.24869669,45.35392214],[9.24632631,45.35306323],[9.24636511,45.35298588],[9.24677507,45.35216864],[9.24745482,45.3509093],[9.24806181,45.34954435],[9.24813338,45.3493834],[9.24865492,45.34955271],[9.24906798,45.34968125],[9.24959419,45.34844723],[9.2500231,45.3476616],[9.25035652,45.3471877],[9.2493416,45.34683263],[9.24901651,45.34663247],[9.24868731,45.34706076],[9.24851293,45.34700575],[9.24668034,45.34667922],[9.2467186,45.34652101],[9.2469844,45.3459705],[9.24682824,45.34575154],[9.24377095,45.34514247],[9.24466973,45.34339311],[9.24593616,45.34396517],[9.24639367,45.34323113],[9.24633531,45.34321398],[9.24625062,45.34315429],[9.24575212,45.34238282],[9.24491649,45.34236884],[9.24366287,45.34218387],[9.24277455,45.34209125],[9.24204112,45.3420163],[9.24184766,45.34197975],[9.24202794,45.34161607],[9.24155471,45.34144213],[9.24133045,45.34148426],[9.24118842,45.34141792],[9.24109354,45.34132648],[9.24138643,45.34075941],[9.23981294,45.34017128],[9.23978851,45.33997973],[9.23910269,45.33980624],[9.23909101,45.33983958],[9.238926,45.33992323],[9.23827551,45.33972466],[9.23759766,45.33946323],[9.23973564,45.33678038],[9.24229712,45.33382074],[9.24316943,45.33275465],[9.24311165,45.33272098],[9.24105011,45.33151964],[9.23985801,45.33227458],[9.23815797,45.33144412],[9.2379324,45.33125434],[9.23927931,45.33040496],[9.23962868,45.33018464],[9.24060889,45.32953438],[9.24069364,45.32947818],[9.24077029,45.32999303],[9.24082933,45.33038958],[9.24119875,45.33046324],[9.241776,45.32981079],[9.2418809,45.32968033],[9.24222117,45.32910282],[9.24221415,45.32899593],[9.24198334,45.32897309],[9.24213547,45.32847659],[9.2421225,45.32845112],[9.24202882,45.32841558],[9.241815,45.32843826],[9.2412977,45.32849455],[9.24113327,45.32852718],[9.24122354,45.32825596],[9.24117742,45.32815927],[9.24063824,45.32821848],[9.2404275,45.32811569],[9.23982366,45.32802016],[9.2397504,45.3279945],[9.23967709,45.32795594],[9.23964943,45.32792977],[9.23876599,45.32807113],[9.23814076,45.3281782],[9.23744004,45.32835293],[9.23721148,45.32862345],[9.23719374,45.3287181],[9.23714905,45.32895663],[9.2370088,45.32907844],[9.23688941,45.32918457],[9.23683119,45.32923633],[9.23648752,45.32944407],[9.23623293,45.32959762],[9.23512452,45.33004098],[9.23395262,45.33026841],[9.2337125,45.330836],[9.2336272,45.3316306],[9.23375447,45.33202928],[9.233693,45.33230326],[9.23324695,45.33244818],[9.23262306,45.3328005],[9.23226798,45.33335031],[9.23191192,45.33366608],[9.23159167,45.33366673],[9.23122194,45.33346046],[9.23025175,45.33339039],[9.22979222,45.33337333],[9.22949453,45.33339929],[9.22939135,45.33364866],[9.22951406,45.33391846],[9.2295545,45.33444945],[9.22959413,45.33478243],[9.22962246,45.33537645],[9.22914979,45.3352604],[9.2284985,45.33516269],[9.22782366,45.33545208],[9.226996,45.3359308],[9.22647544,45.33650792],[9.22645151,45.33691301],[9.226555,45.33725486],[9.22640395,45.33778623],[9.22631665,45.33829948],[9.22640784,45.33865936],[9.22608959,45.33886702],[9.22552782,45.33882313],[9.22481328,45.33877052],[9.22380691,45.33925857],[9.22357923,45.33968209],[9.22363388,45.33977768],[9.22373345,45.33995182],[9.22381735,45.33999011],[9.22398877,45.34006834],[9.22470392,45.34016595],[9.22459059,45.34055323],[9.22386626,45.34126575],[9.22325504,45.34163601],[9.22311376,45.34141125],[9.22330382,45.34105081],[9.2231493,45.34070908],[9.22305892,45.34070644],[9.22228166,45.34068376],[9.22135116,45.34100062],[9.22061467,45.34187517],[9.22031063,45.34246983],[9.21953462,45.34303842],[9.21889941,45.34371473],[9.21776689,45.34452703],[9.21706891,45.34559051],[9.21700873,45.34643674],[9.21656305,45.34672563],[9.21588731,45.34683493],[9.21529872,45.34646698],[9.21435261,45.34606369],[9.21305109,45.34609314],[9.21173644,45.34602358],[9.21058672,45.34578266],[9.2092342,45.34582115],[9.20913928,45.34584199],[9.20904806,45.34586201],[9.20901047,45.34587065],[9.208673,45.34594819],[9.20737548,45.34695871],[9.20669063,45.34818413],[9.20662166,45.34862255],[9.20657873,45.34889543],[9.20645281,45.34937273],[9.20670945,45.34974133],[9.20723479,45.35027144],[9.20763254,45.35081981],[9.20795399,45.35144931],[9.20863117,45.35171812],[9.20937135,45.35164474],[9.20975392,45.35153603],[9.21008676,45.35178746],[9.21070086,45.35224539],[9.21131536,45.35271233],[9.21179008,45.35334154],[9.21192082,45.35416941],[9.21141451,45.35523251],[9.21063916,45.35605305],[9.20983669,45.35654961],[9.20857482,45.35701098],[9.20671328,45.35747342],[9.20555268,45.35781757],[9.20355056,45.35826223],[9.20295291,45.35849282],[9.20252113,45.35869161],[9.20232281,45.35878451],[9.20221241,45.35883619],[9.20183093,45.35926892],[9.20173018,45.35966516],[9.20175803,45.3603132],[9.20130209,45.36125014],[9.200859,45.36220506],[9.20060728,45.36324064],[9.20072037,45.36400804],[9.2007421,45.36415546],[9.20078487,45.36444569],[9.20086191,45.36441055],[9.2009093,45.36438896],[9.20151003,45.36434297],[9.20181384,45.36412762],[9.20198056,45.36391323],[9.20218698,45.36364777],[9.20239701,45.36341606],[9.20260733,45.36326697],[9.20269953,45.36287734],[9.20304944,45.36242347],[9.20342394,45.36232366],[9.20382197,45.36225686],[9.20400903,45.36215739],[9.20410061,45.36156236],[9.20442869,45.36159482],[9.20468673,45.36151153],[9.2049435,45.36142865],[9.20501434,45.36141093],[9.20570633,45.36123779],[9.20588041,45.36137739],[9.20613677,45.3610134],[9.20629963,45.36069917],[9.2067454,45.36088013],[9.20693311,45.36096239],[9.20726168,45.36112704],[9.2070724,45.36131634],[9.20674204,45.36175799],[9.20657726,45.36200811],[9.20700808,45.36246033],[9.2071218,45.36258791],[9.20788554,45.3637002],[9.20878339,45.36542677],[9.20896868,45.36595504],[9.20901492,45.36621054],[9.21082751,45.36638292],[9.21080517,45.36605319],[9.21108491,45.36594464],[9.21122304,45.36574636],[9.21168119,45.36522794],[9.21189466,45.36468747],[9.21194809,45.36456278],[9.21199117,45.36446226],[9.2120664,45.3643046],[9.21215186,45.36421442],[9.21223242,45.36420528],[9.21251876,45.36426325],[9.21278692,45.36426725],[9.2128635,45.36415009],[9.21305076,45.36375819],[9.21319993,45.36363639],[9.2133327,45.36350562],[9.21369607,45.36346444],[9.21453426,45.36352588],[9.21474511,45.36355111],[9.21623807,45.36372969],[9.21653874,45.3637581],[9.2165912,45.36383255],[9.21657261,45.36397659],[9.21653979,45.36437272],[9.21622103,45.36553899],[9.21666051,45.36557416],[9.21716547,45.36562271],[9.21756463,45.36565346],[9.21784969,45.36568892],[9.21796268,45.36570669],[9.21789198,45.36582654],[9.21782435,45.36590655],[9.21773407,45.3659866],[9.21717205,45.36708986],[9.21703818,45.36761725],[9.21670091,45.36827282],[9.21663431,45.36862438],[9.21661276,45.36891194],[9.21650226,45.36963098],[9.21672908,45.36973712],[9.21679727,45.36977419],[9.21661016,45.37005239],[9.21652955,45.37057911],[9.2168914,45.3707005],[9.21678103,45.37145147],[9.21680661,45.37221818],[9.21667129,45.37237817],[9.21685453,45.37290496],[9.21722858,45.37293612],[9.21724907,45.37297208],[9.21755697,45.37296752],[9.21760393,45.37339872],[9.21792106,45.37339812],[9.21835158,45.37342924],[9.21855386,45.37301354],[9.21860895,45.37290635],[9.21866988,45.37286855],[9.2188567,45.37280897],[9.21898313,45.37272518],[9.21932136,45.3723252],[9.21945019,45.37237534],[9.21952554,45.37240466],[9.22206314,45.3725595],[9.22151873,45.37517073],[9.2214582,45.37536529],[9.22138812,45.37572551],[9.22148521,45.37574333],[9.22403357,45.37603876],[9.22456889,45.3761008],[9.22497689,45.3761639],[9.22640487,45.37636874],[9.22654269,45.37684767],[9.22695692,45.37684388],[9.22725462,45.37684117],[9.22885145,45.37702701],[9.23073605,45.37744629],[9.23042175,45.37814977],[9.23015042,45.37827812],[9.22993121,45.37920547],[9.22990835,45.37930221],[9.22980969,45.37955413],[9.22975666,45.37968956],[9.22907183,45.3807981],[9.2286532,45.38151003],[9.22812083,45.38242922],[9.22752339,45.38315052],[9.226681,45.3832152],[9.22606693,45.38297338],[9.22602775,45.38275744],[9.2259625,45.38240652],[9.22566785,45.38219107],[9.2248498,45.38194064],[9.22428764,45.38190574],[9.22430208,45.38232877],[9.22444506,45.38294957],[9.2247025,45.38345314],[9.22476809,45.38388508],[9.22459037,45.38416445],[9.22424591,45.38417414],[9.22353076,45.38421155],[9.22333996,45.38441894],[9.22318963,45.38506734],[9.22258864,45.38490649],[9.22166751,45.38453922],[9.2210473,45.3858996],[9.22290225,45.38669711],[9.22199986,45.38776103],[9.22133546,45.38762279],[9.22027467,45.38748982],[9.2201736,45.38777806],[9.22016244,45.38819214],[9.21997215,45.38874158],[9.21991781,45.38889902],[9.21989754,45.38895776],[9.22049835,45.38906461],[9.22121382,45.38918924],[9.2219938,45.38937676],[9.22244194,45.38963692],[9.22276003,45.38941127],[9.2233467,45.3891671],[9.22497829,45.38837628]]]}},{"type":"Feature","properties":{"name":"Lodi","istat_code":"098031","source":"ISTAT - Confini amministrativi 2022 non generalizzati, Comuni WGS84 / UTM Zone 32N","source_url":"https://www.istat.it/storage/cartografia/confini_amministrativi/non_generalizzati/Limiti01012022.zip"},"geometry":{"type":"Polygon","coordinates":[[[9.50369535,45.34841716],[9.50360817,45.34815057],[9.50645466,45.348639],[9.50864474,45.34901288],[9.50907557,45.34908641],[9.50911032,45.34869021],[9.50982387,45.34854299],[9.51140754,45.34862593],[9.51300535,45.34886179],[9.51364351,45.34884992],[9.51439331,45.34847751],[9.51581586,45.34768797],[9.51642407,45.34719015],[9.51671642,45.34705381],[9.51777762,45.34723802],[9.51863176,45.34711714],[9.5195654,45.34731092],[9.5203858,45.34768525],[9.52115086,45.34759174],[9.52320099,45.34704229],[9.52537923,45.34654622],[9.52669188,45.34631514],[9.52826635,45.34678494],[9.52884375,45.34710632],[9.52909183,45.34769924],[9.52925263,45.34851763],[9.52955983,45.34860622],[9.53056775,45.34854753],[9.53190992,45.34873931],[9.53269999,45.34859162],[9.53468377,45.34778123],[9.53530534,45.34736426],[9.53531609,45.34725629],[9.53536364,45.3467789],[9.53485777,45.34592614],[9.53470054,45.34549481],[9.53534973,45.34530274],[9.53601101,45.3450386],[9.53617242,45.34456077],[9.53634687,45.34410989],[9.53742822,45.34372676],[9.53866374,45.34345089],[9.54042591,45.34352359],[9.54282506,45.34346719],[9.54448496,45.3435223],[9.54519833,45.34337489],[9.54529501,45.34280734],[9.5452881,45.34208725],[9.54587967,45.3412203],[9.54671409,45.34038821],[9.54826499,45.33974168],[9.55011196,45.33935474],[9.55138622,45.33914155],[9.54999702,45.33803208],[9.54789478,45.33708806],[9.54663321,45.33637849],[9.54484956,45.33561697],[9.54479001,45.33559154],[9.54462123,45.33551947],[9.54414209,45.33529673],[9.54409725,45.33527895],[9.5440651,45.33525209],[9.54393094,45.33515372],[9.54357803,45.33494836],[9.54286431,45.3345512],[9.54235636,45.33431507],[9.54205934,45.33411846],[9.54187883,45.3340573],[9.54097555,45.33375129],[9.54082782,45.33370123],[9.54065253,45.33363906],[9.54067967,45.33355791],[9.54084198,45.33317908],[9.54153924,45.33268971],[9.54217086,45.33243017],[9.54223189,45.33238938],[9.54284726,45.33209841],[9.54306077,45.33165633],[9.54306692,45.33154829],[9.54310342,45.33094502],[9.54320985,45.33006238],[9.54308579,45.32909983],[9.54308393,45.32907285],[9.54301314,45.32817303],[9.54308274,45.32802869],[9.54331264,45.32755052],[9.54453503,45.32727467],[9.54529977,45.327181],[9.54593104,45.3268229],[9.54603587,45.32676342],[9.54629673,45.32610507],[9.54683648,45.32517535],[9.54764656,45.32457739],[9.54791974,45.32379295],[9.54805043,45.3228742],[9.54787847,45.32232593],[9.54745128,45.32168888],[9.5474222,45.32131997],[9.54745493,45.32074373],[9.54723248,45.32016871],[9.54694955,45.31993603],[9.5464616,45.3196143],[9.54596876,45.31877954],[9.54571857,45.31797062],[9.54576476,45.31746631],[9.54634435,45.31670744],[9.54700144,45.31604719],[9.54780948,45.31525119],[9.54837645,45.31451036],[9.54832967,45.31362846],[9.54842454,45.31288088],[9.54855607,45.31205213],[9.54854434,45.31174614],[9.54853304,45.31146076],[9.54852223,45.31118817],[9.54848112,45.31104815],[9.54836393,45.31064884],[9.54809084,45.31011007],[9.54770418,45.30969786],[9.5471535,45.30947547],[9.54673461,45.30969351],[9.54656966,45.3097843],[9.54045484,45.30647389],[9.54053923,45.30640967],[9.54106193,45.30601195],[9.54202781,45.30563831],[9.54277926,45.30551771],[9.54373793,45.30581021],[9.54429191,45.30638366],[9.54472776,45.30660662],[9.54599047,45.30659159],[9.54676837,45.30656986],[9.54689512,45.30656925],[9.54728093,45.30556826],[9.54745344,45.30493733],[9.54771679,45.30446799],[9.54784068,45.30417035],[9.54747886,45.30368602],[9.54701583,45.30320216],[9.54663023,45.30289796],[9.54613245,45.30286433],[9.545725,45.30293829],[9.54512235,45.30260812],[9.54492931,45.30242901],[9.54513844,45.30162689],[9.54542348,45.30084241],[9.54561927,45.29997735],[9.54618223,45.29883147],[9.5466975,45.2981179],[9.54736755,45.2975026],[9.54775925,45.29712266],[9.54804788,45.29671621],[9.54761203,45.29648427],[9.54699704,45.29610915],[9.5460502,45.29578964],[9.54528458,45.29574829],[9.54497661,45.29555172],[9.54489425,45.29494002],[9.54421086,45.29416016],[9.54356781,45.29359613],[9.54246738,45.29321431],[9.54125524,45.29306703],[9.54029864,45.29305357],[9.53963568,45.29307469],[9.53955045,45.29171924],[9.53954781,45.29167728],[9.53944048,45.28997013],[9.5382328,45.2903719],[9.53757114,45.2904418],[9.53751937,45.29044727],[9.53725231,45.29043953],[9.53728485,45.28856708],[9.53659693,45.28864232],[9.53632533,45.28823854],[9.53513985,45.28819908],[9.53365815,45.28793598],[9.53342641,45.28789229],[9.53329531,45.28786757],[9.53324432,45.28785794],[9.53286615,45.28778665],[9.53204392,45.28841158],[9.53187116,45.28766527],[9.52878551,45.28760759],[9.52742937,45.28712779],[9.52629364,45.28695299],[9.52525941,45.28680473],[9.52375025,45.28632108],[9.52308482,45.2860631],[9.52286644,45.28588856],[9.5230241,45.28500571],[9.52304239,45.28422249],[9.52304209,45.28419018],[9.52304049,45.28401548],[9.52296583,45.28400458],[9.52023153,45.28360525],[9.52029964,45.28268679],[9.52045948,45.28203796],[9.52082428,45.28149621],[9.52093729,45.28130666],[9.52015578,45.2811572],[9.51980254,45.28108768],[9.519664,45.28106042],[9.51770578,45.28068226],[9.51613529,45.28043732],[9.5146191,45.28038115],[9.51332101,45.28064803],[9.51258545,45.28091238],[9.51182402,45.28131186],[9.51037516,45.28040919],[9.50926037,45.27979308],[9.50856796,45.27935509],[9.50805534,45.27906033],[9.5078662,45.2792952],[9.50756526,45.27986363],[9.50722856,45.28062124],[9.5070401,45.28093713],[9.50591694,45.28080709],[9.50584306,45.27832302],[9.50369016,45.27843606],[9.5034075,45.27845033],[9.50358819,45.2796932],[9.50335513,45.27972419],[9.50371055,45.2839331],[9.49991342,45.28396477],[9.49889495,45.28383096],[9.4985171,45.28427366],[9.49845712,45.284706],[9.49844682,45.2849851],[9.49750452,45.28513322],[9.4963494,45.28564233],[9.49535428,45.28558364],[9.49460153,45.28553289],[9.49437436,45.28571391],[9.49430794,45.28687537],[9.49420351,45.288064],[9.49434276,45.28932361],[9.49461978,45.29038457],[9.49463909,45.2911406],[9.49431239,45.29170011],[9.49378784,45.29288156],[9.49370968,45.29356899],[9.4937049,45.29361104],[9.49306735,45.29362279],[9.49285834,45.29452383],[9.4926072,45.29488496],[9.492496,45.29529951],[9.49247032,45.2956433],[9.49107723,45.29558057],[9.49035789,45.29550965],[9.48920344,45.29533484],[9.48878328,45.29523091],[9.48735832,45.29494094],[9.48666765,45.29471655],[9.48585848,45.29464598],[9.48373218,45.29463386],[9.48263899,45.29461734],[9.48274041,45.29422039],[9.48273808,45.29394548],[9.48260244,45.29384033],[9.48219604,45.29358828],[9.48189461,45.29335694],[9.4815775,45.29304107],[9.48118572,45.29274665],[9.48000005,45.29241329],[9.48001353,45.29223347],[9.48029139,45.29144986],[9.48056888,45.29062395],[9.47877094,45.29047289],[9.47860635,45.29048416],[9.47839749,45.2914631],[9.47830881,45.29160092],[9.47807709,45.29164419],[9.47779218,45.29159252],[9.47749943,45.29149858],[9.47725967,45.29147315],[9.47713996,45.29148421],[9.47700607,45.29158522],[9.4769627,45.29177045],[9.4770391,45.29195516],[9.47713018,45.29210282],[9.47711664,45.29227205],[9.47692367,45.29247376],[9.47667845,45.29269154],[9.47646188,45.29286337],[9.47861641,45.29525104],[9.48003581,45.29639776],[9.47999949,45.29648961],[9.47797354,45.29653249],[9.47730952,45.29659718],[9.47595879,45.29673784],[9.47565514,45.29702715],[9.47524733,45.29706485],[9.47494383,45.29728215],[9.47454105,45.29792292],[9.47363564,45.29793568],[9.47316651,45.29827067],[9.47265173,45.29915494],[9.47241458,45.29977701],[9.47144666,45.29985304],[9.47029791,45.29974974],[9.46865262,45.29975651],[9.46761983,45.29969773],[9.46666173,45.29951262],[9.46655748,45.29924301],[9.46567435,45.29886855],[9.46441819,45.29864294],[9.46415516,45.29859569],[9.4640415,45.29857167],[9.46320539,45.29861757],[9.46296911,45.29849671],[9.46289208,45.29846163],[9.46281427,45.2984262],[9.46264206,45.29834328],[9.4622716,45.29816493],[9.46195132,45.29801073],[9.46156214,45.29782336],[9.46116239,45.29762245],[9.46120634,45.29759283],[9.46132158,45.29751514],[9.46166226,45.29728551],[9.46165658,45.29724866],[9.46147534,45.29682445],[9.46175711,45.29600849],[9.4618279,45.29580973],[9.46184301,45.29576724],[9.4619084,45.29563922],[9.46192835,45.29560332],[9.46201355,45.29552018],[9.4622611,45.29475978],[9.46242998,45.29357091],[9.46264906,45.29228283],[9.4627023,45.29108543],[9.46255579,45.29076235],[9.46254409,45.29073653],[9.46248944,45.29072888],[9.46232861,45.29073176],[9.46191811,45.2907391],[9.46158787,45.29073326],[9.4612076,45.29072654],[9.46104885,45.2907126],[9.46044271,45.29065194],[9.46012105,45.29061924],[9.45993203,45.29043997],[9.45876898,45.29030018],[9.45712318,45.29010873],[9.45578285,45.28994307],[9.45514614,45.2899546],[9.4549426,45.29001842],[9.4541581,45.29078667],[9.45365383,45.29141877],[9.45327436,45.29180734],[9.45319841,45.29187965],[9.45312239,45.29194296],[9.45290616,45.29210051],[9.45289364,45.29195496],[9.45136039,45.29328215],[9.45072179,45.29628212],[9.45078218,45.2962886],[9.45250804,45.29647311],[9.45148962,45.30140899],[9.45062103,45.30135118],[9.45025576,45.30185584],[9.44948726,45.30256096],[9.44942276,45.30266924],[9.4491781,45.30308426],[9.44869919,45.30351371],[9.44816639,45.30398838],[9.4478625,45.30430371],[9.44783693,45.30433023],[9.44769025,45.30446732],[9.44733147,45.30486928],[9.44687208,45.30535265],[9.44657783,45.30574987],[9.44629618,45.30622804],[9.44610952,45.30652132],[9.4459873,45.30679633],[9.44596477,45.30697195],[9.44581876,45.30726506],[9.44566569,45.3075672],[9.44562309,45.30782842],[9.44557854,45.30804461],[9.44559805,45.30840009],[9.44557505,45.30871973],[9.44558188,45.30898076],[9.44564362,45.30922804],[9.44568408,45.30950693],[9.44567749,45.30968699],[9.44572037,45.30986684],[9.44582424,45.30999695],[9.44590366,45.31026219],[9.4458698,45.31051887],[9.44558536,45.31095203],[9.4451603,45.31175481],[9.44465212,45.31253542],[9.44435301,45.31343672],[9.44417076,45.31409452],[9.44404067,45.31410358],[9.44353344,45.31406549],[9.44332353,45.3140393],[9.44327403,45.31403049],[9.44327526,45.3140845],[9.44317795,45.31418389],[9.44304824,45.31431941],[9.44294161,45.31445034],[9.44278293,45.31465349],[9.44255734,45.31496941],[9.44240489,45.31515453],[9.44211695,45.31565523],[9.44198322,45.31588978],[9.44190866,45.3161466],[9.44195527,45.31639846],[9.44206647,45.31665007],[9.44223331,45.31687896],[9.44244094,45.3171212],[9.44256335,45.31727823],[9.44282315,45.31758581],[9.44285075,45.31762817],[9.44297932,45.31775369],[9.44310792,45.31788371],[9.44320275,45.31797786],[9.44329672,45.31806301],[9.44339056,45.31813466],[9.44344715,45.31816366],[9.4461543,45.31748731],[9.44619427,45.31752516],[9.44627851,45.31759234],[9.44637065,45.31764598],[9.44643088,45.31769975],[9.44653092,45.31774888],[9.44666379,45.31781137],[9.44673808,45.31782907],[9.44683723,45.31786019],[9.44697707,45.31790014],[9.44713192,45.31791755],[9.44731873,45.31793862],[9.44735803,45.31793593],[9.44732258,45.31802931],[9.44697158,45.31872379],[9.44692572,45.31938108],[9.44672888,45.32030899],[9.44705124,45.32073979],[9.44737205,45.32097256],[9.44689336,45.32175756],[9.44626951,45.32193102],[9.44628858,45.32273206],[9.4463542,45.32296585],[9.44647413,45.32299842],[9.4469424,45.32312558],[9.44787456,45.32321193],[9.44778709,45.32344632],[9.44754932,45.32404133],[9.44713591,45.3250151],[9.44711742,45.32540223],[9.44710293,45.32569033],[9.44747254,45.32563487],[9.44814804,45.32553321],[9.44909121,45.32539449],[9.44983077,45.32532857],[9.45034004,45.32518253],[9.45086211,45.32504545],[9.45157569,45.32485903],[9.45170174,45.3248261],[9.45238939,45.32465236],[9.45289494,45.32454235],[9.45328663,45.32445527],[9.45366836,45.32432324],[9.4547933,45.3245798],[9.4554839,45.32477508],[9.45690382,45.32466423],[9.45694585,45.32465898],[9.45706357,45.32465176],[9.45864418,45.32444738],[9.45986699,45.32437945],[9.45991317,45.32437027],[9.46044021,45.32426014],[9.4608602,45.32412343],[9.46120513,45.32417603],[9.46202437,45.32449677],[9.46228514,45.32468925],[9.46242125,45.32465718],[9.46264648,45.32458948],[9.46281585,45.32453858],[9.46308307,45.32444748],[9.46365839,45.32439113],[9.46372046,45.32437289],[9.4640154,45.32439545],[9.46416732,45.32440707],[9.46455097,45.32450903],[9.46603349,45.32489454],[9.46705744,45.32527741],[9.46754557,45.32537895],[9.46795219,45.32546278],[9.46936937,45.32565501],[9.4695366,45.32581635],[9.46917077,45.32633093],[9.46902226,45.3267906],[9.4701609,45.32724498],[9.47195195,45.32779569],[9.47374023,45.32810333],[9.47512078,45.32838564],[9.47647409,45.32856002],[9.47771926,45.32791572],[9.47907842,45.32727093],[9.48072234,45.32701198],[9.48146171,45.32701789],[9.48054777,45.32900203],[9.48527335,45.33281478],[9.48611497,45.33193933],[9.48756275,45.3317447],[9.48780571,45.33170766],[9.48880229,45.33151588],[9.48902511,45.33113093],[9.48915014,45.3309278],[9.48908374,45.33072818],[9.48887503,45.33010085],[9.48873288,45.32924633],[9.48891221,45.32900582],[9.48935821,45.32841552],[9.49004435,45.32788045],[9.49009475,45.32785789],[9.49050893,45.32767589],[9.49070294,45.32759065],[9.49085569,45.32754497],[9.49314873,45.33290847],[9.49295375,45.33303985],[9.49228033,45.3334917],[9.49137335,45.33410022],[9.49116541,45.3342407],[9.49480707,45.33455939],[9.49508577,45.33458377],[9.49572755,45.33500405],[9.49619185,45.33556012],[9.49647772,45.33614396],[9.49658338,45.33654855],[9.4966787,45.33723225],[9.49633312,45.33757618],[9.49564855,45.33765079],[9.49516006,45.33782125],[9.49488114,45.33817589],[9.49482784,45.33824369],[9.49411235,45.33858458],[9.49319288,45.33884684],[9.49292014,45.33945386],[9.49228263,45.33999835],[9.49084958,45.34059694],[9.4895257,45.34100768],[9.4885052,45.34107506],[9.48738032,45.34088184],[9.48616788,45.34089601],[9.48567323,45.34106976],[9.48549343,45.3411329],[9.4856273,45.34186145],[9.4857658,45.34202999],[9.4864012,45.3428033],[9.48746939,45.34382489],[9.48880723,45.34502534],[9.4897575,45.34568737],[9.49064502,45.34646668],[9.49198949,45.34694697],[9.49357097,45.34678712],[9.49484641,45.34666458],[9.49608301,45.3464792],[9.49663086,45.3463006],[9.49671194,45.34541431],[9.49690939,45.34463933],[9.49763257,45.34410522],[9.4977003,45.3441346],[9.49802722,45.3442628],[9.49852901,45.34447025],[9.49923592,45.34502525],[9.49993155,45.3457423],[9.50011485,45.34626359],[9.50017169,45.34692043],[9.50019015,45.34756844],[9.50039794,45.34797259],[9.50096207,45.34824916],[9.50112263,45.34908558],[9.50137377,45.35005661],[9.50160435,45.35159482],[9.50426405,45.35190581],[9.50434674,45.35133071],[9.50431512,45.35064675],[9.50420764,45.35004414],[9.50387917,45.34899243],[9.50369535,45.34841716]]]}},{"type":"Feature","properties":{"name":"Lodi Vecchio","istat_code":"098032","source":"ISTAT - Confini amministrativi 2022 non generalizzati, Comuni WGS84 / UTM Zone 32N","source_url":"https://www.istat.it/storage/cartografia/confini_amministrativi/non_generalizzati/Limiti01012022.zip"},"geometry":{"type":"Polygon","coordinates":[[[9.40059119,45.32143878],[9.40247407,45.32077505],[9.40456242,45.32019159],[9.40620311,45.31945665],[9.40710136,45.31839129],[9.40754111,45.31744459],[9.40752015,45.3164095],[9.40748766,45.31543747],[9.40790706,45.31564348],[9.40852472,45.31594685],[9.41061004,45.31497622],[9.41116043,45.31522628],[9.40989817,45.3171031],[9.41129148,45.31746715],[9.41071748,45.31925147],[9.41438257,45.31970631],[9.41496289,45.31880407],[9.41611255,45.31898892],[9.41733941,45.31926349],[9.41852814,45.31955618],[9.41986938,45.3198753],[9.41960715,45.32054237],[9.42110141,45.32084291],[9.42145326,45.32011252],[9.42191177,45.32000279],[9.42222318,45.31898449],[9.42362587,45.31888028],[9.42374997,45.31841176],[9.42464176,45.31823741],[9.42491847,45.31770531],[9.42529483,45.31684877],[9.42590551,45.31662147],[9.42688635,45.31651879],[9.42710085,45.31620294],[9.42736383,45.31554485],[9.42821839,45.31551466],[9.42907268,45.31544844],[9.42900494,45.3149266],[9.42920126,45.31389072],[9.42942796,45.31350281],[9.43012847,45.31334714],[9.43102111,45.31329878],[9.43178593,45.31321487],[9.43195947,45.31254811],[9.43222347,45.31203403],[9.43245993,45.31156957],[9.43268776,45.31112314],[9.43301257,45.31022178],[9.43325027,45.30960879],[9.43367008,45.30945416],[9.43457371,45.30918068],[9.4354658,45.30906927],[9.43657609,45.30912804],[9.43738306,45.30955703],[9.43797207,45.30984282],[9.43927487,45.31005383],[9.4412055,45.31061348],[9.44077819,45.31144326],[9.44103459,45.31160429],[9.4407713,45.31219941],[9.44226673,45.31256267],[9.44218191,45.31313909],[9.44181797,45.31391461],[9.44229005,45.3139218],[9.44276227,45.31394696],[9.443273,45.31399899],[9.44327403,45.31403049],[9.44332353,45.3140393],[9.44353344,45.31406549],[9.44404067,45.31410358],[9.44417076,45.31409452],[9.44435301,45.31343672],[9.44465212,45.31253542],[9.4451603,45.31175481],[9.44558536,45.31095203],[9.4458698,45.31051887],[9.44590366,45.31026219],[9.44582424,45.30999695],[9.44572037,45.30986684],[9.44567749,45.30968699],[9.44568408,45.30950693],[9.44564362,45.30922804],[9.44558188,45.30898076],[9.44557505,45.30871973],[9.44559805,45.30840009],[9.44557854,45.30804461],[9.44562309,45.30782842],[9.44566569,45.3075672],[9.44581876,45.30726506],[9.44596477,45.30697195],[9.4459873,45.30679633],[9.44610952,45.30652132],[9.44629618,45.30622804],[9.44657783,45.30574987],[9.44687208,45.30535265],[9.44733147,45.30486928],[9.44769025,45.30446732],[9.44783693,45.30433023],[9.4478625,45.30430371],[9.44816639,45.30398838],[9.44869919,45.30351371],[9.4491781,45.30308426],[9.44942276,45.30266924],[9.44948726,45.30256096],[9.45025576,45.30185584],[9.45062103,45.30135118],[9.45148962,45.30140899],[9.45250804,45.29647311],[9.45078218,45.2962886],[9.45072179,45.29628212],[9.45136039,45.29328215],[9.45289364,45.29195496],[9.45290616,45.29210051],[9.45312239,45.29194296],[9.45319841,45.29187965],[9.45327436,45.29180734],[9.45365383,45.29141877],[9.4541581,45.29078667],[9.4549426,45.29001842],[9.45514614,45.2899546],[9.45302686,45.28910964],[9.45289283,45.28913543],[9.45068092,45.28961225],[9.44998098,45.28979505],[9.44775444,45.2904429],[9.44677567,45.29074378],[9.44652239,45.2909698],[9.44636227,45.29169053],[9.44613817,45.29238452],[9.44510521,45.29239744],[9.4444997,45.29157212],[9.44384922,45.29159231],[9.44258716,45.29165123],[9.44211624,45.29177006],[9.44180058,45.29217635],[9.44170206,45.2926268],[9.44134129,45.29276771],[9.44020071,45.29319524],[9.44009621,45.29275902],[9.44007643,45.29184996],[9.44015595,45.29058944],[9.44036773,45.28994053],[9.4407086,45.28949814],[9.44049915,45.28879684],[9.44029107,45.28827557],[9.43957582,45.28812529],[9.43851646,45.28800335],[9.43831106,45.28782412],[9.43876574,45.28725528],[9.43971513,45.28635149],[9.44067723,45.28544764],[9.44153668,45.28446316],[9.44246094,45.28372147],[9.44339824,45.28291671],[9.44424626,45.28211229],[9.44435857,45.2817968],[9.44383412,45.2815828],[9.44292642,45.28127127],[9.44348112,45.280459],[9.44203689,45.28001453],[9.44164507,45.28045712],[9.44102318,45.28082857],[9.44038713,45.28091204],[9.43930241,45.2807902],[9.43876341,45.28082155],[9.43867211,45.28082686],[9.43847403,45.28083838],[9.43804375,45.28127255],[9.43792063,45.28183066],[9.4376858,45.28279471],[9.43728332,45.28351638],[9.43623164,45.28438453],[9.43586173,45.28436793],[9.43488538,45.28417975],[9.43453368,45.28411196],[9.43286112,45.28382577],[9.43153435,45.28363276],[9.43069454,45.28386096],[9.43032947,45.28448343],[9.42992866,45.28543909],[9.42756845,45.28527693],[9.42835093,45.28420282],[9.42782743,45.28410577],[9.42674173,45.28385779],[9.42575811,45.28361844],[9.42607404,45.28323919],[9.42618611,45.28287872],[9.42616802,45.28216767],[9.4257978,45.28210603],[9.42518527,45.28203631],[9.42360384,45.28198819],[9.42251835,45.28181443],[9.42190432,45.2814904],[9.42256526,45.28120891],[9.42322673,45.28099943],[9.42372183,45.28070955],[9.42463814,45.28048111],[9.42489153,45.28026413],[9.4238119,45.27910696],[9.42348162,45.27927021],[9.42227428,45.27979676],[9.4205335,45.2804963],[9.4191622,45.28127546],[9.41779234,45.28225262],[9.41416257,45.28106866],[9.41405013,45.28138412],[9.41372234,45.28189839],[9.41306725,45.28298993],[9.41233921,45.28446879],[9.41153221,45.2857229],[9.41100303,45.28660693],[9.41066383,45.28731026],[9.41080851,45.28792183],[9.41134796,45.28845998],[9.41127309,45.28868529],[9.41094602,45.28930757],[9.41029047,45.29035408],[9.40960821,45.29123867],[9.40872761,45.2910348],[9.40872606,45.29081877],[9.40850824,45.29067552],[9.40717848,45.2901852],[9.40519787,45.28962515],[9.40365208,45.28923457],[9.40160875,45.2888097],[9.40016507,45.2884277],[9.40002335,45.28822118],[9.39986623,45.28763662],[9.39958141,45.28702553],[9.3993253,45.28687339],[9.39850827,45.28674123],[9.39789641,45.28677037],[9.39798316,45.28641002],[9.39854357,45.28631804],[9.39897634,45.28620852],[9.39926887,45.28609947],[9.39981539,45.28584552],[9.40043779,45.2855013],[9.40035982,45.28529453],[9.39992354,45.28495833],[9.39985982,45.28490922],[9.39977272,45.28483453],[9.39974753,45.28481292],[9.3995776,45.28466718],[9.39922158,45.28481244],[9.39865541,45.28491446],[9.39861511,45.28492172],[9.39855103,45.28493328],[9.39840654,45.28495932],[9.39765416,45.28495293],[9.39682555,45.28498281],[9.39647753,45.28507679],[9.39643285,45.28508883],[9.39604927,45.28519238],[9.39594738,45.28521989],[9.39550447,45.28570752],[9.39525532,45.28655451],[9.39504633,45.28699553],[9.39482804,45.28745612],[9.39462128,45.28765105],[9.39456323,45.28770576],[9.39430297,45.28795112],[9.39408056,45.28816081],[9.392901,45.28908303],[9.3923746,45.28940407],[9.39181931,45.28974273],[9.39175812,45.28978005],[9.39145388,45.28983975],[9.39077751,45.28997244],[9.3897457,45.29013799],[9.38994105,45.29073142],[9.39022573,45.29121652],[9.39110272,45.29264475],[9.39204748,45.2945318],[9.39274362,45.29560958],[9.39349195,45.2968582],[9.39347241,45.2977224],[9.39343197,45.29803842],[9.3933514,45.29866796],[9.39327975,45.29937031],[9.39344983,45.29999083],[9.39358062,45.30045844],[9.39316123,45.30067592],[9.39247318,45.3007773],[9.39234898,45.3012638],[9.39262155,45.30194698],[9.39280521,45.30268446],[9.39264107,45.30292805],[9.39200444,45.30309226],[9.39108566,45.3030324],[9.3905635,45.30315121],[9.39047755,45.30328652],[9.39026068,45.30362933],[9.38991038,45.30462967],[9.3893937,45.30543256],[9.38867076,45.30603811],[9.38827453,45.30592244],[9.38741935,45.30584434],[9.38708937,45.3060885],[9.38673533,45.30654876],[9.38588246,45.30681268],[9.38535558,45.307197],[9.38472332,45.30705964],[9.38337056,45.30696518],[9.38194991,45.30699678],[9.38180787,45.30724142],[9.38142188,45.30729575],[9.38037541,45.30722721],[9.38013793,45.30795712],[9.38022969,45.30832588],[9.38064,45.30863956],[9.38085788,45.30867484],[9.38140622,45.30876301],[9.38136982,45.30904218],[9.38098148,45.30950674],[9.38049951,45.30945015],[9.38027531,45.30942389],[9.37925335,45.30921125],[9.37825805,45.30916955],[9.37748819,45.30952046],[9.37681034,45.31015549],[9.37675772,45.31022338],[9.37621585,45.31092255],[9.37626808,45.31126787],[9.37662823,45.31155129],[9.37713244,45.31162071],[9.37747978,45.31107141],[9.37777897,45.31078715],[9.37839718,45.31090635],[9.37910005,45.31109305],[9.37908922,45.31138113],[9.37894358,45.31194098],[9.37892751,45.31200275],[9.37913198,45.3120788],[9.37932454,45.31211396],[9.3794164,45.31214066],[9.37959214,45.31218957],[9.38001402,45.31232321],[9.38013035,45.31254785],[9.37997085,45.31279198],[9.37994086,45.31282751],[9.37957373,45.31325181],[9.37952641,45.31381005],[9.38012692,45.31394307],[9.38102071,45.31405711],[9.38137614,45.31402892],[9.38165785,45.31394695],[9.38206596,45.3139276],[9.38274271,45.31401535],[9.38385469,45.31431765],[9.38467287,45.31456694],[9.38573289,45.31473441],[9.38620962,45.31443944],[9.38635355,45.3140752],[9.38645305,45.31381383],[9.38666623,45.31327302],[9.38692599,45.31281284],[9.38751772,45.31279306],[9.38820776,45.31296174],[9.38955101,45.31350174],[9.39099506,45.31385688],[9.3910602,45.31405468],[9.39136935,45.31448568],[9.39217681,45.315023],[9.39321376,45.31554152],[9.39325491,45.31595543],[9.39286668,45.31643802],[9.39272537,45.31650553],[9.39164575,45.31699793],[9.39054419,45.31779678],[9.38904919,45.31898762],[9.38735019,45.31991821],[9.38695797,45.32040561],[9.38670611,45.32089253],[9.38649294,45.32144234],[9.38700397,45.32153962],[9.38769369,45.32164531],[9.38847304,45.32179567],[9.39009525,45.32205119],[9.39101409,45.32207504],[9.39140529,45.32144362],[9.39303872,45.32159104],[9.39413706,45.32174026],[9.39520912,45.32178157],[9.39521062,45.32199759],[9.39507396,45.32252915],[9.39502631,45.32301538],[9.39545945,45.32291487],[9.39646524,45.32259633],[9.39776474,45.32231279],[9.39950996,45.32191062],[9.40059119,45.32143878]]]}},{"type":"Feature","properties":{"name":"Marudo","istat_code":"098036","source":"ISTAT - Confini amministrativi 2022 non generalizzati, Comuni WGS84 / UTM Zone 32N","source_url":"https://www.istat.it/storage/cartografia/confini_amministrativi/non_generalizzati/Limiti01012022.zip"},"geometry":{"type":"Polygon","coordinates":[[[9.37830481,45.26488247],[9.37892858,45.26476338],[9.37973287,45.26494974],[9.38011353,45.26468743],[9.38002209,45.26435469],[9.37983973,45.26377021],[9.37992476,45.26313982],[9.38020102,45.26251779],[9.37995553,45.26202353],[9.38013204,45.2617349],[9.38097417,45.26186711],[9.38165115,45.26208089],[9.38199358,45.2618277],[9.38272071,45.26191529],[9.38342202,45.26195793],[9.38352804,45.2619912],[9.3841884,45.26219841],[9.38443257,45.26249463],[9.38472695,45.26267367],[9.38512023,45.26240229],[9.38546298,45.26219411],[9.38603494,45.26209728],[9.38671067,45.26198285],[9.38719108,45.26175619],[9.38728874,45.26171086],[9.38737132,45.26167007],[9.38779078,45.26150211],[9.38851992,45.2612967],[9.38927841,45.261083],[9.39079104,45.26048373],[9.39198875,45.25984952],[9.39272104,45.25964897],[9.39279518,45.25963012],[9.39329518,45.25950299],[9.39438709,45.25889612],[9.39472526,45.25803981],[9.39474216,45.25796925],[9.39489882,45.257314],[9.39492345,45.25721099],[9.39574553,45.256299],[9.39633825,45.2553968],[9.39637213,45.25517515],[9.39642358,45.25483841],[9.3951105,45.25477995],[9.39401084,45.25425267],[9.39288355,45.2534104],[9.39149985,45.25234399],[9.39014563,45.25185354],[9.38889531,45.25164178],[9.38741328,45.25108871],[9.38645588,45.25084891],[9.38553679,45.25061798],[9.38492584,45.25072807],[9.38462002,45.2507291],[9.38405772,45.25049694],[9.38192931,45.25045908],[9.38169666,45.25032484],[9.38117556,45.25005653],[9.38019081,45.24952874],[9.38021382,45.24915959],[9.37994532,45.24902547],[9.3798905,45.2490084],[9.37923022,45.24880281],[9.37808117,45.24847355],[9.37653799,45.24828062],[9.37550488,45.24814001],[9.37433143,45.24797282],[9.37213877,45.24783597],[9.37202785,45.24781985],[9.37044237,45.24758944],[9.36976133,45.24746375],[9.36866901,45.24726213],[9.36721709,45.24713178],[9.3656746,45.24703771],[9.3636868,45.24694571],[9.35844495,45.24821282],[9.35742787,45.24858507],[9.35684332,45.24872192],[9.35593977,45.24891377],[9.35552106,45.24920312],[9.35505104,45.24943862],[9.35469535,45.24961976],[9.35427942,45.24984608],[9.35342457,45.2501908],[9.35285989,45.25032306],[9.35157495,45.25062727],[9.35146214,45.25065398],[9.3511842,45.25071978],[9.35301724,45.25245141],[9.35394101,45.25332169],[9.35446509,45.25383315],[9.35345265,45.25471843],[9.352947,45.25538611],[9.35282191,45.25576456],[9.35390821,45.25624727],[9.35629676,45.25709499],[9.35805739,45.25763857],[9.36012658,45.25835217],[9.36109807,45.25879918],[9.36154546,45.2590048],[9.3604483,45.26085356],[9.36291368,45.26170989],[9.3636608,45.26094241],[9.36429307,45.26015726],[9.3648525,45.25993943],[9.36598781,45.26008883],[9.36617737,45.25983618],[9.36642843,45.25924129],[9.36665576,45.25891651],[9.36813423,45.25916377],[9.36934695,45.25945692],[9.36994375,45.25911293],[9.3706328,45.25923672],[9.37035581,45.25975969],[9.37222032,45.26032073],[9.37112602,45.26255665],[9.37234353,45.262821],[9.37275985,45.26291138],[9.37454765,45.26341862],[9.37563481,45.26398214],[9.3761095,45.26444864],[9.37636806,45.26499688],[9.37658423,45.26516188],[9.37665182,45.26521345],[9.37679083,45.26531955],[9.37770821,45.26526251],[9.37830481,45.26488247]]]}},{"type":"Feature","properties":{"name":"Marzano","istat_code":"018087","source":"ISTAT - Confini amministrativi 2022 non generalizzati, Comuni WGS84 / UTM Zone 32N","source_url":"https://www.istat.it/storage/cartografia/confini_amministrativi/non_generalizzati/Limiti01012022.zip"},"geometry":{"type":"Polygon","coordinates":[[[9.27851476,45.26448531],[9.27932838,45.26412325],[9.28023195,45.26383299],[9.28094429,45.26361522],[9.28152969,45.26342474],[9.28183504,45.26331596],[9.28214118,45.26336022],[9.28257519,45.26348517],[9.28314701,45.2632137],[9.28345063,45.2628349],[9.28364054,45.26257338],[9.28515816,45.26274064],[9.28598637,45.26268455],[9.28647011,45.26263834],[9.28705606,45.26256484],[9.28764337,45.26268039],[9.28817841,45.26285908],[9.28829655,45.26290254],[9.28860832,45.26298681],[9.28868902,45.2630108],[9.28890735,45.26333431],[9.2889351,45.2637753],[9.28893647,45.26404535],[9.28925689,45.26431457],[9.28992089,45.26462794],[9.29053365,45.26480642],[9.29122263,45.26501169],[9.2923461,45.26535988],[9.29279922,45.26423354],[9.29325187,45.2631072],[9.2967828,45.26424875],[9.29847235,45.26479495],[9.30128475,45.26151104],[9.30168941,45.26097888],[9.3020184,45.26052794],[9.30220819,45.2602664],[9.30294889,45.26046247],[9.30432525,45.26065684],[9.30484971,45.26100649],[9.30524618,45.26125748],[9.30642818,45.26063322],[9.30705473,45.26108161],[9.30798274,45.26062904],[9.30840212,45.26040287],[9.30899968,45.26020321],[9.30936856,45.2600672],[9.30969925,45.25994028],[9.30999167,45.25980447],[9.3106065,45.26021686],[9.31114234,45.26060247],[9.31250211,45.25986963],[9.31341625,45.25922802],[9.31450346,45.26007118],[9.31522753,45.25962811],[9.31503402,45.25921008],[9.31496604,45.25901674],[9.31496564,45.25894473],[9.31496414,45.25881871],[9.31509166,45.25868332],[9.31528531,45.25855677],[9.31536539,45.25848904],[9.31546912,45.25837624],[9.31562065,45.25812378],[9.31562388,45.25784472],[9.31558915,45.25761079],[9.31553025,45.25747593],[9.31545523,45.2573051],[9.31533244,45.25713891],[9.31509348,45.25685603],[9.31499765,45.25681129],[9.31461149,45.25640728],[9.31426549,45.25606619],[9.31376588,45.25559948],[9.31336869,45.25521351],[9.3129587,45.25481856],[9.31253614,45.25445966],[9.31221586,45.2541545],[9.31184461,45.25384946],[9.31155018,45.25360723],[9.31111705,45.25334736],[9.3108482,45.25312305],[9.31068063,45.25277245],[9.31057714,45.2524937],[9.31047284,45.2520619],[9.31040742,45.25174703],[9.31030388,45.25145926],[9.31020062,45.25121651],[9.31020855,45.25033434],[9.31025761,45.25012718],[9.31028169,45.24986608],[9.31034372,45.24955985],[9.31040561,45.24922664],[9.31039141,45.24895662],[9.30974172,45.24899439],[9.30916931,45.24918497],[9.30863376,45.24912341],[9.3083025,45.2491333],[9.30794657,45.24922428],[9.3076925,45.249369],[9.30752795,45.24957646],[9.30735047,45.24974798],[9.3070711,45.24992875],[9.30667688,45.25001083],[9.30606474,45.24992246],[9.30565648,45.24983353],[9.3052094,45.2496367],[9.30495345,45.24943034],[9.30496397,45.24901626],[9.30495558,45.24886871],[9.30495279,45.24881987],[9.30493582,45.24852125],[9.30483181,45.24813446],[9.30453605,45.24763116],[9.30426663,45.24728984],[9.30405995,45.24676829],[9.30401951,45.24635433],[9.30408165,45.24605712],[9.30416907,45.24577876],[9.30405284,45.2454361],[9.3039365,45.24512136],[9.30385864,45.24486053],[9.30423849,45.24440944],[9.30467086,45.24424625],[9.3049245,45.24402053],[9.30524184,45.24379465],[9.30552148,45.24366788],[9.30535371,45.24327227],[9.30509708,45.24293991],[9.30477652,45.2425627],[9.30454578,45.24230228],[9.30413585,45.2418893],[9.30594048,45.24131738],[9.30474925,45.24014137],[9.30422396,45.23959368],[9.30459204,45.23933166],[9.30515133,45.23908712],[9.3054949,45.2390052],[9.30557002,45.23876195],[9.3054792,45.23845615],[9.30560497,45.23814976],[9.30584575,45.23790607],[9.306252,45.23763494],[9.30667116,45.23739978],[9.30701407,45.23720083],[9.30722979,45.23703821],[9.3067042,45.23643654],[9.30601264,45.23577228],[9.30541112,45.2352608],[9.30465573,45.23456071],[9.30402759,45.23383325],[9.3034252,45.23315075],[9.30302807,45.23273773],[9.30276998,45.23211731],[9.3027163,45.23160436],[9.3029047,45.23109979],[9.30314499,45.23076609],[9.30342279,45.23053132],[9.30372757,45.23035047],[9.30398092,45.23007976],[9.30405551,45.2297375],[9.30402789,45.2293325],[9.30387367,45.22908088],[9.30309677,45.22910994],[9.30261379,45.22931826],[9.30219549,45.2294814],[9.301674,45.2296358],[9.3012795,45.22970885],[9.30048052,45.23038607],[9.29948278,45.22960557],[9.29812699,45.23068928],[9.29784834,45.23099607],[9.29726291,45.2311056],[9.29752076,45.23169004],[9.29725464,45.23196077],[9.29664493,45.23230442],[9.29620003,45.2324946],[9.29586663,45.23207239],[9.29592793,45.23161316],[9.29605401,45.23136079],[9.29623031,45.23096427],[9.29620344,45.23069428],[9.29571805,45.2304435],[9.29530915,45.23020153],[9.29477286,45.22995986],[9.29423662,45.22972721],[9.29370048,45.22951255],[9.29276873,45.22915489],[9.29086905,45.23110407],[9.28836616,45.22991321],[9.28804666,45.23026592],[9.28799287,45.23032531],[9.2863171,45.23217504],[9.28617567,45.23233113],[9.28560193,45.23223355],[9.28527087,45.23227038],[9.28497909,45.23251414],[9.28478927,45.23276666],[9.28465152,45.23324408],[9.28479309,45.23353178],[9.28512561,45.23379199],[9.28558532,45.23400688],[9.28528235,45.23456572],[9.28478773,45.23500803],[9.28441951,45.23526099],[9.28346925,45.23607348],[9.28320309,45.2363532],[9.28306456,45.23667759],[9.28304077,45.23701971],[9.28302906,45.23722677],[9.28283988,45.23761432],[9.28268906,45.23802874],[9.28252494,45.23833521],[9.2823476,45.23854267],[9.28179989,45.23857103],[9.28170906,45.23823821],[9.28201323,45.2379134],[9.28174435,45.23764401],[9.2813497,45.237708],[9.28091689,45.23778109],[9.28052353,45.23786306],[9.28019337,45.23808891],[9.27994034,45.23844958],[9.27985235,45.23869284],[9.2797785,45.23922412],[9.27874944,45.23982972],[9.27806464,45.24048851],[9.27803376,45.24053529],[9.27786229,45.24079505],[9.27702598,45.24141818],[9.27630243,45.24197802],[9.27570555,45.24238453],[9.27522254,45.24262874],[9.27482858,45.24284572],[9.27513608,45.24319603],[9.27344637,45.24422626],[9.2712388,45.24330437],[9.2719856,45.24251048],[9.26974031,45.24167867],[9.26917145,45.24263415],[9.26882855,45.24286901],[9.26844658,45.24293292],[9.26812804,45.24293367],[9.26793359,45.24289908],[9.26752868,45.24282705],[9.26674297,45.243486],[9.2663638,45.24414398],[9.26597097,45.24461298],[9.2657567,45.24511757],[9.26567007,45.24566686],[9.2654178,45.24621653],[9.26516608,45.24689222],[9.2649528,45.24761284],[9.26445984,45.24821707],[9.26392643,45.24860538],[9.26367254,45.24881299],[9.2632138,45.24881405],[9.26308803,45.2491744],[9.26283436,45.24943602],[9.26252964,45.24967977],[9.26193246,45.2500592],[9.26124641,45.25042983],[9.25984642,45.25073008],[9.25941418,45.25087508],[9.25910885,45.25098378],[9.25891882,45.25123626],[9.25893257,45.25145226],[9.25922611,45.25155061],[9.25963367,45.25158569],[9.25996475,45.25153094],[9.25957441,45.25256699],[9.26097754,45.25285184],[9.26127897,45.251969],[9.2613671,45.25173477],[9.26145501,45.25153654],[9.26163244,45.25132909],[9.26206399,45.25095005],[9.26216506,45.25076078],[9.26254622,45.25050787],[9.26281484,45.25064227],[9.26288078,45.25120921],[9.26281918,45.25166842],[9.26278211,45.25192055],[9.26261793,45.25224498],[9.26250487,45.2525963],[9.2625197,45.25296533],[9.26267402,45.25327101],[9.26308235,45.2534681],[9.26357962,45.25352097],[9.26415336,45.25357366],[9.26456119,45.25366274],[9.26536522,45.25391289],[9.26568462,45.25408319],[9.26585144,45.25432583],[9.266031,45.25448744],[9.26634941,45.25461272],[9.2678168,45.25507737],[9.26914458,45.25557833],[9.27066491,45.25635786],[9.27112268,45.25639278],[9.27096243,45.25610961],[9.27080257,45.25582646],[9.27053293,45.25549403],[9.27019984,45.25512577],[9.26993105,45.25488336],[9.2701713,45.25439672],[9.27147349,45.25512275],[9.27170125,45.25478015],[9.27242888,45.25503046],[9.27316998,45.25543376],[9.273771,45.25585539],[9.27426959,45.25617824],[9.27490873,45.25665378],[9.27583549,45.25590441],[9.27662001,45.25527532],[9.2767531,45.25516859],[9.27694284,45.25501555],[9.2771169,45.25487515],[9.27587896,45.25427506],[9.27662622,45.25356212],[9.27721017,45.25301162],[9.27940758,45.25420347],[9.27985258,45.25406735],[9.28043925,45.25415593],[9.28111567,45.25435229],[9.2816006,45.25456714],[9.2820991,45.25486295],[9.28258469,45.25512281],[9.28290419,45.25530203],[9.28259943,45.25552782],[9.282294,45.2556186],[9.28210373,45.2557991],[9.28191387,45.25606061],[9.28122988,45.25683642],[9.2821361,45.2571806],[9.28373141,45.25819267],[9.28118153,45.26050584],[9.27996759,45.26168093],[9.27936595,45.26170252],[9.27799827,45.26169098],[9.27778024,45.26168915],[9.27745508,45.26171291],[9.27654024,45.26254538],[9.27606262,45.26298894],[9.27544596,45.26352897],[9.27500995,45.26391079],[9.27487973,45.26389099],[9.27457851,45.26381702],[9.27433667,45.26426002],[9.27416587,45.26425468],[9.27389726,45.26419786],[9.27380819,45.26427853],[9.27384936,45.26438185],[9.27397987,45.2644979],[9.27455172,45.26500643],[9.27458069,45.26511266],[9.27510231,45.26562825],[9.27529975,45.26582339],[9.27565849,45.26601787],[9.27625102,45.26567427],[9.27690028,45.26537136],[9.27763769,45.26498251],[9.27851476,45.26448531]]]}},{"type":"Feature","properties":{"name":"Mediglia","istat_code":"015139","source":"ISTAT - Confini amministrativi 2022 non generalizzati, Comuni WGS84 / UTM Zone 32N","source_url":"https://www.istat.it/storage/cartografia/confini_amministrativi/non_generalizzati/Limiti01012022.zip"},"geometry":{"type":"Polygon","coordinates":[[[9.34660148,45.43628686],[9.34577022,45.43587297],[9.34593486,45.43498054],[9.3461996,45.43500637],[9.34655939,45.43512509],[9.34691911,45.43523049],[9.34706752,45.43477742],[9.34747543,45.43349822],[9.34912078,45.43369288],[9.3492893,45.43343943],[9.3494054,45.43295981],[9.34941829,45.43290653],[9.34997534,45.43130736],[9.35002568,45.43121343],[9.35272158,45.43074982],[9.35278937,45.43072051],[9.35289953,45.43067285],[9.35298137,45.43067828],[9.35687743,45.43002541],[9.35962842,45.42957291],[9.36090437,45.42934695],[9.36095708,45.42927523],[9.36163076,45.42915876],[9.36191765,45.42911411],[9.36388847,45.42881253],[9.36420958,45.42876941],[9.36572228,45.42848911],[9.37271405,45.42732473],[9.37339105,45.42721196],[9.3735889,45.42744988],[9.37346403,45.42758172],[9.37391062,45.42795997],[9.37451437,45.42847132],[9.37456044,45.4285335],[9.37476205,45.42880555],[9.37503517,45.42917412],[9.37509104,45.4292495],[9.37526862,45.42948912],[9.37535281,45.42960273],[9.37564408,45.4299123],[9.37597076,45.43025777],[9.3762208,45.43069138],[9.37798269,45.42973894],[9.37844538,45.42946875],[9.37786111,45.42943618],[9.37706349,45.42925504],[9.37723116,45.42846293],[9.3795514,45.42892856],[9.37971639,45.42880673],[9.37968585,45.42864551],[9.37966635,45.4285153],[9.37962829,45.42842502],[9.37968393,45.42832285],[9.38022604,45.42735308],[9.38022786,45.42731841],[9.38023057,45.42705198],[9.3802759,45.42697736],[9.3802928,45.42685002],[9.38157052,45.42676476],[9.38157185,45.42696141],[9.38157313,45.4271518],[9.38180978,45.42812313],[9.38210382,45.4284733],[9.38349892,45.42835063],[9.38342134,45.42825274],[9.38325189,45.42776725],[9.3836947,45.42709068],[9.3829384,45.42677817],[9.38290911,45.42256571],[9.3848369,45.42234321],[9.38556515,45.42229574],[9.38588347,45.42211465],[9.38604749,45.42179905],[9.38599385,45.42143018],[9.38516012,45.42100094],[9.38574052,45.42000885],[9.38656276,45.41869553],[9.38658765,45.41865581],[9.38498683,45.41736953],[9.38390913,45.4173777],[9.38177499,45.41739383],[9.38167354,45.41739417],[9.38128515,45.41879064],[9.38005673,45.41857872],[9.37859269,45.41837204],[9.37843277,45.41835007],[9.3774217,45.41814639],[9.37702105,45.41939888],[9.37472059,45.41930744],[9.37257201,45.41910743],[9.3712959,45.42124487],[9.37060582,45.42126513],[9.37036871,45.42295775],[9.37035988,45.42300033],[9.37025096,45.42304486],[9.36993635,45.42314798],[9.36989117,45.42315886],[9.36975941,45.42299204],[9.36766658,45.42052746],[9.3676371,45.4204929],[9.3668076,45.41951859],[9.36575438,45.41825407],[9.36584451,45.41821683],[9.36589489,45.4179436],[9.36610613,45.41680158],[9.36610707,45.41670926],[9.36603926,45.41633437],[9.36594343,45.4159217],[9.36590662,45.4158325],[9.36585803,45.41579013],[9.36577319,45.41574361],[9.36568549,45.41525478],[9.36563951,45.41468076],[9.36571661,45.4144636],[9.36590774,45.4141355],[9.36650061,45.41336803],[9.36665484,45.41319177],[9.36658816,45.41259642],[9.36609799,45.4118959],[9.36466288,45.41130642],[9.36253857,45.41085411],[9.36163692,45.41064733],[9.36099,45.41049897],[9.36029913,45.41037513],[9.35973617,45.4102689],[9.35939067,45.41019798],[9.35914791,45.41015419],[9.35909642,45.41014489],[9.3588894,45.40989236],[9.35842672,45.40932788],[9.3581525,45.40840161],[9.35809652,45.40813626],[9.35805181,45.40791175],[9.35831569,45.4072113],[9.35847499,45.40694608],[9.3585272,45.40671903],[9.35838145,45.40657365],[9.35796023,45.40615356],[9.35761842,45.4058863],[9.35732857,45.40566464],[9.35703769,45.40501694],[9.3561804,45.40358146],[9.35613763,45.40350985],[9.35545226,45.40244131],[9.35469892,45.40100661],[9.35416852,45.39999643],[9.35349623,45.39853227],[9.35346422,45.39846044],[9.35341642,45.3983479],[9.3531662,45.39774169],[9.353033,45.39710483],[9.35302135,45.39704904],[9.35376213,45.39701075],[9.35467081,45.39725997],[9.35518591,45.39790645],[9.3563506,45.39822686],[9.35755407,45.39861917],[9.3583485,45.39897672],[9.35909112,45.39922643],[9.35910042,45.39867733],[9.35946488,45.39772205],[9.35992176,45.39723455],[9.36086631,45.39709653],[9.36216937,45.39707441],[9.36329142,45.3967198],[9.36404248,45.39629436],[9.364691,45.39581522],[9.3647108,45.39492403],[9.36442251,45.3937998],[9.36435419,45.39310692],[9.36426233,45.39272916],[9.36420765,45.39217126],[9.36439742,45.39188262],[9.36479276,45.39177333],[9.36507322,45.39168243],[9.36527644,45.39150175],[9.36483725,45.39074704],[9.36456377,45.38993781],[9.36449439,45.38908291],[9.36446446,45.38839892],[9.36448629,45.38782277],[9.36420901,45.38641945],[9.36299593,45.38648633],[9.36222962,45.38650677],[9.36127131,45.38646479],[9.3614354,45.38615824],[9.3613189,45.38591556],[9.36103503,45.3854664],[9.36056182,45.38537788],[9.36033087,45.38521659],[9.35948556,45.3848592],[9.35899971,45.38478873],[9.35828468,45.38483597],[9.35792662,45.38477408],[9.35746576,45.38461351],[9.35705826,45.3848128],[9.35635812,45.38519305],[9.35554788,45.38533509],[9.35541834,45.38535868],[9.35512043,45.38541294],[9.35493211,45.38543162],[9.35454279,45.38547099],[9.35356303,45.38557079],[9.35212207,45.38597129],[9.35038943,45.38671472],[9.35031005,45.3862739],[9.35011456,45.38564443],[9.34983288,45.38553726],[9.34952748,45.38572722],[9.34906996,45.38610668],[9.34896927,45.38635001],[9.34856466,45.38702636],[9.34748021,45.38724568],[9.34652228,45.3872666],[9.34612403,45.38689875],[9.34532598,45.38590203],[9.34490399,45.3858313],[9.34480536,45.38579972],[9.34443045,45.3856797],[9.34390604,45.38556426],[9.34280782,45.38562157],[9.34257969,45.38591929],[9.34237891,45.38651398],[9.34231851,45.38709025],[9.3421281,45.38728884],[9.34152773,45.38729064],[9.34132447,45.38748027],[9.34121114,45.38775066],[9.33991968,45.38753848],[9.33958808,45.38762948],[9.33915582,45.3879728],[9.33892783,45.38829752],[9.33735553,45.38812216],[9.33674641,45.38797878],[9.33656242,45.38793547],[9.33591018,45.38781137],[9.33538625,45.38777691],[9.3344657,45.38764459],[9.33311088,45.38751352],[9.3317686,45.38734641],[9.33100116,45.38717762],[9.33011972,45.38717115],[9.32910871,45.38685003],[9.32857236,45.38687858],[9.32833104,45.38712231],[9.32788758,45.38760965],[9.32681656,45.3882383],[9.32594745,45.38815978],[9.32417148,45.3879578],[9.32424589,45.38757053],[9.32121665,45.38712003],[9.32126232,45.38630079],[9.32078565,45.38629313],[9.32048525,45.38611396],[9.31998677,45.38620535],[9.3196879,45.38629621],[9.31949007,45.38646778],[9.31949311,45.38700785],[9.31929447,45.38745846],[9.3189984,45.38790935],[9.31880083,45.38826997],[9.31850296,45.38854083],[9.31810667,45.38863195],[9.31790774,45.38889353],[9.31750878,45.38908367],[9.31681245,45.38934664],[9.31621516,45.38961834],[9.31551987,45.39007033],[9.31532015,45.39034091],[9.3151233,45.3906925],[9.31502711,45.39105281],[9.31522661,45.39132231],[9.31542802,45.39150176],[9.31572812,45.39177098],[9.31612806,45.39203991],[9.31633026,45.39221938],[9.3167322,45.39284836],[9.31683534,45.39329813],[9.31673617,45.39355944],[9.31643675,45.39356027],[9.31603852,45.39374138],[9.31583992,45.39392197],[9.31504485,45.39410419],[9.31404516,45.39410695],[9.31364443,45.393838],[9.31244277,45.3931212],[9.31194261,45.39277152],[9.31054453,45.39277533],[9.31044774,45.39303663],[9.31064887,45.39331512],[9.31135132,45.39429433],[9.31155551,45.39483385],[9.311557,45.3951039],[9.31145861,45.3953652],[9.31115837,45.39536602],[9.31085845,45.39527682],[9.31035941,45.39527818],[9.31046149,45.39554793],[9.31056366,45.39626776],[9.31076783,45.39680728],[9.31007401,45.39770029],[9.30898153,45.39878338],[9.30728526,45.39860795],[9.30748779,45.39913846],[9.3081902,45.40003669],[9.30839456,45.40075625],[9.30799772,45.40120738],[9.30750185,45.40165877],[9.30679036,45.40146364],[9.30620183,45.40130222],[9.30500235,45.40085537],[9.30390103,45.40031823],[9.30320181,45.40023007],[9.30260202,45.40014165],[9.30200477,45.40023324],[9.30200621,45.40050329],[9.30250907,45.40113203],[9.30431361,45.40264845],[9.30351784,45.40310063],[9.30352213,45.40390173],[9.30332442,45.4042623],[9.30322563,45.4045326],[9.30312724,45.40480289],[9.30302981,45.40525321],[9.30283292,45.4056948],[9.30283532,45.40614485],[9.3013378,45.4060588],[9.30074217,45.40669046],[9.30014731,45.4073221],[9.29935282,45.40803529],[9.29904197,45.40845916],[9.29975118,45.40890736],[9.30045753,45.4095716],[9.30077963,45.41006581],[9.30126936,45.41083862],[9.30133871,45.41186457],[9.30052377,45.41234378],[9.29972113,45.41274196],[9.29889302,45.41323019],[9.29802453,45.41325946],[9.29728274,45.41315337],[9.29663095,45.41315507],[9.29664636,45.4135781],[9.29667793,45.41398573],[9.29668748,45.41410905],[9.29644731,45.41461375],[9.29637246,45.41496499],[9.29661697,45.41528839],[9.297078,45.41546723],[9.29773731,45.41523291],[9.29779238,45.41521333],[9.29932957,45.41595641],[9.29944572,45.41617214],[9.30318932,45.41610825],[9.3036629,45.41631403],[9.30468604,45.41643732],[9.30554269,45.41657904],[9.30602919,45.41673076],[9.30628966,45.4170361],[9.30552682,45.4174837],[9.30563639,45.4188426],[9.30533221,45.41932048],[9.30488801,45.41990674],[9.30475061,45.42050119],[9.30481628,45.42082506],[9.30535442,45.42106664],[9.30546234,45.42125242],[9.30557341,45.42144411],[9.30819833,45.42223816],[9.30842553,45.42206992],[9.30852149,45.42187664],[9.30880663,45.42197958],[9.30882449,45.42191527],[9.30894198,45.421493],[9.30911459,45.42087253],[9.30937959,45.42088564],[9.30962507,45.42091263],[9.30987048,45.4209327],[9.31049305,45.42102305],[9.31085254,45.42107522],[9.31104562,45.42109453],[9.3113238,45.42112233],[9.31117723,45.4223651],[9.31116594,45.42242006],[9.31115772,45.42245966],[9.31089731,45.42371487],[9.31088316,45.42378318],[9.3108597,45.42389617],[9.31080764,45.42416184],[9.31078728,45.42423842],[9.31074759,45.42457606],[9.31109208,45.42460663],[9.31278806,45.42472801],[9.31376021,45.42485136],[9.31407967,45.42483249],[9.31657254,45.4251309],[9.31696501,45.42517787],[9.31981256,45.42551868],[9.31992455,45.42554537],[9.32014209,45.42558526],[9.32065499,45.42572334],[9.32097818,45.42557832],[9.32113948,45.42550594],[9.32124018,45.42522663],[9.32103391,45.42492117],[9.32034189,45.42460806],[9.32005839,45.42420382],[9.32017067,45.42371742],[9.32056529,45.42342828],[9.3209732,45.42322911],[9.32157272,45.42301139],[9.32183879,45.4225966],[9.32199002,45.42221812],[9.32365383,45.42259148],[9.32490775,45.42281295],[9.32507989,45.42286144],[9.32544545,45.42296442],[9.32625177,45.42757974],[9.32680103,45.42750615],[9.33160658,45.42611962],[9.33236584,45.42698152],[9.33205877,45.42898069],[9.33252034,45.42921337],[9.33252169,45.42944289],[9.33262392,45.4294381],[9.33285962,45.42943741],[9.33302257,45.42942794],[9.33332312,45.42945407],[9.33354286,45.42945343],[9.33377856,45.42945724],[9.33394161,45.42946576],[9.33416069,45.42949212],[9.33420154,45.42951002],[9.33433129,45.42956363],[9.3343802,45.42959049],[9.33445244,45.42964879],[9.33454966,45.42973852],[9.33459721,45.42981039],[9.3353493,45.42985318],[9.33553462,45.43092379],[9.33569172,45.4315444],[9.33574792,45.43239935],[9.33589228,45.43302902],[9.33609092,45.43353833],[9.33611043,45.43358841],[9.33600577,45.43374552],[9.33591286,45.43401204],[9.33563356,45.43471841],[9.33627643,45.43476977],[9.33702755,45.43487075],[9.33701885,45.43518063],[9.33699714,45.43595114],[9.33730721,45.43649029],[9.33798777,45.43698336],[9.33872984,45.43707115],[9.33943044,45.43677204],[9.34027108,45.43623846],[9.34065386,45.43611132],[9.34101162,45.43607423],[9.34132954,45.43605529],[9.34274362,45.43616152],[9.34294281,45.43617648],[9.3439919,45.43642536],[9.34527187,45.43666452],[9.34607855,45.4368601],[9.34677054,45.43711905],[9.34698294,45.4370914],[9.34749874,45.43702682],[9.34663828,45.43631721],[9.34660148,45.43628686]]]}},{"type":"Feature","properties":{"name":"Melegnano","istat_code":"015140","source":"ISTAT - Confini amministrativi 2022 non generalizzati, Comuni WGS84 / UTM Zone 32N","source_url":"https://www.istat.it/storage/cartografia/confini_amministrativi/non_generalizzati/Limiti01012022.zip"},"geometry":{"type":"Polygon","coordinates":[[[9.33398696,45.36742767],[9.33402589,45.3650167],[9.33427059,45.36500898],[9.33497061,45.36498692],[9.33489008,45.36432106],[9.3350393,45.36431613],[9.33533689,45.36430174],[9.3354193,45.36312233],[9.33544872,45.36285245],[9.33545561,45.36278918],[9.33431822,45.3626215],[9.33517432,45.36055768],[9.33570352,45.35936796],[9.33654287,45.35956211],[9.33662569,45.35958128],[9.33666724,45.35959015],[9.33713549,45.3596968],[9.33896423,45.36018645],[9.33904784,45.35972567],[9.33944629,45.35752964],[9.33959459,45.35671007],[9.33802614,45.35702977],[9.3379447,45.35675548],[9.33789583,45.35658911],[9.33752153,45.3559061],[9.33726244,45.35527677],[9.3373125,45.35521264],[9.33795932,45.3543836],[9.33787982,45.35428479],[9.33785511,45.35425405],[9.33752039,45.3538358],[9.33747054,45.35377296],[9.33713708,45.35351289],[9.33656048,45.35315904],[9.33640673,45.35306498],[9.33595794,45.35273326],[9.33591445,45.35259061],[9.33580169,45.35222064],[9.33596319,45.3517341],[9.3359839,45.35167227],[9.33600239,45.35161696],[9.33649925,45.35144448],[9.33750652,45.35123447],[9.33850086,45.3509975],[9.33882803,45.35020441],[9.33819782,45.34941416],[9.33726155,45.34867882],[9.3362991,45.34782655],[9.33603708,45.34669314],[9.33566831,45.34680786],[9.33484384,45.34706433],[9.33533819,45.34790361],[9.33340185,45.34901068],[9.33415892,45.34967247],[9.33284187,45.35037504],[9.33114289,45.34969699],[9.33174056,45.34798118],[9.33142476,45.34759281],[9.33156059,45.34738132],[9.33208347,45.3472988],[9.33233134,45.34642389],[9.33096811,45.34580061],[9.33165342,45.34451944],[9.32949069,45.34484895],[9.32856521,45.3456242],[9.32878381,45.3465006],[9.32829183,45.34722874],[9.32792522,45.34757185],[9.32699196,45.34843865],[9.32653242,45.34871901],[9.32520435,45.34836274],[9.32464307,45.34856688],[9.32461928,45.34865902],[9.32459544,45.34875134],[9.32452825,45.34907166],[9.32468933,45.34930968],[9.32481053,45.34949689],[9.32465321,45.34964699],[9.32458733,45.34970569],[9.32447226,45.34981404],[9.32354578,45.35048275],[9.32340435,45.35058668],[9.32328814,45.35063651],[9.32312413,45.35069998],[9.32239582,45.35058504],[9.32201276,45.35056811],[9.3219655,45.35068993],[9.32195491,45.35071726],[9.32192275,45.35079098],[9.3218911,45.35087078],[9.32186653,45.35092753],[9.3218221,45.35103677],[9.32174835,45.35121694],[9.32173113,45.35156435],[9.32172535,45.35166707],[9.32164239,45.35180877],[9.32108137,45.35277605],[9.32091535,45.35265232],[9.32070236,45.35249357],[9.32011707,45.35208379],[9.31999922,45.35200824],[9.319968,45.35198515],[9.3198252,45.35187944],[9.31890058,45.35118892],[9.31736025,45.35001845],[9.31732925,45.3499973],[9.31723556,45.34993339],[9.31697886,45.34968206],[9.31608241,45.34917147],[9.31544588,45.34864922],[9.31473749,45.34806801],[9.31348126,45.34711733],[9.31296726,45.34676182],[9.31293347,45.34674062],[9.31280536,45.34665954],[9.31237932,45.34636425],[9.31132876,45.34566501],[9.31075041,45.34525365],[9.31050301,45.34507766],[9.30970142,45.34452626],[9.30840693,45.34355763],[9.30762539,45.34301966],[9.30717342,45.3426182],[9.30671891,45.34297708],[9.30490201,45.34431414],[9.30408823,45.34490139],[9.30326018,45.34520965],[9.30198419,45.34530304],[9.30064608,45.34548659],[9.29969167,45.3461237],[9.29909685,45.34702088],[9.29891227,45.34732744],[9.29887021,45.34739727],[9.29867926,45.34771508],[9.29787524,45.34775319],[9.29721569,45.34833099],[9.2966565,45.34880952],[9.29897231,45.35003665],[9.29839154,45.35103732],[9.29783472,45.35196591],[9.29722705,45.35294413],[9.29726616,45.35295968],[9.29741186,45.35301762],[9.29747003,45.35304075],[9.2982142,45.35333668],[9.29836556,45.35339688],[9.29840148,45.35341117],[9.29890794,45.35361257],[9.29896341,45.35363462],[9.29974582,45.35394575],[9.30075764,45.35434809],[9.301921,45.35472307],[9.30246213,45.35490168],[9.30268557,45.35497759],[9.30277884,45.35500877],[9.30288684,45.35504489],[9.3029931,45.35508043],[9.30304607,45.35509815],[9.30312599,45.3551208],[9.30328183,45.35516495],[9.30386439,45.35533001],[9.30449122,45.35556238],[9.30430228,45.35603994],[9.30523689,45.35652353],[9.30609372,45.35686328],[9.30682139,45.35685233],[9.30724163,45.35665317],[9.30783285,45.35700098],[9.30812501,45.35717286],[9.30899651,45.35778259],[9.30956857,45.35806009],[9.3107503,45.35863296],[9.31199068,45.35912464],[9.31309107,45.3595537],[9.31394452,45.35991591],[9.31406942,45.35996961],[9.31420451,45.36002772],[9.31401631,45.36063132],[9.31421278,45.36152191],[9.31536394,45.36245847],[9.31582612,45.36262461],[9.31586055,45.36263716],[9.31630137,45.36279782],[9.31695366,45.36303555],[9.3174833,45.36327262],[9.31801773,45.36351416],[9.31819694,45.36359468],[9.31837456,45.36367519],[9.31844818,45.36370873],[9.31860168,45.36382758],[9.31894942,45.36410999],[9.3191817,45.36429853],[9.31942818,45.36498193],[9.31927869,45.3653108],[9.31924033,45.36539519],[9.31921845,45.36544331],[9.31917828,45.36553171],[9.31911285,45.36567592],[9.31893692,45.36587342],[9.31885092,45.36596997],[9.31869489,45.36614514],[9.3184283,45.36642493],[9.31806007,45.36679502],[9.31973331,45.36701538],[9.32018615,45.36708753],[9.32167605,45.36732497],[9.323261,45.36759053],[9.32449962,45.36772203],[9.32516218,45.36746811],[9.32560627,45.36697178],[9.32567008,45.36681575],[9.32575738,45.36660229],[9.32592832,45.36651726],[9.32596668,45.36649818],[9.32605185,45.36645744],[9.32617678,45.36639407],[9.32663475,45.36637025],[9.32784713,45.36635378],[9.32831301,45.36634745],[9.32870947,45.36645432],[9.32923312,45.36674535],[9.32958062,45.36693787],[9.33020839,45.36729611],[9.33068177,45.36744776],[9.33139642,45.36737368],[9.33258178,45.36699218],[9.33308587,45.36802585],[9.33346847,45.36794374],[9.33397908,45.36791524],[9.33398696,45.36742767]]]}},{"type":"Feature","properties":{"name":"Merlino","istat_code":"098039","source":"ISTAT - Confini amministrativi 2022 non generalizzati, Comuni WGS84 / UTM Zone 32N","source_url":"https://www.istat.it/storage/cartografia/confini_amministrativi/non_generalizzati/Limiti01012022.zip"},"geometry":{"type":"Polygon","coordinates":[[[9.44378538,45.4552958],[9.44394034,45.45459858],[9.44403701,45.45416367],[9.44418474,45.45318294],[9.44421063,45.45306158],[9.44430213,45.45263261],[9.4443334,45.45251239],[9.44435051,45.45244656],[9.44444705,45.45219854],[9.4446675,45.45221494],[9.44525922,45.45230908],[9.44621898,45.45248536],[9.44641854,45.45238229],[9.44765577,45.45254436],[9.44799706,45.45258907],[9.44797101,45.45262336],[9.44776535,45.45289433],[9.44771591,45.4529685],[9.44810605,45.45304961],[9.44835339,45.45309373],[9.44903288,45.45321492],[9.44905561,45.45324023],[9.44921477,45.45341733],[9.4496356,45.45391248],[9.45011471,45.45400758],[9.4501661,45.45401779],[9.45074471,45.4541821],[9.4516197,45.45441755],[9.45169519,45.45429155],[9.45174855,45.45418446],[9.45186427,45.45398417],[9.45191467,45.45387307],[9.45227439,45.45308008],[9.45231413,45.45299575],[9.45235442,45.45289129],[9.45283001,45.45187098],[9.45286619,45.45185577],[9.45296897,45.45174847],[9.4536945,45.44930506],[9.45129456,45.44918],[9.45107502,45.44900985],[9.45110362,45.44778557],[9.45125982,45.44652479],[9.45072644,45.44548276],[9.44960431,45.44427202],[9.44940329,45.44405332],[9.44925005,45.44388666],[9.44805632,45.44258786],[9.44802732,45.44255632],[9.446572,45.44097285],[9.44666437,45.44069453],[9.4467048,45.44057274],[9.44673286,45.44048783],[9.44684311,45.44020003],[9.44705552,45.43964545],[9.44714979,45.43941325],[9.44724539,45.43917772],[9.44744663,45.4386819],[9.44775013,45.43844169],[9.44776512,45.43819067],[9.44796492,45.43771186],[9.44823374,45.43737618],[9.44833249,45.43699338],[9.44867821,45.43565954],[9.44874096,45.43501396],[9.44897207,45.43420638],[9.44902145,45.43401499],[9.44890136,45.43384815],[9.44869704,45.43375333],[9.44850899,45.43362796],[9.447869,45.43353144],[9.44817746,45.43232409],[9.44813362,45.43163116],[9.44828476,45.43134253],[9.44938487,45.43142822],[9.44965867,45.43049103],[9.4498574,45.42995917],[9.45271687,45.43027189],[9.45295421,45.42913054],[9.45322523,45.42887472],[9.45460594,45.42888723],[9.45480008,45.42759029],[9.45499859,45.42684239],[9.45522419,45.42628343],[9.45462031,45.42589878],[9.45492953,45.42436281],[9.45495221,45.42425023],[9.45508701,45.42331846],[9.45517836,45.42293588],[9.4565975,45.42295689],[9.45714228,45.42296494],[9.45799708,45.42299591],[9.45803798,45.42303575],[9.4584867,45.42347284],[9.45883452,45.42381165],[9.45965922,45.42462745],[9.46075229,45.42543315],[9.46194699,45.42615742],[9.4624332,45.42632463],[9.46309206,45.4264213],[9.46393232,45.42655215],[9.46407036,45.42657364],[9.46446883,45.42659794],[9.46547363,45.42670289],[9.46591463,45.42674544],[9.46595176,45.42674901],[9.46599516,45.42675142],[9.46771949,45.42684683],[9.46781922,45.42685224],[9.46794021,45.42686546],[9.46803448,45.42687577],[9.46821385,45.4268804],[9.46885885,45.42689709],[9.46897108,45.42690258],[9.46907191,45.42690752],[9.4691982,45.42691371],[9.46931694,45.42692194],[9.46936938,45.42692556],[9.46945546,45.42693149],[9.47046563,45.42700118],[9.47196647,45.42709489],[9.47200628,45.42709736],[9.4729485,45.42717616],[9.47321091,45.42720261],[9.47377974,45.42718009],[9.47609409,45.42725148],[9.47792333,45.42739687],[9.47911342,45.42754489],[9.47963834,45.4276417],[9.47992001,45.42769453],[9.48050963,45.42788107],[9.48091608,45.42757333],[9.48179619,45.42734458],[9.48251172,45.42730555],[9.48313652,45.4271229],[9.48340081,45.42663572],[9.48372779,45.42600425],[9.4838389,45.42554472],[9.48374435,45.42495104],[9.48353362,45.42422283],[9.4835916,45.4235295],[9.4839335,45.42315],[9.4836995,45.42269192],[9.48309483,45.42223542],[9.48253176,45.42215679],[9.48226051,45.42182489],[9.48129089,45.42203602],[9.48029545,45.42222022],[9.4802666,45.4218333],[9.48025477,45.42043815],[9.48022632,45.42009624],[9.48021154,45.41986226],[9.47985191,45.41965675],[9.47968364,45.41940542],[9.47943835,45.41911841],[9.47911791,45.41901175],[9.4786315,45.41892377],[9.478323,45.41871803],[9.4782438,45.41842132],[9.47807554,45.41816999],[9.4773453,45.41796603],[9.47703803,45.4179043],[9.47656385,45.41775326],[9.47621742,45.41759268],[9.47598617,45.41744964],[9.47550383,45.41632648],[9.47481113,45.41602333],[9.4739005,45.41564006],[9.47321804,45.41503081],[9.47239532,45.41445814],[9.47126503,45.41377871],[9.47002366,45.4135768],[9.46883397,45.41343766],[9.46801548,45.41336901],[9.46759331,45.41331673],[9.46633971,45.41317785],[9.46535445,45.41302884],[9.46388221,45.41271978],[9.46234384,45.41213195],[9.46210249,45.41231294],[9.46112267,45.41282997],[9.46028089,45.4130404],[9.45858261,45.41321825],[9.45694951,45.41355785],[9.45663527,45.41363012],[9.45604354,45.41376622],[9.45555538,45.4138785],[9.45540743,45.41391253],[9.45531668,45.41393341],[9.45381218,45.41438046],[9.45278041,45.41480761],[9.45197056,45.41532388],[9.45154489,45.41533456],[9.45107176,45.41530043],[9.45070271,45.41549991],[9.45061791,45.41608534],[9.45069793,45.41650807],[9.45047806,45.41698151],[9.44884336,45.4174425],[9.44623656,45.4174077],[9.44525841,45.41745653],[9.44429945,45.41740625],[9.44150042,45.41740811],[9.44109485,45.41774272],[9.4407421,45.41840117],[9.44036345,45.41901471],[9.43981394,45.41902582],[9.43877763,45.4188948],[9.43793902,45.4195371],[9.43693696,45.42032404],[9.43668937,45.42136913],[9.43742091,45.42175338],[9.43746336,45.42228429],[9.4373413,45.42303185],[9.43683587,45.42358286],[9.43628654,45.42348392],[9.43636124,45.42289163],[9.43648119,45.42199756],[9.43630381,45.4216073],[9.43600062,45.42135154],[9.43568277,45.42125223],[9.43550787,45.42118587],[9.43522227,45.42115346],[9.43482699,45.421289],[9.43452586,45.42130132],[9.43411351,45.42128054],[9.43347837,45.42114892],[9.4332242,45.42108286],[9.4329302,45.42098903],[9.43264502,45.42101245],[9.43244444,45.42098022],[9.43157264,45.42071491],[9.43134982,45.42059847],[9.43116742,45.42058799],[9.43096117,45.42056642],[9.43019883,45.42038501],[9.42960702,45.42140904],[9.4292159,45.42136046],[9.42885982,45.42241925],[9.42597808,45.42204532],[9.42597476,45.42229172],[9.42586028,45.4230257],[9.42570721,45.42400727],[9.42473269,45.42398881],[9.42457489,45.42436272],[9.4232163,45.42438117],[9.42283699,45.42612909],[9.42238575,45.42614833],[9.4220413,45.42768003],[9.42301508,45.42798246],[9.4222308,45.43047337],[9.42056514,45.4301968],[9.41950285,45.43002969],[9.41903782,45.42998717],[9.41850384,45.43115279],[9.41770682,45.43090938],[9.41686218,45.43078645],[9.41618327,45.43108197],[9.41542933,45.43216885],[9.41521668,45.4328087],[9.41500667,45.43380859],[9.41485849,45.43430421],[9.41471571,45.43479301],[9.41445374,45.43489974],[9.41368561,45.43475852],[9.41312192,45.43459854],[9.41267347,45.43446514],[9.41219866,45.43422382],[9.41189055,45.4340449],[9.41122088,45.43408291],[9.41101116,45.43442612],[9.41105161,45.43471401],[9.41087056,45.43509117],[9.41138811,45.43527988],[9.41199098,45.43554774],[9.41338073,45.43619429],[9.41362269,45.43588424],[9.4141927,45.43591783],[9.41511472,45.43612152],[9.41557675,45.43636286],[9.41586214,45.4369199],[9.41594304,45.43759919],[9.41582017,45.43827922],[9.41602805,45.43862051],[9.41664082,45.43860027],[9.41712789,45.43848385],[9.41732565,45.43784168],[9.41826138,45.4381623],[9.41947923,45.43859888],[9.42017193,45.43890238],[9.42084311,45.43975503],[9.42114758,45.44114907],[9.4212627,45.44276886],[9.42142399,45.44382141],[9.42188103,45.44443097],[9.42190185,45.44445873],[9.42191658,45.44461169],[9.42192706,45.44483668],[9.4220098,45.4450029],[9.42277672,45.44537575],[9.4243766,45.44577149],[9.42525543,45.44584052],[9.42578025,45.44585462],[9.4258465,45.44556517],[9.42584475,45.44533223],[9.42574022,45.44508357],[9.42572659,45.4447864],[9.42592852,45.44433578],[9.42624396,45.44381242],[9.42671936,45.44332865],[9.42686527,45.44301481],[9.42761176,45.44304231],[9.42836907,45.44311839],[9.42849318,45.44310286],[9.42857771,45.44309172],[9.42892827,45.44317034],[9.429334,45.44326133],[9.43000331,45.44341143],[9.43036697,45.4436864],[9.43146585,45.44453829],[9.43385212,45.44762032],[9.4341296,45.44748007],[9.43441373,45.44737867],[9.43462638,45.4472441],[9.43483889,45.4470928],[9.43566246,45.44665735],[9.43614275,45.44648187],[9.43622012,45.44648701],[9.43682867,45.44649999],[9.43720896,45.44666044],[9.43744283,45.44675172],[9.43751935,45.4467816],[9.43767582,45.44698924],[9.43790247,45.44721198],[9.4381198,45.44746038],[9.43829738,45.44768511],[9.43834275,45.44775425],[9.43838495,45.44824914],[9.43825909,45.44851065],[9.43781319,45.4487284],[9.43766232,45.44906203],[9.43762966,45.44959321],[9.43758355,45.44983193],[9.43824553,45.45047297],[9.43751365,45.45095988],[9.43858027,45.45186103],[9.43968243,45.45285988],[9.44001534,45.45322559],[9.44020287,45.45354383],[9.44025508,45.45388568],[9.44026523,45.45395765],[9.44072478,45.45456795],[9.4409808,45.45527796],[9.44202693,45.45526949],[9.44265321,45.45526441],[9.44308261,45.45527631],[9.44378538,45.4552958]]]}},{"type":"Feature","properties":{"name":"Milano","istat_code":"015146","source":"ISTAT - Confini amministrativi 2022 non generalizzati, Comuni WGS84 / UTM Zone 32N","source_url":"https://www.istat.it/storage/cartografia/confini_amministrativi/non_generalizzati/Limiti01012022.zip"},"geometry":{"type":"Polygon","coordinates":[[[9.17565394,45.53597335],[9.1757178,45.53532117],[9.17764422,45.53545356],[9.17806656,45.5347781],[9.17911852,45.53534265],[9.17913757,45.53509469],[9.1791447,45.53500073],[9.17925188,45.53502082],[9.17951428,45.53507019],[9.17973992,45.53511278],[9.17997725,45.5351568],[9.18029024,45.53414451],[9.1819709,45.53438385],[9.18200713,45.5342251],[9.18299159,45.53435544],[9.18305116,45.53415689],[9.18333748,45.53318479],[9.18355082,45.5332241],[9.18426377,45.53335289],[9.18431681,45.53306219],[9.18455256,45.53272205],[9.18458251,45.53268017],[9.18465061,45.53202764],[9.18468825,45.53166525],[9.18470123,45.53152933],[9.18469417,45.53136803],[9.18468626,45.53118153],[9.18476289,45.53092751],[9.18487988,45.53055445],[9.18527461,45.53059992],[9.18597494,45.53067883],[9.18654057,45.5307408],[9.18660997,45.53041993],[9.18668543,45.53007099],[9.18663172,45.53004926],[9.18662646,45.52991389],[9.18662228,45.52980054],[9.18661872,45.52947621],[9.18722112,45.52886702],[9.18725755,45.52882945],[9.18816543,45.5279114],[9.18895371,45.52711353],[9.18899049,45.52707589],[9.19012809,45.52718351],[9.19044738,45.52721471],[9.19043952,45.52725197],[9.19034825,45.52765195],[9.1904897,45.52765534],[9.19045373,45.52775951],[9.19267924,45.52798505],[9.19261455,45.52725512],[9.19426958,45.52748845],[9.19570026,45.5276924],[9.19609575,45.52774921],[9.19585066,45.52837242],[9.1957835,45.5285416],[9.19570937,45.52853526],[9.19564796,45.52852924],[9.19548849,45.5293355],[9.19582827,45.52937737],[9.19657219,45.52946869],[9.19710478,45.52797749],[9.19747289,45.52804695],[9.19770529,45.52728138],[9.19855528,45.52745107],[9.1991344,45.52756857],[9.19900588,45.52777983],[9.19884581,45.52804208],[9.19924843,45.52814034],[9.19912942,45.52830906],[9.20037364,45.528509],[9.20016546,45.52913241],[9.19996201,45.52974437],[9.20075369,45.52985646],[9.20115509,45.52991476],[9.20126925,45.52948862],[9.20148976,45.52868657],[9.20206123,45.52880265],[9.20201956,45.5289742],[9.20200356,45.52902256],[9.20292111,45.52920987],[9.20301837,45.5289979],[9.20503664,45.52925582],[9.20570232,45.52933502],[9.20612348,45.52792628],[9.20738232,45.52801919],[9.20746029,45.52817576],[9.20806157,45.52821888],[9.20952151,45.52833965],[9.20965271,45.52835081],[9.20973049,45.5282832],[9.20966835,45.52817567],[9.21009287,45.52820236],[9.21137969,45.52828634],[9.2119434,45.52926464],[9.2118051,45.52999011],[9.21187325,45.53016111],[9.21324585,45.53028904],[9.21324377,45.52974005],[9.21380995,45.52960772],[9.21535557,45.52963213],[9.21645897,45.52965691],[9.2162527,45.52930233],[9.21642605,45.52929247],[9.2164718,45.52929168],[9.2168437,45.52929612],[9.21673253,45.52838728],[9.21625271,45.52679123],[9.21980927,45.52671243],[9.21979752,45.52617194],[9.21940435,45.525489],[9.21955918,45.52501088],[9.21979833,45.52503753],[9.22009251,45.52357192],[9.22012819,45.52339418],[9.22146613,45.52342803],[9.22271642,45.52372384],[9.22282458,45.52368],[9.22322212,45.52352373],[9.22334437,45.52364974],[9.22352081,45.52358233],[9.22360309,45.52354924],[9.22392979,45.52359406],[9.22397301,45.52342737],[9.2251644,45.52358262],[9.22515936,45.52362751],[9.22553595,45.52366744],[9.22555905,45.52351492],[9.22586659,45.52356767],[9.22593617,45.52328933],[9.22603573,45.52285315],[9.22770282,45.52304274],[9.22781624,45.52305671],[9.22925191,45.52322374],[9.22929499,45.52304829],[9.23086296,45.5231476],[9.2309388,45.52315237],[9.23118933,45.5217345],[9.23128801,45.52118042],[9.23303434,45.52128532],[9.23342413,45.51985361],[9.23334093,45.51984445],[9.2334795,45.51906136],[9.23399168,45.51906031],[9.23462855,45.5174561],[9.23582016,45.51768324],[9.23592209,45.51744159],[9.23791419,45.51786359],[9.23761043,45.51870548],[9.23820779,45.5188085],[9.24098367,45.51928894],[9.24288341,45.51904457],[9.24301784,45.51902813],[9.24371498,45.51902134],[9.24408051,45.51892229],[9.24462728,45.51902449],[9.24487837,45.51838006],[9.24509728,45.51847605],[9.24514062,45.51849466],[9.24558629,45.51868839],[9.24609088,45.51886412],[9.24651292,45.5190169],[9.24758551,45.51943739],[9.24881583,45.51982113],[9.24960722,45.52000323],[9.24978173,45.51967923],[9.25080307,45.51985204],[9.25152002,45.51996346],[9.25252023,45.52003327],[9.25279293,45.520104],[9.25303302,45.52016684],[9.25401953,45.52032223],[9.25535671,45.52042303],[9.25519876,45.51991465],[9.25528989,45.51954591],[9.25515573,45.51891318],[9.25540866,45.51889245],[9.25684943,45.51823688],[9.25738996,45.51837489],[9.25746729,45.5182538],[9.25879434,45.51889409],[9.25862906,45.51903982],[9.25874641,45.51907339],[9.25902918,45.51913575],[9.25915803,45.51915757],[9.25926523,45.51917572],[9.25948133,45.5192142],[9.25956417,45.51922905],[9.2597754,45.51926457],[9.25997445,45.51934157],[9.26009929,45.51938985],[9.26016559,45.51942772],[9.26039089,45.51954671],[9.26063431,45.51961816],[9.2609101,45.51957035],[9.26108149,45.51954063],[9.26112253,45.51937402],[9.2610653,45.51919863],[9.26104194,45.51912217],[9.26123902,45.51895521],[9.26128665,45.51891459],[9.26139202,45.51884234],[9.26152838,45.51879477],[9.26165171,45.51877424],[9.26204886,45.51873732],[9.26227752,45.51852077],[9.2622447,45.51835883],[9.2621825,45.51804843],[9.26200342,45.51786883],[9.26193181,45.51769797],[9.26186204,45.51730684],[9.26180262,45.51697369],[9.26178968,45.5169017],[9.2619042,45.51679343],[9.26202583,45.51674815],[9.26213133,45.51663539],[9.26213114,45.51650937],[9.26208283,45.51635646],[9.26208407,45.51623052],[9.26210947,45.51614938],[9.26227045,45.51618052],[9.26238489,45.51613975],[9.26238489,45.51600924],[9.2623687,45.51588326],[9.26254026,45.51577935],[9.2627323,45.51577891],[9.26310017,45.51577356],[9.26350631,45.51578163],[9.26412181,45.5157712],[9.26431666,45.51585626],[9.26449413,45.51603137],[9.26489339,45.51605049],[9.26512442,45.51606141],[9.26525288,45.51606562],[9.26585718,45.51609572],[9.26721159,45.51607006],[9.26808812,45.51605],[9.26825668,45.51653565],[9.26834465,45.51679198],[9.26842793,45.51676785],[9.26848556,45.51675114],[9.26871097,45.51676216],[9.26876205,45.51676096],[9.26883129,45.51675933],[9.26889273,45.51621913],[9.26892682,45.5160825],[9.26905605,45.51556167],[9.26896402,45.51505782],[9.26880808,45.51457213],[9.26875018,45.51430447],[9.26874339,45.51427308],[9.26866407,45.51390639],[9.26864745,45.51373542],[9.26861016,45.51333946],[9.26854457,45.51291219],[9.26847855,45.51247902],[9.26824712,45.51246986],[9.26813918,45.51246715],[9.26801097,45.51246336],[9.26784683,45.51245915],[9.26750228,45.51245078],[9.26718483,45.51244269],[9.26721038,45.51238863],[9.26724336,45.51234203],[9.2672561,45.51230308],[9.26727499,45.51226314],[9.26754578,45.51169027],[9.26757782,45.51162268],[9.26748219,45.5109885],[9.26747607,45.51092074],[9.26744659,45.51051568],[9.2679803,45.51046865],[9.26892806,45.51038513],[9.2695432,45.51033091],[9.26984507,45.50920507],[9.27094955,45.50925421],[9.27099746,45.50925634],[9.27102588,45.50912636],[9.27114732,45.50861984],[9.27123329,45.50825666],[9.27146601,45.50728448],[9.27156931,45.5068529],[9.27159978,45.50672561],[9.27182118,45.50664001],[9.27203351,45.50655792],[9.27230252,45.50645391],[9.27310501,45.50637548],[9.27332613,45.50635246],[9.2742736,45.50631673],[9.27461857,45.50625934],[9.27490929,45.50602855],[9.27503938,45.50592529],[9.27560196,45.50578892],[9.2767279,45.50567818],[9.2774955,45.50558631],[9.27790503,45.50556731],[9.27785207,45.50524239],[9.27758827,45.50362386],[9.27621868,45.50363617],[9.27617847,45.50342271],[9.27601869,45.50257454],[9.27579041,45.50256158],[9.27555594,45.50254846],[9.27486535,45.50250981],[9.2743186,45.50247962],[9.27426231,45.5022302],[9.27420086,45.50195783],[9.2738663,45.50196384],[9.27188424,45.50199938],[9.27177332,45.50216114],[9.27165545,45.50233296],[9.27175023,45.50270224],[9.27181509,45.50295365],[9.27183807,45.50304361],[9.27212363,45.50386203],[9.27233181,45.50456362],[9.27250083,45.50510328],[9.27255447,45.50560721],[9.27214558,45.5057612],[9.27159541,45.50581652],[9.27029361,45.50585111],[9.26796809,45.50591457],[9.26790941,45.50591524],[9.267886,45.50587478],[9.26744045,45.5055968],[9.26690558,45.50541802],[9.26564966,45.50515542],[9.26498718,45.50502389],[9.26437825,45.50489892],[9.26376973,45.50478135],[9.26311687,45.5047049],[9.26241559,45.50462283],[9.26236717,45.50461845],[9.26154969,45.5044808],[9.26129752,45.50440487],[9.26129659,45.5043746],[9.26127953,45.50367143],[9.26127732,45.50358132],[9.26126562,45.50309289],[9.26125673,45.50272176],[9.26124348,45.50265036],[9.26116105,45.50220615],[9.26107392,45.50173657],[9.26105037,45.5016061],[9.26086961,45.5012165],[9.26059181,45.50061703],[9.26040706,45.5001944],[9.26038706,45.50014944],[9.26035898,45.5000865],[9.26032823,45.49983904],[9.26045581,45.49896206],[9.26055993,45.49869087],[9.26067768,45.49838456],[9.26078128,45.4981188],[9.26106992,45.49749256],[9.26114691,45.49732379],[9.26118404,45.49724479],[9.26133665,45.49691139],[9.26143649,45.49665913],[9.26163759,45.49617339],[9.26186145,45.49579855],[9.26205789,45.49524904],[9.26208304,45.49521563],[9.26210201,45.49519043],[9.26220439,45.49505968],[9.26213069,45.49503734],[9.26208489,45.49502353],[9.26205677,45.49500147],[9.26200669,45.49499956],[9.26178023,45.49493644],[9.26153139,45.49486518],[9.2611272,45.49313142],[9.26089591,45.49115621],[9.26086981,45.49104434],[9.26085126,45.49096729],[9.26083497,45.4908188],[9.26075311,45.49071548],[9.26067387,45.49061665],[9.26048678,45.49045955],[9.26042335,45.49040569],[9.2598975,45.49015486],[9.25969653,45.49005951],[9.25955763,45.48999361],[9.25848983,45.489726],[9.25824104,45.48968991],[9.25809866,45.4896673],[9.25838128,45.48759749],[9.25838761,45.4875487],[9.25839772,45.48747144],[9.25844348,45.48713661],[9.25881167,45.48442363],[9.25924134,45.48417662],[9.25928387,45.48415253],[9.26236186,45.48409599],[9.26407016,45.4840646],[9.26485569,45.48404985],[9.26471207,45.48028153],[9.26470484,45.48008957],[9.26469072,45.47972056],[9.26467597,45.47928094],[9.26467352,45.47922556],[9.26364068,45.47919054],[9.26198409,45.47913434],[9.26169184,45.47912442],[9.26158736,45.47790959],[9.26155016,45.47747717],[9.26147011,45.47654635],[9.26146197,45.47645162],[9.26132774,45.47645905],[9.26089678,45.47648441],[9.26047706,45.47650788],[9.2607062,45.47412259],[9.26072436,45.47393692],[9.26074206,45.47375743],[9.26079381,45.47321816],[9.26090907,45.47201698],[9.26096235,45.47146165],[9.2609818,45.47142525],[9.26136181,45.47139322],[9.26198859,45.47137379],[9.26366506,45.47149595],[9.26439438,45.47156177],[9.26543126,45.47165388],[9.26634719,45.47179579],[9.26739347,45.47195984],[9.26757678,45.47202133],[9.26820996,45.47219645],[9.26889024,45.4724936],[9.26954328,45.4724521],[9.269918,45.47239266],[9.27033428,45.47232646],[9.27137357,45.4723106],[9.27143401,45.47222484],[9.27141987,45.47144178],[9.27140541,45.47076685],[9.27178358,45.46838953],[9.27130833,45.46815214],[9.27110885,45.46761254],[9.27140744,45.46602313],[9.2715429,45.46540194],[9.27161379,45.46504103],[9.27174552,45.46437962],[9.27172464,45.46413369],[9.27165649,45.46335249],[9.27165032,45.46328172],[9.27149204,45.46228747],[9.27159097,45.46228723],[9.2716659,45.46190901],[9.27171872,45.46182243],[9.27216085,45.46109773],[9.27219703,45.4606953],[9.27220941,45.46055754],[9.27153126,45.46050515],[9.27041792,45.46039077],[9.27033993,45.46012992],[9.27031918,45.45991817],[9.27028615,45.45958098],[9.27016853,45.4590592],[9.26993741,45.45887072],[9.26983961,45.45881604],[9.2696168,45.45869145],[9.26941052,45.45859319],[9.26933477,45.4585571],[9.26924349,45.45818827],[9.26926674,45.45813863],[9.26935745,45.45794497],[9.26895997,45.45773888],[9.2680509,45.45753399],[9.26710386,45.4574102],[9.26577342,45.45735029],[9.26459671,45.45734402],[9.26455584,45.45722433],[9.26448,45.45700225],[9.26437373,45.45615639],[9.2642863,45.45579058],[9.26417807,45.45533774],[9.26386978,45.45505041],[9.26384047,45.45495977],[9.26370109,45.45452874],[9.26405439,45.45350179],[9.26452384,45.45269961],[9.26504887,45.45259996],[9.26510548,45.45244745],[9.26517267,45.45227079],[9.26524804,45.45207258],[9.26489387,45.45180665],[9.26478786,45.45172686],[9.26487647,45.45157451],[9.26492399,45.45148988],[9.26519376,45.45101483],[9.26576961,45.4510945],[9.26617871,45.45106655],[9.26625386,45.45097996],[9.26638223,45.45083204],[9.26637748,45.45071663],[9.26636779,45.45048103],[9.26713159,45.44978485],[9.26698681,45.44886838],[9.26661206,45.44804115],[9.26651231,45.44730257],[9.26645314,45.44688038],[9.26653377,45.44643693],[9.26657763,45.44615999],[9.26663948,45.44571879],[9.26655911,45.44494487],[9.26659741,45.44461831],[9.26669086,45.4443255],[9.26673456,45.44418837],[9.26676644,45.44396929],[9.26682824,45.44354457],[9.26683369,45.44351306],[9.2667513,45.44303169],[9.2667285,45.44290122],[9.26668676,45.44211597],[9.26672027,45.44115501],[9.26693419,45.44035653],[9.26693913,45.44024339],[9.26695144,45.43991887],[9.26695672,45.43977728],[9.26664625,45.43901291],[9.2666559,45.4383468],[9.26665322,45.43777974],[9.26654469,45.43746239],[9.26652115,45.43739299],[9.2665015,45.43733453],[9.26632606,45.43681737],[9.26641048,45.43641662],[9.26650366,45.43601135],[9.26656879,45.4358941],[9.26693173,45.43524075],[9.26680154,45.43520955],[9.26662755,45.43511278],[9.26656432,45.4350758],[9.26651293,45.43504573],[9.26627739,45.43481895],[9.26577097,45.43432517],[9.26533993,45.43390328],[9.26408327,45.43277592],[9.26386057,45.43257609],[9.26378021,45.43250393],[9.26360748,45.43221153],[9.2620383,45.43132909],[9.26191928,45.43136895],[9.26171531,45.43125728],[9.26024475,45.43045555],[9.25994751,45.43039942],[9.25936397,45.4302908],[9.25850663,45.42947058],[9.25729363,45.42872412],[9.25722144,45.42868019],[9.25611939,45.42809782],[9.255758,45.42790685],[9.25488638,45.4274382],[9.2540116,45.42696749],[9.25386748,45.42678426],[9.25376035,45.42671303],[9.25370248,45.42658711],[9.25347227,45.42639273],[9.25322367,45.4262369],[9.25309162,45.42615412],[9.252583,45.42594751],[9.25250536,45.42591598],[9.25241713,45.42587833],[9.25176452,45.42559991],[9.25199058,45.42538239],[9.25278724,45.42461833],[9.25387193,45.42357799],[9.25380408,45.42355742],[9.25352559,45.42347087],[9.25306154,45.42332776],[9.25277296,45.42325147],[9.25184953,45.42300639],[9.25163854,45.42293014],[9.250988,45.42269325],[9.25079924,45.42277401],[9.25060526,45.42285611],[9.25005687,45.42313635],[9.24925317,45.42349815],[9.24895641,45.42354831],[9.24786093,45.42373521],[9.24664611,45.42362083],[9.24553544,45.42315511],[9.24530153,45.42305665],[9.24387911,45.42222258],[9.24289193,45.42153159],[9.24012752,45.41980471],[9.24002119,45.41973742],[9.2403761,45.41962251],[9.24074873,45.41950186],[9.2413739,45.4192395],[9.24254743,45.41868794],[9.24340302,45.41828572],[9.24511056,45.41748292],[9.24516164,45.41745763],[9.24693257,45.4168063],[9.24762084,45.41641776],[9.24858856,45.41564156],[9.2493665,45.41526181],[9.2496973,45.41499778],[9.24999412,45.41476086],[9.25017979,45.41461194],[9.24877177,45.4137059],[9.24787462,45.41312277],[9.24706913,45.4130435],[9.24664591,45.41270238],[9.24624558,45.41239269],[9.24614331,45.41231322],[9.24604343,45.41223561],[9.24548053,45.41210181],[9.24432,45.41261736],[9.24388519,45.41254627],[9.24317724,45.41175623],[9.2426553,45.41101371],[9.242812,45.41079128],[9.24287048,45.41071322],[9.24300743,45.41051388],[9.24295355,45.41042217],[9.24259549,45.40981266],[9.24139253,45.40941015],[9.24041985,45.40901615],[9.24003533,45.40874693],[9.23875963,45.40921766],[9.23865723,45.40926417],[9.23862763,45.40928125],[9.23794462,45.40958986],[9.23738262,45.40992262],[9.23634673,45.40968624],[9.23508038,45.40939631],[9.23366099,45.40912919],[9.23296982,45.40886057],[9.23213688,45.40829519],[9.23142191,45.40801759],[9.22995249,45.40800127],[9.22969436,45.40799182],[9.22859769,45.40794228],[9.22743536,45.4080256],[9.22659152,45.40786526],[9.22591881,45.40764064],[9.22556814,45.40759725],[9.22494527,45.40837258],[9.22432271,45.40894263],[9.22411763,45.40913031],[9.22344218,45.40954569],[9.2232573,45.40960006],[9.22321243,45.40961365],[9.22315392,45.40965689],[9.22298205,45.40978062],[9.22285484,45.40987538],[9.22094532,45.40900147],[9.22038551,45.40874413],[9.21897625,45.40809614],[9.21780837,45.4075718],[9.21786276,45.40744118],[9.21797564,45.40717235],[9.21811302,45.40685561],[9.21853389,45.40584669],[9.21750922,45.40521856],[9.21694434,45.4047329],[9.21682131,45.40462712],[9.21666307,45.40449106],[9.21617453,45.40370889],[9.21589073,45.40300733],[9.21582387,45.40222434],[9.21606236,45.40115275],[9.21676836,45.40021021],[9.2169266,45.39999896],[9.21762609,45.39915151],[9.21842769,45.39833987],[9.21870694,45.39786227],[9.21850737,45.39781248],[9.21655863,45.39732629],[9.21503322,45.39708429],[9.21482039,45.39705052],[9.21474999,45.39729441],[9.21468146,45.39752785],[9.21365135,45.39736323],[9.21321763,45.39729413],[9.21048279,45.39685639],[9.21038255,45.39684053],[9.21014533,45.39680269],[9.21001729,45.39678043],[9.20994801,45.39694839],[9.20983152,45.39723083],[9.20968827,45.39758214],[9.20807703,45.39714403],[9.20884088,45.39645854],[9.20890304,45.39632407],[9.20913241,45.39582792],[9.20914453,45.39555809],[9.2091559,45.3953238],[9.20897618,45.39521006],[9.20877603,45.39508392],[9.20864387,45.3950007],[9.20839965,45.39459608],[9.20832011,45.39386714],[9.20843267,45.39320984],[9.20849553,45.39293068],[9.20772603,45.39265801],[9.20745963,45.39256361],[9.20670485,45.39229485],[9.20627003,45.39216962],[9.20607822,45.39255358],[9.20595366,45.3929983],[9.20552388,45.39329434],[9.20549509,45.39331417],[9.20502915,45.39340018],[9.20480567,45.39344143],[9.20434832,45.39409934],[9.20373791,45.39488354],[9.20370091,45.39525266],[9.20362542,45.39552282],[9.2034354,45.39597322],[9.20329484,45.3961115],[9.20321229,45.39619464],[9.20296065,45.39641063],[9.20250564,45.39672648],[9.20244294,45.39705964],[9.20236744,45.39738381],[9.2023094,45.39744889],[9.20224037,45.39752356],[9.20220836,45.39755963],[9.20182449,45.39756293],[9.20155059,45.39756529],[9.20135155,45.39758764],[9.2009569,45.39763197],[9.20089954,45.39763599],[9.20041857,45.39761067],[9.20039408,45.39756334],[9.20034441,45.39743915],[9.20025898,45.39722551],[9.20014182,45.39661363],[9.2000241,45.39603173],[9.19995978,45.39571383],[9.19984239,45.39502994],[9.19989222,45.3946698],[9.20017638,45.39430245],[9.20054063,45.39383155],[9.20136722,45.39281295],[9.20162022,45.39211041],[9.20137606,45.39170579],[9.20117686,45.3914545],[9.20070877,45.39086084],[9.19991393,45.39007013],[9.19913019,45.38940049],[9.19909389,45.38936947],[9.19857097,45.38909154],[9.19853366,45.38906929],[9.19751987,45.38852608],[9.19592107,45.38788975],[9.19471896,45.38750475],[9.19337705,45.387264],[9.19255707,45.38711253],[9.19250632,45.38710315],[9.19209066,45.3877548],[9.19183263,45.38803862],[9.19108352,45.38828315],[9.19097509,45.38842051],[9.19097153,45.38847628],[9.19084106,45.38865076],[9.19081152,45.38878608],[9.19086287,45.38887558],[9.19096036,45.38895706],[9.19086611,45.38983901],[9.19077808,45.38991624],[9.19064036,45.39015444],[9.19136725,45.39072513],[9.19126557,45.39083773],[9.19130243,45.39109539],[9.19132793,45.39130961],[9.19124735,45.39167446],[9.19106928,45.39195901],[9.19122976,45.39222871],[9.1912369,45.39242159],[9.19108769,45.39261532],[9.19079059,45.39267005],[9.19033419,45.39277482],[9.19001808,45.39275695],[9.1898452,45.39265791],[9.18938617,45.39225343],[9.18886456,45.39202944],[9.18829392,45.39164512],[9.18808064,45.39160384],[9.18791092,45.39147738],[9.18778743,45.39136058],[9.18720838,45.39115434],[9.18707327,45.39120879],[9.18692325,45.39115541],[9.18696401,45.39098927],[9.18690329,45.39100247],[9.18683185,45.39119547],[9.1864739,45.3914712],[9.18633471,45.39150737],[9.18624683,45.39138991],[9.18599203,45.390266],[9.18610349,45.39016649],[9.18564574,45.3898927],[9.18415289,45.39039055],[9.18385176,45.39045321],[9.18252774,45.39056836],[9.18214848,45.39076701],[9.18259249,45.39181019],[9.18255634,45.39190897],[9.17971775,45.39312462],[9.1794194,45.39330089],[9.17877612,45.39337302],[9.17812333,45.39352424],[9.17729669,45.39370944],[9.17707316,45.3937229],[9.17672108,45.39382217],[9.17659626,45.39380012],[9.17310383,45.39448528],[9.17292203,45.39452106],[9.17304046,45.39546092],[9.17325113,45.39713097],[9.173376,45.39844165],[9.17343577,45.3990645],[9.1735986,45.40076812],[9.17244524,45.40077059],[9.17051822,45.40077586],[9.17076644,45.40282848],[9.17000903,45.4028028],[9.16837014,45.40226902],[9.16817756,45.40219804],[9.1680423,45.40213906],[9.16746624,45.40130262],[9.16732414,45.40119098],[9.16654054,45.40086734],[9.16660414,45.4005073],[9.16555791,45.40049814],[9.1652521,45.40049596],[9.16636276,45.40221386],[9.16610478,45.40229088],[9.16597624,45.40238523],[9.16572359,45.40298371],[9.16560153,45.40307407],[9.16535533,45.40311953],[9.16468523,45.40337675],[9.1643697,45.40353074],[9.16425767,45.40344927],[9.16410536,45.40345405],[9.16405714,45.40330573],[9.16423288,45.40328323],[9.16413845,45.40313041],[9.16405978,45.40309855],[9.1630414,45.4034065],[9.16291579,45.40339358],[9.16236597,45.40321795],[9.1599876,45.40299284],[9.1581487,45.40257669],[9.15811531,45.4025225],[9.1585933,45.40173383],[9.15843506,45.40155465],[9.15682734,45.4011425],[9.15645611,45.40135259],[9.15627889,45.40145374],[9.15586674,45.40153992],[9.15778276,45.40285423],[9.15796899,45.40299064],[9.15687577,45.40407734],[9.15706933,45.40441319],[9.15753414,45.40521842],[9.15755794,45.40525957],[9.15767239,45.40545594],[9.1587833,45.40735854],[9.1588828,45.40753738],[9.15893675,45.40763257],[9.15916556,45.4080859],[9.15891423,45.40816178],[9.15851462,45.4082785],[9.15850437,45.408988],[9.15850049,45.40929533],[9.158235,45.41003071],[9.15815232,45.41025994],[9.15793511,45.41085719],[9.15764675,45.41165203],[9.15736342,45.41243397],[9.15722528,45.41244596],[9.15637866,45.41252064],[9.15557038,45.41259165],[9.15548954,45.41259864],[9.15555845,45.4131921],[9.15554483,45.41352506],[9.15543806,45.41397867],[9.15542445,45.41403502],[9.15533062,45.41440908],[9.15527592,45.41446368],[9.15514329,45.41459535],[9.15507266,45.41480393],[9.15494312,45.41518409],[9.15487739,45.41537725],[9.15460874,45.41616963],[9.15452816,45.41612624],[9.15417052,45.41569109],[9.1541228,45.41563315],[9.15354184,45.41541786],[9.1530491,45.41529629],[9.15266048,45.4152004],[9.15252151,45.41543976],[9.15199778,45.41634267],[9.15188313,45.4162882],[9.1514926,45.41610295],[9.15002355,45.41540734],[9.14960095,45.41520769],[9.15067791,45.41469404],[9.15051834,45.41457275],[9.15033954,45.41444297],[9.15002934,45.41427354],[9.14973383,45.41420784],[9.14953306,45.4141934],[9.14948595,45.41419278],[9.14937392,45.41419788],[9.14899731,45.4142185],[9.14810829,45.41388633],[9.1479051,45.41422575],[9.14774615,45.41449079],[9.14768962,45.41466754],[9.14764417,45.414811],[9.14755808,45.41495578],[9.14750568,45.41504369],[9.14738975,45.41522822],[9.14724449,45.41545753],[9.14722013,45.415803],[9.14705449,45.41598237],[9.14691723,45.41613375],[9.14645323,45.41648237],[9.14608171,45.41676035],[9.14553259,45.41742722],[9.145079,45.41798042],[9.1449215,45.41813147],[9.1447556,45.41829194],[9.14430907,45.41812391],[9.14313571,45.41768328],[9.14294609,45.41764249],[9.1427351,45.41754306],[9.14232045,45.41742569],[9.14145395,45.41718121],[9.14143593,45.41722473],[9.14133204,45.41748085],[9.14008413,45.41716793],[9.13952353,45.41661159],[9.13948758,45.41657564],[9.13929302,45.41647798],[9.13925068,45.41734931],[9.13913104,45.4177339],[9.13901694,45.4178326],[9.13837093,45.4178321],[9.13827424,45.41787089],[9.13607988,45.41749644],[9.13603449,45.41748847],[9.13609504,45.41741857],[9.13631442,45.41716565],[9.13785939,45.41538159],[9.13770067,45.41542052],[9.13728805,45.41538983],[9.13692722,45.41529934],[9.13640319,45.41499987],[9.13606251,45.41480506],[9.13561679,45.41469992],[9.13339847,45.41417855],[9.13322762,45.41438603],[9.13313539,45.41449837],[9.13295786,45.41452154],[9.13247804,45.41525074],[9.13208005,45.41562973],[9.13193753,45.41576475],[9.13163417,45.4159264],[9.13152738,45.41597575],[9.13026714,45.41728361],[9.13048278,45.417355],[9.13035992,45.41801641],[9.13064773,45.41935065],[9.13065111,45.41942137],[9.13064541,45.41956439],[9.13063409,45.41978999],[9.13053813,45.42008704],[9.13053215,45.42036219],[9.13047003,45.42056818],[9.13091964,45.42062223],[9.1308839,45.42076787],[9.1306738,45.42161597],[9.13089373,45.42154957],[9.13097104,45.42149685],[9.13102929,45.42144998],[9.13105961,45.42129034],[9.1310721,45.42097847],[9.13107554,45.4208886],[9.13111733,45.42077458],[9.13118649,45.42074472],[9.13125318,45.42071558],[9.13132949,45.42070651],[9.13143576,45.42069359],[9.13159491,45.42071948],[9.13196074,45.42077875],[9.13193152,45.42090646],[9.13188199,45.42111625],[9.13193679,45.42121956],[9.13196697,45.42124319],[9.13200725,45.42127655],[9.13205888,45.42128905],[9.13226984,45.42134218],[9.13225241,45.42175326],[9.13208048,45.42327587],[9.13204708,45.42357688],[9.13201699,45.42363595],[9.13189039,45.42378735],[9.13165756,45.42396618],[9.1315185,45.42405056],[9.1312365,45.4242212],[9.13105777,45.42432083],[9.13082871,45.42444488],[9.12865194,45.42562472],[9.1285392,45.42568592],[9.12848679,45.42572208],[9.12837611,45.42580061],[9.12826218,45.42588228],[9.1281521,45.42609768],[9.12805847,45.42619673],[9.12776753,45.4264285],[9.12766403,45.42651152],[9.12756833,45.42662051],[9.12705588,45.4276024],[9.12700808,45.4276942],[9.12698809,45.42773292],[9.12683865,45.4280185],[9.12674134,45.42826904],[9.12668008,45.42855637],[9.12667943,45.42862703],[9.12667794,45.42870432],[9.12667706,45.4287985],[9.12667231,45.42914349],[9.12666843,45.42946502],[9.12666488,45.42969413],[9.12666376,45.42988066],[9.12667306,45.42991271],[9.12670368,45.43001071],[9.12667779,45.43005568],[9.12664915,45.43010461],[9.12654543,45.4302042],[9.12644533,45.43029887],[9.12597688,45.43069342],[9.12565607,45.4309629],[9.1256159,45.43099854],[9.12455759,45.43190554],[9.12149754,45.43453074],[9.12142675,45.4345642],[9.1212601,45.43464449],[9.1212253,45.43470419],[9.12124347,45.43473879],[9.12126019,45.43476896],[9.12141193,45.43486742],[9.12167817,45.43496093],[9.12187403,45.43502943],[9.12196116,45.43506032],[9.12207931,45.43510994],[9.12209112,45.43513604],[9.12210161,45.43516366],[9.12206968,45.43527644],[9.12152554,45.43620032],[9.12091698,45.43722616],[9.12074831,45.43751169],[9.12040399,45.43737533],[9.12036235,45.43741868],[9.12016468,45.43763468],[9.11951849,45.4383525],[9.11881665,45.43901031],[9.118775,45.43905537],[9.1187289,45.43910439],[9.11868202,45.43915456],[9.11806473,45.43980994],[9.11802878,45.43984866],[9.11791087,45.43997437],[9.11785402,45.44004687],[9.11781556,45.4400978],[9.11764288,45.4403219],[9.11756094,45.44042679],[9.11750016,45.44050587],[9.11745181,45.44056893],[9.11740501,45.44059408],[9.11730581,45.44064443],[9.11717073,45.4407222],[9.11698308,45.44082386],[9.11671504,45.44097023],[9.1165167,45.44129447],[9.11648869,45.44133928],[9.11642494,45.4414431],[9.11639247,45.44149713],[9.1161894,45.44190433],[9.11616581,45.44195415],[9.11609635,45.44209207],[9.11590767,45.44248892],[9.11588124,45.44253672],[9.11579447,45.44270685],[9.11577202,45.44275251],[9.11568988,45.44291649],[9.11565831,45.44298167],[9.11562014,45.44305998],[9.11555887,45.44316332],[9.1155153,45.4432467],[9.11547741,45.44333655],[9.11542416,45.44344482],[9.11533281,45.44362677],[9.11524987,45.44377082],[9.11517827,45.4437521],[9.11509825,45.44373076],[9.1135305,45.44336335],[9.11334016,45.44331844],[9.11299571,45.44409695],[9.1129716,45.44414735],[9.11287935,45.44435593],[9.11267133,45.44482693],[9.11245489,45.44531513],[9.11224298,45.44578519],[9.11324306,45.44591086],[9.11300082,45.44627115],[9.11276375,45.44625448],[9.11249855,45.44623583],[9.11230559,45.44622226],[9.11214035,45.44621064],[9.11199106,45.44620014],[9.11194323,45.446321],[9.11192866,45.44637166],[9.11182528,45.44673136],[9.1114567,45.44787487],[9.11137494,45.44802875],[9.11122164,45.44831727],[9.11092556,45.44887451],[9.11079418,45.44912667],[9.11052681,45.45040538],[9.11044545,45.45042314],[9.11035792,45.45044066],[9.1094781,45.45061223],[9.10940377,45.45062671],[9.10919864,45.45066741],[9.10907366,45.4506271],[9.10891103,45.45057524],[9.10858442,45.45046997],[9.10780413,45.4503717],[9.10703654,45.4502104],[9.10687441,45.45001879],[9.106793,45.44992259],[9.10658748,45.44943672],[9.10607443,45.44899653],[9.10601109,45.44894219],[9.10544785,45.44863668],[9.105431,45.44860519],[9.10529551,45.44837644],[9.10518566,45.44819136],[9.10506668,45.44809306],[9.1047558,45.44783621],[9.1046717,45.44798808],[9.10452639,45.44825046],[9.10315727,45.44780165],[9.10330308,45.44769285],[9.1040331,45.44714828],[9.10406396,45.44712575],[9.10400102,45.44708546],[9.10383912,45.44698194],[9.1037695,45.44693699],[9.10362605,45.44699361],[9.10354549,45.44702666],[9.10338714,45.4470872],[9.10328987,45.44712438],[9.10315552,45.44717992],[9.10244056,45.44721042],[9.10227386,45.44721738],[9.10214212,45.4472373],[9.10185477,45.44728076],[9.10168551,45.44748794],[9.10160305,45.44761573],[9.10147629,45.44781217],[9.10131992,45.4480034],[9.10120862,45.44813557],[9.1005335,45.44832157],[9.1007634,45.44793881],[9.10086778,45.4477542],[9.10094107,45.44762362],[9.10104804,45.44733543],[9.10108821,45.44722743],[9.10117193,45.44708803],[9.10126671,45.44693023],[9.10112397,45.44693036],[9.10058257,45.44693084],[9.10012905,45.44691479],[9.09983785,45.44690449],[9.0993327,45.44687792],[9.09927795,45.44691575],[9.09922139,45.44695482],[9.09885653,45.44720689],[9.09855997,45.44740966],[9.09848326,45.44749718],[9.09844877,45.44753578],[9.09841541,45.44757445],[9.09820482,45.44781503],[9.09816032,45.4478824],[9.09813157,45.44792564],[9.0978188,45.44840043],[9.09749128,45.44885077],[9.0972418,45.44886869],[9.09693671,45.44889035],[9.09675867,45.44890287],[9.0967177,45.44890543],[9.09621253,45.44887886],[9.09588559,45.44885213],[9.09551934,45.44904775],[9.09537872,45.44912258],[9.09535019,45.44938365],[9.09535223,45.44961142],[9.09535073,45.44970768],[9.09520614,45.44997427],[9.09513101,45.45017206],[9.09508316,45.45029298],[9.09493451,45.45048775],[9.09487969,45.45056496],[9.09483322,45.45062028],[9.09463932,45.45086042],[9.0944315,45.45109462],[9.09410006,45.45139017],[9.09393407,45.45163041],[9.09387622,45.45171166],[9.09383494,45.45175391],[9.09354168,45.45205398],[9.09334879,45.4522526],[9.09328289,45.45227744],[9.0932053,45.45230682],[9.09305675,45.45235638],[9.09299462,45.45237928],[9.09218386,45.45266266],[9.09184814,45.45277995],[9.08995588,45.45308749],[9.0894211,45.45316519],[9.08907775,45.45321914],[9.08872321,45.45315188],[9.0886259,45.45313354],[9.0881528,45.45319691],[9.08721898,45.45291405],[9.08702683,45.45285573],[9.0867583,45.45273892],[9.08639897,45.45258198],[9.08560633,45.45223572],[9.08527078,45.45207594],[9.08523921,45.452061],[9.08400659,45.45147182],[9.08367691,45.45140441],[9.08361263,45.45139109],[9.08351163,45.45137108],[9.08324673,45.45132404],[9.08320679,45.45131064],[9.08296503,45.45126332],[9.08248431,45.45116688],[9.08232705,45.45112761],[9.08180627,45.45099635],[9.08171099,45.45102793],[9.08139541,45.45113639],[9.08132134,45.45116322],[9.08114483,45.45125786],[9.08096028,45.45135274],[9.08090033,45.45138068],[9.08060491,45.45153728],[9.0803837,45.4515438],[9.08027242,45.45154651],[9.08008743,45.45146716],[9.07990178,45.45138929],[9.07965819,45.45128591],[9.07893075,45.45202353],[9.07889266,45.45206009],[9.07885304,45.45210107],[9.0782786,45.452681],[9.07825021,45.45271081],[9.07810879,45.45285833],[9.07799241,45.45297027],[9.07756858,45.45211545],[9.0775339,45.45204507],[9.07742062,45.45190555],[9.07712943,45.45156217],[9.0771617,45.45135963],[9.07717461,45.4512786],[9.0772309,45.45094103],[9.07747315,45.45055382],[9.07798714,45.44957684],[9.07798708,45.44948897],[9.07798697,45.44945789],[9.07798672,45.44883874],[9.07739401,45.44879864],[9.07697528,45.44841188],[9.07697512,45.44815085],[9.07697636,45.44755677],[9.07697624,45.44735424],[9.07744008,45.44711989],[9.07784886,45.44681358],[9.07798666,45.44661996],[9.07816793,45.44636331],[9.07812907,45.44600329],[9.07823109,45.44583526],[9.07832044,45.44568812],[9.07837127,45.44546305],[9.07838376,45.44523802],[9.07852086,45.4452046],[9.07870332,45.44515678],[9.07881795,45.44483266],[9.07860022,45.44458078],[9.07880454,45.44438261],[9.07880414,45.44409458],[9.07844587,45.4439238],[9.07832987,45.44388575],[9.07802312,45.44379358],[9.07758788,45.44356405],[9.07618089,45.44281819],[9.07549093,45.44245411],[9.07699092,45.44067087],[9.07721357,45.44044119],[9.07752003,45.44014394],[9.07772795,45.43991233],[9.07798639,45.43961706],[9.07851575,45.43899111],[9.07902493,45.4385571],[9.07912873,45.43846863],[9.07885994,45.43826179],[9.07880816,45.43823032],[9.07827131,45.43790214],[9.07798646,45.43777633],[9.07768281,45.43764151],[9.0771582,45.43733583],[9.0771412,45.43718341],[9.07702637,45.43618377],[9.07598016,45.43572091],[9.07524461,45.43531656],[9.07498221,45.43517249],[9.07439414,45.4348067],[9.07376664,45.43440818],[9.07302434,45.43380558],[9.07069834,45.43428411],[9.06941912,45.4335288],[9.06847281,45.43409084],[9.06615807,45.43546566],[9.06611202,45.43549302],[9.06600949,45.43523963],[9.0654563,45.43385518],[9.06503825,45.43394338],[9.06485736,45.43398154],[9.06444906,45.43468386],[9.06335053,45.43537756],[9.06313338,45.43554871],[9.06114557,45.43472003],[9.0606264,45.43450593],[9.06015457,45.4354603],[9.05917129,45.43657696],[9.05814989,45.43775664],[9.0576519,45.43820695],[9.05619416,45.43802765],[9.05617756,45.43806565],[9.05528111,45.43980997],[9.05402258,45.43974793],[9.05448458,45.44143993],[9.05480533,45.44256492],[9.05395482,45.44482694],[9.05393381,45.44488232],[9.0538362,45.4451397],[9.04715097,45.44596177],[9.04577047,45.44613335],[9.04528443,45.44598953],[9.04466731,45.44600115],[9.0435072,45.44601722],[9.04317818,45.44608936],[9.04293215,45.44614308],[9.04268675,45.4461959],[9.04209842,45.44632425],[9.04201847,45.44637072],[9.04161891,45.446603],[9.04135408,45.44704414],[9.04115207,45.4475933],[9.04112279,45.44774932],[9.04108281,45.44796236],[9.04150393,45.44811973],[9.04280606,45.44860981],[9.0445323,45.44920323],[9.04508883,45.44939365],[9.04550487,45.44953589],[9.04622722,45.44982023],[9.04690126,45.45008919],[9.04742373,45.45029121],[9.04893325,45.45085764],[9.04930209,45.45103441],[9.04977764,45.45126232],[9.0499604,45.45139835],[9.04999519,45.45142425],[9.04958658,45.45213553],[9.04961977,45.45220155],[9.04967054,45.45230205],[9.04980804,45.45256712],[9.04967682,45.45295009],[9.04906992,45.45369517],[9.04893605,45.45385953],[9.04881185,45.45408392],[9.04852743,45.45459779],[9.04848925,45.45482284],[9.04953788,45.45471437],[9.04822413,45.45642077],[9.04815972,45.45650665],[9.04773709,45.45711726],[9.04744941,45.45753088],[9.04736989,45.45765063],[9.04709373,45.45821197],[9.04703458,45.45833388],[9.04700188,45.45840149],[9.0467033,45.45900644],[9.04658651,45.4592432],[9.04654956,45.45931521],[9.04524052,45.45922495],[9.04499224,45.45920782],[9.0446432,45.45991905],[9.04448451,45.46025395],[9.04284373,45.46372936],[9.0428905,45.46373801],[9.04318562,45.46379233],[9.04337287,45.46382678],[9.04315817,45.46470785],[9.04297241,45.46547439],[9.04384773,45.46575749],[9.04403715,45.46586855],[9.04418376,45.46592151],[9.04474245,45.46610769],[9.04477068,45.46607416],[9.04488933,45.46593239],[9.04507734,45.46559437],[9.04562646,45.46460835],[9.04598148,45.46386642],[9.0463076,45.46346322],[9.04687247,45.46276722],[9.0472871,45.46296478],[9.04853413,45.46355932],[9.04862333,45.46359615],[9.04987604,45.46411649],[9.05039668,45.46345511],[9.0515637,45.46196954],[9.0516312,45.46188359],[9.05177526,45.46192587],[9.05201074,45.4619954],[9.0523851,45.46203143],[9.05363179,45.46137886],[9.05395384,45.46140125],[9.05462478,45.46151843],[9.05469651,45.46153088],[9.05482298,45.46135682],[9.05501531,45.46135775],[9.05517277,45.46135944],[9.05525528,45.46137527],[9.05531162,45.46138633],[9.05546488,45.46145382],[9.05551699,45.46147691],[9.05578559,45.46148149],[9.05592101,45.46150328],[9.05610144,45.46157906],[9.05615915,45.461605],[9.05650844,45.46171669],[9.05690751,45.46184447],[9.05738117,45.46197227],[9.05748367,45.46199954],[9.05761059,45.46203343],[9.05809153,45.46216172],[9.05818819,45.46218777],[9.05823859,45.46220383],[9.05830757,45.46222723],[9.05832753,45.46229498],[9.05825947,45.46239043],[9.05810254,45.46254402],[9.05796246,45.46268182],[9.05796515,45.46273394],[9.05801475,45.46274911],[9.05809571,45.46274546],[9.05876526,45.46271762],[9.05881209,45.4627192],[9.05992522,45.46275126],[9.06023469,45.46276023],[9.06090574,45.46277979],[9.06151148,45.4627974],[9.06241004,45.46297137],[9.06402833,45.46328413],[9.06453058,45.4633816],[9.06602982,45.46367156],[9.06641524,45.4638018],[9.06649646,45.46374793],[9.06655264,45.46340611],[9.06674911,45.4629914],[9.06697098,45.46285407],[9.06716911,45.46288318],[9.06727177,45.46283433],[9.06730971,45.4628164],[9.06719129,45.46250168],[9.06737291,45.46240264],[9.06744977,45.46236103],[9.06729597,45.4620462],[9.06751511,45.46187137],[9.0678928,45.46186152],[9.06847987,45.4616186],[9.06859391,45.46155067],[9.0688492,45.46137467],[9.06900262,45.46134526],[9.06927581,45.46129353],[9.0696323,45.46106431],[9.06971009,45.4609472],[9.06971637,45.46080694],[9.06980135,45.46065478],[9.06982629,45.46043268],[9.06985937,45.4601317],[9.06983527,45.46007286],[9.06972884,45.45981739],[9.06974373,45.45954312],[9.06972851,45.45937971],[9.06980918,45.45919647],[9.07004664,45.4588859],[9.07024975,45.45872739],[9.07034763,45.45868908],[9.07046579,45.45864243],[9.07074857,45.45860608],[9.07164491,45.45863677],[9.07169535,45.45859157],[9.07170783,45.4584975],[9.07191468,45.45848346],[9.07198542,45.45847855],[9.07212424,45.45837107],[9.07218649,45.45831267],[9.07245796,45.45805592],[9.072441,45.45789411],[9.07244609,45.45776934],[9.07246229,45.45751954],[9.07247057,45.45739883],[9.07251948,45.4573219],[9.07252525,45.45708586],[9.07417469,45.45733895],[9.0745306,45.45734776],[9.07473627,45.45789728],[9.07468571,45.45854533],[9.07442404,45.45899974],[9.07463737,45.45906278],[9.07447425,45.45936907],[9.07426834,45.45951256],[9.07399203,45.45978022],[9.07375071,45.46001278],[9.07341419,45.46013004],[9.07334,45.46031596],[9.0731663,45.4604497],[9.07267072,45.46060268],[9.07213936,45.46105765],[9.07209309,45.46131951],[9.07169912,45.46177324],[9.0718013,45.46188572],[9.07183037,45.46198466],[9.07182731,45.46210227],[9.07173906,45.46222844],[9.07161146,45.46235857],[9.07101061,45.46252124],[9.07070553,45.46275554],[9.07038423,45.46285017],[9.0699903,45.46335481],[9.06978908,45.46374114],[9.06979897,45.46393567],[9.07001472,45.46425898],[9.06946064,45.46457938],[9.06937786,45.46456982],[9.06926084,45.46482265],[9.06947709,45.46489376],[9.06969884,45.46486196],[9.07045878,45.46464096],[9.07084987,45.46447451],[9.07151928,45.46411135],[9.07179352,45.46396254],[9.07184592,45.46393403],[9.07217346,45.46376022],[9.0732953,45.46316781],[9.07379617,45.46283955],[9.07444313,45.46301142],[9.07526643,45.46322989],[9.07548514,45.46333322],[9.07571585,45.46353087],[9.07571019,45.46358007],[9.07569211,45.4636701],[9.07559652,45.46368882],[9.0748471,45.46471484],[9.07468796,45.46515616],[9.0741746,45.46658041],[9.07415793,45.46662853],[9.07406952,45.46677684],[9.07387702,45.46689447],[9.07439303,45.46697895],[9.07348167,45.46875817],[9.0735098,45.46878846],[9.07349304,45.46883618],[9.07337442,45.46917052],[9.07334883,45.46924255],[9.07296369,45.47032407],[9.07326097,45.47027017],[9.07383646,45.47032351],[9.07388399,45.47032512],[9.07426003,45.47033623],[9.07478667,45.47050725],[9.07563397,45.47127536],[9.0757466,45.47137416],[9.07579162,45.47141342],[9.07588299,45.4714984],[9.07604515,45.47164978],[9.07651258,45.47196392],[9.07669187,45.4720497],[9.07673244,45.47205207],[9.07713956,45.47207654],[9.07773738,45.47197718],[9.07783251,45.47210295],[9.07716954,45.47257893],[9.07653693,45.47303315],[9.07472236,45.47433701],[9.07541293,45.4748813],[9.07554657,45.47501095],[9.07567775,45.47513784],[9.07569332,45.47516638],[9.07571535,45.47520737],[9.0758345,45.47542485],[9.07586142,45.47547473],[9.07572738,45.47569657],[9.07571472,45.47577681],[9.07560636,45.47587131],[9.07560013,45.47602908],[9.07554581,45.47605345],[9.07537763,45.47612819],[9.07536185,45.47635721],[9.0755318,45.47661439],[9.07551259,45.47668622],[9.07536877,45.47673155],[9.0752249,45.47672712],[9.07525243,45.47687524],[9.07505549,45.47686181],[9.07493899,45.4769026],[9.07492469,45.47701966],[9.07515077,45.4771948],[9.07516067,45.47738366],[9.07530467,45.47748252],[9.0749657,45.47765805],[9.07485775,45.47746021],[9.07465855,45.4775508],[9.07447896,45.47755589],[9.07436759,45.47755947],[9.07418212,45.47773151],[9.0739074,45.47786174],[9.07374418,45.4778217],[9.07335852,45.477939],[9.07323909,45.47819973],[9.07313657,45.47823109],[9.07297072,45.47828136],[9.07269105,45.47830358],[9.07250398,45.47848352],[9.07201163,45.47875016],[9.07181657,45.47898836],[9.07141399,45.4793771],[9.07067735,45.4800872],[9.07007029,45.48059198],[9.0699424,45.48051515],[9.06922207,45.48105953],[9.06878837,45.48126071],[9.06800984,45.48169576],[9.06623909,45.48268463],[9.06616353,45.48272692],[9.06596759,45.48281557],[9.06589639,45.48284835],[9.06567464,45.48306512],[9.06575999,45.4831906],[9.06568132,45.48328565],[9.06602092,45.48360438],[9.06601723,45.48387583],[9.0660143,45.48413465],[9.06601395,45.48417103],[9.06601068,45.48451276],[9.06608884,45.48496759],[9.06607569,45.48502416],[9.0657996,45.48581674],[9.06568431,45.48614731],[9.06643778,45.48634648],[9.06680665,45.48644387],[9.06732847,45.48673271],[9.06691122,45.48784331],[9.06669992,45.48840427],[9.06666306,45.48850551],[9.06643703,45.48849583],[9.06626431,45.48848818],[9.06618346,45.48848496],[9.06588354,45.48847204],[9.06490973,45.48842992],[9.0649482,45.48894917],[9.0649856,45.48945331],[9.06501902,45.48991435],[9.06503859,45.49018154],[9.06466091,45.49018951],[9.0639396,45.49019893],[9.0639453,45.49027938],[9.06395111,45.49036128],[9.06266836,45.49040211],[9.06270778,45.49015099],[9.06283888,45.49006455],[9.06277337,45.48979077],[9.06296259,45.48937199],[9.06298747,45.48934895],[9.06310739,45.48923639],[9.06364629,45.48898213],[9.0640264,45.48865808],[9.06412063,45.48857702],[9.06413673,45.48850343],[9.06414139,45.48844877],[9.0631703,45.48865197],[9.06275276,45.48873938],[9.06218918,45.48885714],[9.0614684,45.48900773],[9.06142536,45.48901696],[9.06142537,45.48905039],[9.06143932,45.49012384],[9.06131741,45.49052014],[9.06130255,45.49056992],[9.06130531,45.49060937],[9.06132292,45.49088552],[9.0611043,45.4912402],[9.06091447,45.49154627],[9.06102457,45.49158906],[9.06182517,45.49190212],[9.06207767,45.49210731],[9.06213578,45.49215398],[9.06248107,45.49184704],[9.06393486,45.49191889],[9.06371837,45.49277765],[9.06343908,45.49306148],[9.063409,45.49308798],[9.06293282,45.49349986],[9.06224515,45.49420622],[9.06146158,45.49478251],[9.0599998,45.49421553],[9.05989521,45.49429628],[9.05916593,45.49486205],[9.05877294,45.49563151],[9.05863757,45.4958951],[9.05863089,45.4960449],[9.05861559,45.49637659],[9.05848683,45.49659327],[9.05846207,45.49669638],[9.05813399,45.49765076],[9.05655639,45.49763362],[9.05588515,45.49969477],[9.05521168,45.50116727],[9.05428086,45.50271736],[9.05421792,45.50282142],[9.05406384,45.50307818],[9.05365367,45.50375983],[9.05442709,45.50401622],[9.05386776,45.50486233],[9.05449996,45.50501427],[9.0552711,45.5051996],[9.05531928,45.50520788],[9.05613886,45.50534761],[9.05644369,45.50539957],[9.05666322,45.50543729],[9.05669068,45.50539622],[9.05678742,45.50524864],[9.05682712,45.50523476],[9.05694324,45.50519394],[9.0572672,45.50517098],[9.05748444,45.50505893],[9.0577916,45.50490064],[9.05793558,45.50472154],[9.05834679,45.50446885],[9.05918228,45.50446426],[9.05929798,45.50425222],[9.05948838,45.50438236],[9.05971216,45.50453605],[9.05979519,45.50435574],[9.05987396,45.50434672],[9.05998107,45.50439785],[9.06032559,45.50456265],[9.06045409,45.5043795],[9.0618987,45.50232027],[9.06297966,45.50268407],[9.06305324,45.50273831],[9.06312589,45.50278083],[9.06320254,45.50279248],[9.06355368,45.50292489],[9.06459647,45.5033185],[9.06463955,45.50332856],[9.06482669,45.50337126],[9.06564075,45.5036725],[9.06478987,45.50459559],[9.06524642,45.50485354],[9.06584779,45.50519365],[9.06735574,45.50492359],[9.06850401,45.50518392],[9.06905489,45.50555225],[9.06921002,45.50579889],[9.07011903,45.50601437],[9.07045188,45.50604116],[9.071066,45.50594176],[9.07182125,45.50593229],[9.07196271,45.5059451],[9.07234087,45.50597932],[9.07250642,45.50599095],[9.07284544,45.50606203],[9.07300574,45.50609356],[9.07300917,45.50606727],[9.07301554,45.50602155],[9.0730753,45.50559846],[9.07266549,45.5054547],[9.07224473,45.50528127],[9.07288195,45.50455446],[9.07294522,45.50398735],[9.07341813,45.50317624],[9.07427326,45.50170923],[9.07399639,45.5015314],[9.07394039,45.50149342],[9.0740444,45.50136938],[9.07493721,45.50030463],[9.07507731,45.499931],[9.07525605,45.49958884],[9.07545986,45.49885061],[9.07550395,45.49864355],[9.07558704,45.49824746],[9.07567044,45.49805649],[9.07573046,45.49792158],[9.07576549,45.49784229],[9.07661027,45.49786873],[9.07705881,45.49799894],[9.07712247,45.49795816],[9.07738202,45.49778952],[9.07866304,45.49696569],[9.07875038,45.49690416],[9.08041137,45.49728105],[9.08079239,45.49779081],[9.08082739,45.49783802],[9.0815356,45.49794064],[9.08207271,45.49801795],[9.08255731,45.49773012],[9.08300584,45.49746372],[9.08331674,45.49727897],[9.08352192,45.49742443],[9.08361411,45.49748979],[9.08435675,45.49801629],[9.0849784,45.49820485],[9.08539097,45.49832647],[9.08622409,45.49857296],[9.08622353,45.49820392],[9.08660704,45.49820363],[9.08767624,45.49820281],[9.08803253,45.49799148],[9.08829922,45.49783329],[9.0885493,45.49816298],[9.08871545,45.49838203],[9.08895381,45.49838035],[9.08933682,45.49838154],[9.0894066,45.49856914],[9.08946818,45.49873519],[9.0895461,45.49894845],[9.08972676,45.49942553],[9.08975396,45.49949735],[9.08971893,45.49965647],[9.08964694,45.4999835],[9.08954846,45.50043363],[9.08989774,45.50074838],[9.08997633,45.50081714],[9.09002932,45.50086531],[9.09017233,45.5009912],[9.09058731,45.50173796],[9.0907964,45.50228686],[9.09072327,45.50268557],[9.09059,45.50341216],[9.09084672,45.503853],[9.09119206,45.50393374],[9.09124107,45.50395982],[9.09170713,45.50420786],[9.09181056,45.50459482],[9.09191855,45.50556235],[9.09201569,45.50625985],[9.09208185,45.50628655],[9.09235814,45.50639909],[9.09253319,45.50636467],[9.09281783,45.50630871],[9.09289482,45.50629515],[9.09379121,45.5061324],[9.09431229,45.50603367],[9.09436388,45.50602391],[9.09504901,45.50666691],[9.09529392,45.50695474],[9.09758736,45.50650726],[9.09785362,45.50664205],[9.09794625,45.50668746],[9.09800973,45.5067192],[9.09807108,45.50674987],[9.09814848,45.50688933],[9.09843875,45.50669105],[9.09836319,45.5074022],[9.0977254,45.5087169],[9.0965135,45.51120222],[9.09633598,45.51221049],[9.09622745,45.5123816],[9.09619921,45.51242613],[9.09611892,45.51255271],[9.09588908,45.51290394],[9.09541647,45.51354341],[9.09509699,45.51389472],[9.0948026,45.514174],[9.09479389,45.51434953],[9.09484445,45.5145174],[9.09501323,45.51507395],[9.09494168,45.51566018],[9.0949193,45.51584637],[9.09490503,45.51596512],[9.09468205,45.51623515],[9.09465678,45.51626598],[9.09460779,45.51632572],[9.09454231,45.51639318],[9.0945195,45.5164343],[9.09352472,45.51863313],[9.09319229,45.51936866],[9.09294955,45.51945073],[9.09303279,45.51959122],[9.09310857,45.51971618],[9.09332922,45.51964655],[9.09306982,45.51996348],[9.09267855,45.52042647],[9.09442671,45.52130982],[9.09537222,45.52178703],[9.09513195,45.52202796],[9.09436063,45.52280772],[9.09523051,45.52331023],[9.09601375,45.52376312],[9.09639026,45.52398041],[9.09515798,45.52468282],[9.0949459,45.52478728],[9.09455207,45.52497796],[9.09357442,45.52545404],[9.09324636,45.52590148],[9.09292719,45.52620595],[9.09284254,45.52635416],[9.09276115,45.52649445],[9.09294557,45.52732952],[9.09407674,45.52829069],[9.0941055,45.52831585],[9.09294272,45.52877072],[9.09308591,45.52907179],[9.09327453,45.52943026],[9.09471012,45.52933848],[9.09550096,45.52928582],[9.09557363,45.52934397],[9.0957807,45.52950846],[9.09687564,45.53037801],[9.0990377,45.53208781],[9.09937261,45.53116461],[9.1004197,45.5315349],[9.10047015,45.53155271],[9.10107376,45.53176634],[9.10159521,45.53093326],[9.10050037,45.52994396],[9.10078509,45.52961025],[9.10107377,45.52927274],[9.10075612,45.52907098],[9.09853463,45.52989612],[9.09809579,45.52907285],[9.09756644,45.52923139],[9.09666367,45.52911937],[9.09774593,45.5280063],[9.09859812,45.52715043],[9.09832275,45.52712375],[9.09772055,45.5268406],[9.09747074,45.52683184],[9.09717537,45.5269543],[9.09685618,45.52677003],[9.09794598,45.52575192],[9.09880283,45.52580927],[9.0990272,45.52587187],[9.09943411,45.5260565],[9.10010946,45.52613194],[9.10069981,45.52611864],[9.1009319,45.52585696],[9.1013288,45.52507782],[9.1018136,45.52474034],[9.1026187,45.52320041],[9.10266919,45.5228898],[9.1028279,45.52272348],[9.10306103,45.5218133],[9.1030379,45.52145834],[9.10289015,45.52108039],[9.10289861,45.52105517],[9.10350725,45.5213413],[9.10366338,45.5214271],[9.10665362,45.52307025],[9.10705694,45.52265641],[9.10716638,45.52254773],[9.10730595,45.52256197],[9.10767046,45.52259916],[9.10893452,45.52273068],[9.10910219,45.52274839],[9.10865442,45.52396937],[9.10896368,45.52404466],[9.10909815,45.52382108],[9.10933828,45.52342313],[9.10980052,45.52309037],[9.11052684,45.5228154],[9.11101029,45.52224335],[9.11157569,45.5217434],[9.11294418,45.52077871],[9.11478586,45.52043467],[9.11597748,45.52029333],[9.11679977,45.52002721],[9.11727482,45.51974394],[9.11822726,45.51895902],[9.11839162,45.51901401],[9.1184547,45.51904466],[9.11777244,45.5199096],[9.11793463,45.51997223],[9.11766093,45.52161963],[9.1197941,45.52178474],[9.12001908,45.52164398],[9.12021517,45.52152225],[9.12037663,45.52063116],[9.1223763,45.52084537],[9.12245368,45.52050728],[9.12366401,45.52064132],[9.1233033,45.52109588],[9.12364977,45.52146975],[9.12388452,45.52186543],[9.12398689,45.52236885],[9.123896,45.52278791],[9.12473021,45.52280516],[9.12501238,45.52288585],[9.12622111,45.52291708],[9.1288412,45.52298514],[9.12880073,45.52357436],[9.12845129,45.52411915],[9.12845805,45.52488877],[9.12867277,45.52502352],[9.12897006,45.52469441],[9.12929928,45.52451908],[9.12959123,45.52426209],[9.12991561,45.52381642],[9.12995356,45.52361373],[9.12990574,45.52318217],[9.13005398,45.52288839],[9.13039828,45.52298782],[9.13179616,45.5231974],[9.13247684,45.52348508],[9.13264392,45.52352496],[9.13572772,45.52426839],[9.13586309,45.52377753],[9.13526135,45.52368892],[9.13540993,45.52300419],[9.13437257,45.52285676],[9.13443756,45.52252844],[9.13472204,45.52092189],[9.13601691,45.5210783],[9.13671472,45.52116162],[9.13689344,45.52000025],[9.13950313,45.52032236],[9.1405777,45.52044191],[9.14163685,45.52057587],[9.14129769,45.52191211],[9.14282598,45.52207243],[9.14301729,45.52183872],[9.14355421,45.52188314],[9.14362386,45.52156773],[9.14411058,45.52160694],[9.14388911,45.52271088],[9.1451985,45.5228483],[9.14556022,45.52141218],[9.14848839,45.52185407],[9.1487992,45.52094418],[9.14881628,45.52088118],[9.14883143,45.52082681],[9.14812364,45.52078335],[9.14830698,45.52030159],[9.14766142,45.52019825],[9.14824857,45.51871253],[9.14831964,45.51864469],[9.14841268,45.51861842],[9.14851068,45.51863136],[9.14966164,45.51880576],[9.15006069,45.51809937],[9.15038005,45.51817133],[9.15139076,45.51840277],[9.1515195,45.51809638],[9.15384127,45.51859757],[9.15379031,45.51868315],[9.15364012,45.51876859],[9.15351032,45.51898462],[9.1524047,45.5196718],[9.15190147,45.51999976],[9.15144197,45.52028779],[9.15091452,45.52116195],[9.15132442,45.52114402],[9.15162008,45.52121949],[9.15115395,45.52309252],[9.15179224,45.52317703],[9.15149309,45.52425317],[9.15260117,45.52439628],[9.15236961,45.52539023],[9.15270437,45.52543089],[9.15261542,45.52577309],[9.15363605,45.52590146],[9.15370564,45.52558208],[9.15427183,45.52564499],[9.15514661,45.52574295],[9.15501351,45.52622465],[9.15642055,45.52640653],[9.15621136,45.52709152],[9.15600838,45.52773478],[9.1556748,45.52877019],[9.15578046,45.5287904],[9.15681146,45.52898994],[9.15654165,45.53007868],[9.15699123,45.53012758],[9.15674558,45.53101001],[9.15778116,45.53115866],[9.15748096,45.53237346],[9.15856067,45.53273564],[9.15848532,45.5334445],[9.15848179,45.53347852],[9.16120305,45.53382173],[9.16092254,45.53456393],[9.16270462,45.53475343],[9.16426811,45.53492022],[9.16422094,45.53508606],[9.16572073,45.53525548],[9.16560594,45.53578641],[9.16727249,45.53594638],[9.16731825,45.53557294],[9.16878855,45.53570474],[9.1688108,45.53530956],[9.16920763,45.53533235],[9.17081248,45.53548157],[9.17089982,45.53508127],[9.17201739,45.53515998],[9.17201679,45.5349624],[9.17287835,45.53498382],[9.17424564,45.5350218],[9.17405962,45.53592182],[9.17565394,45.53597335]]]}},{"type":"Feature","properties":{"name":"Montanaso Lombardo","istat_code":"098040","source":"ISTAT - Confini amministrativi 2022 non generalizzati, Comuni WGS84 / UTM Zone 32N","source_url":"https://www.istat.it/storage/cartografia/confini_amministrativi/non_generalizzati/Limiti01012022.zip"},"geometry":{"type":"Polygon","coordinates":[[[9.44897531,45.34746619],[9.44973512,45.34669811],[9.4508592,45.34679269],[9.45161426,45.34703273],[9.45197068,45.34710784],[9.45330264,45.34745812],[9.45408323,45.34769804],[9.45467149,45.34783073],[9.45549781,45.34740436],[9.45614637,45.34709574],[9.45705375,45.34722713],[9.4581275,45.34741186],[9.4585106,45.34742831],[9.45905381,45.34672405],[9.45943652,45.3466955],[9.46077732,45.34675311],[9.46246159,45.34666528],[9.46432566,45.34671173],[9.46566689,45.34682328],[9.46679062,45.3468727],[9.46744193,45.34690604],[9.4678711,45.3463192],[9.46854131,45.34555134],[9.46890738,45.34505478],[9.47098832,45.34509121],[9.47144188,45.34590847],[9.47234313,45.34530166],[9.47274528,45.3460741],[9.47336156,45.3465036],[9.47401517,45.34681594],[9.47496461,45.34586687],[9.47558547,45.34531521],[9.47611871,45.34497093],[9.4760746,45.34427801],[9.47624711,45.34353918],[9.47682987,45.34301468],[9.47750408,45.34274181],[9.47840886,45.34256701],[9.47807166,45.34345056],[9.47856435,45.34435762],[9.48198243,45.3440282],[9.48181347,45.34216564],[9.48210124,45.34148033],[9.48268236,45.34077577],[9.48338213,45.34051178],[9.4838539,45.34045577],[9.48437881,45.34064257],[9.48473458,45.34079908],[9.48549343,45.3411329],[9.48567323,45.34106976],[9.48616788,45.34089601],[9.48738032,45.34088184],[9.4885052,45.34107506],[9.4895257,45.34100768],[9.49084958,45.34059694],[9.49228263,45.33999835],[9.49292014,45.33945386],[9.49319288,45.33884684],[9.49411235,45.33858458],[9.49482784,45.33824369],[9.49488114,45.33817589],[9.49516006,45.33782125],[9.49564855,45.33765079],[9.49633312,45.33757618],[9.4966787,45.33723225],[9.49658338,45.33654855],[9.49647772,45.33614396],[9.49619185,45.33556012],[9.49572755,45.33500405],[9.49508577,45.33458377],[9.49480707,45.33455939],[9.49116541,45.3342407],[9.49137335,45.33410022],[9.49228033,45.3334917],[9.49295375,45.33303985],[9.49314873,45.33290847],[9.49085569,45.32754497],[9.49070294,45.32759065],[9.49050893,45.32767589],[9.49009475,45.32785789],[9.49004435,45.32788045],[9.48935821,45.32841552],[9.48891221,45.32900582],[9.48873288,45.32924633],[9.48887503,45.33010085],[9.48908374,45.33072818],[9.48915014,45.3309278],[9.48902511,45.33113093],[9.48880229,45.33151588],[9.48780571,45.33170766],[9.48756275,45.3317447],[9.48611497,45.33193933],[9.48527335,45.33281478],[9.48054777,45.32900203],[9.48146171,45.32701789],[9.48072234,45.32701198],[9.47907842,45.32727093],[9.47771926,45.32791572],[9.47647409,45.32856002],[9.47512078,45.32838564],[9.47374023,45.32810333],[9.47195195,45.32779569],[9.4701609,45.32724498],[9.46902226,45.3267906],[9.46917077,45.32633093],[9.4695366,45.32581635],[9.46936937,45.32565501],[9.46795219,45.32546278],[9.46754557,45.32537895],[9.46705744,45.32527741],[9.46603349,45.32489454],[9.46455097,45.32450903],[9.46416732,45.32440707],[9.4640154,45.32439545],[9.46372046,45.32437289],[9.46365839,45.32439113],[9.46308307,45.32444748],[9.46281585,45.32453858],[9.46264648,45.32458948],[9.46242125,45.32465718],[9.46228514,45.32468925],[9.46202437,45.32449677],[9.46120513,45.32417603],[9.4608602,45.32412343],[9.46044021,45.32426014],[9.45991317,45.32437027],[9.45986699,45.32437945],[9.45864418,45.32444738],[9.45706357,45.32465176],[9.45694585,45.32465898],[9.45690382,45.32466423],[9.4554839,45.32477508],[9.4547933,45.3245798],[9.45366836,45.32432324],[9.45328663,45.32445527],[9.45289494,45.32454235],[9.45238939,45.32465236],[9.45170174,45.3248261],[9.45157569,45.32485903],[9.45086211,45.32504545],[9.45034004,45.32518253],[9.44983077,45.32532857],[9.44909121,45.32539449],[9.44814804,45.32553321],[9.44747254,45.32563487],[9.44710293,45.32569033],[9.44711742,45.32540223],[9.44568744,45.32580387],[9.44438954,45.32562042],[9.4446159,45.32623194],[9.44174209,45.32703438],[9.44151947,45.32794439],[9.43906186,45.32861995],[9.43835377,45.32781255],[9.43763557,45.32900348],[9.43513792,45.32967857],[9.43427442,45.32991195],[9.4340833,45.32995317],[9.43333263,45.33005487],[9.43333768,45.33009253],[9.43345072,45.33074429],[9.4334041,45.33125196],[9.43334357,45.33152609],[9.43332379,45.3316156],[9.43328073,45.3318105],[9.43279959,45.33230741],[9.43223917,45.33245354],[9.43177887,45.33233828],[9.43151888,45.33170916],[9.43131058,45.33116986],[9.43048255,45.33136202],[9.43040399,45.33278451],[9.43003466,45.33288494],[9.42997102,45.33364578],[9.42891118,45.33471577],[9.42929698,45.33469697],[9.42960272,45.33474069],[9.42956812,45.33511001],[9.42956103,45.33569505],[9.42956038,45.33574921],[9.42986534,45.33586597],[9.42991337,45.33588436],[9.43003374,45.33592739],[9.4307463,45.33622884],[9.43061208,45.33645628],[9.43001566,45.33690859],[9.42964907,45.33737805],[9.43114673,45.33795748],[9.43093463,45.33859738],[9.43049079,45.33897711],[9.42951648,45.34009695],[9.43043733,45.34034552],[9.43037523,45.34057079],[9.43004694,45.34104008],[9.42988543,45.34162579],[9.4297868,45.34208522],[9.43038757,45.34219998],[9.43197198,45.34241903],[9.43333893,45.34257588],[9.4347308,45.34265159],[9.43678603,45.34267975],[9.43820232,45.34261132],[9.43936508,45.34276889],[9.44035094,45.34316115],[9.44086626,45.34377125],[9.44086997,45.3442483],[9.44068421,45.34498713],[9.44068819,45.34550019],[9.44066743,45.34611235],[9.44143155,45.34588437],[9.44233986,45.34614189],[9.44268021,45.3455915],[9.44334312,45.34548092],[9.44417266,45.34545968],[9.44461949,45.34546694],[9.44479001,45.34605137],[9.44459098,45.34671825],[9.44467124,45.34718599],[9.44473696,45.34731951],[9.4448611,45.34759032],[9.44466469,45.34797814],[9.44510374,45.34811145],[9.44534396,45.34832655],[9.44562566,45.34843345],[9.44588228,45.34860349],[9.44562997,45.34898251],[9.44520029,45.34926261],[9.44512371,45.34954258],[9.44549689,45.34991918],[9.44580437,45.35006199],[9.44716304,45.34913855],[9.44794924,45.34846938],[9.44897531,45.34746619]]]}},{"type":"Feature","properties":{"name":"Mulazzano","istat_code":"098041","source":"ISTAT - Confini amministrativi 2022 non generalizzati, Comuni WGS84 / UTM Zone 32N","source_url":"https://www.istat.it/storage/cartografia/confini_amministrativi/non_generalizzati/Limiti01012022.zip"},"geometry":{"type":"Polygon","coordinates":[[[9.39197635,45.39888426],[9.39330453,45.3987987],[9.39466053,45.39903706],[9.39558106,45.39912387],[9.39596336,45.39897854],[9.39655178,45.39907551],[9.39689481,45.39890966],[9.39675171,45.39843573],[9.39660134,45.39779693],[9.39774989,45.39775266],[9.39826478,45.39738631],[9.3984229,45.39714366],[9.39905581,45.39723054],[9.40004046,45.39735312],[9.40059002,45.39737818],[9.40090917,45.39734106],[9.40095747,45.39694484],[9.4009136,45.39616187],[9.40095808,45.3952256],[9.40086464,45.39465884],[9.40074325,45.39375015],[9.40085421,45.39318268],[9.40151903,45.39198088],[9.4030275,45.39159082],[9.40367698,45.39130048],[9.40393782,45.39113304],[9.40442713,45.39079392],[9.40485071,45.3910803],[9.40539938,45.39098834],[9.40604849,45.39065299],[9.40637604,45.39001274],[9.40690457,45.3888947],[9.40756334,45.38812724],[9.40847832,45.38724465],[9.40856554,45.38716053],[9.40920013,45.38659117],[9.40885212,45.38616037],[9.40905741,45.38598764],[9.40941079,45.3856903],[9.40955327,45.38547409],[9.40965769,45.38545266],[9.40988442,45.38532227],[9.41063259,45.38464701],[9.41118855,45.38403413],[9.41171877,45.3834954],[9.41185164,45.38336039],[9.41213925,45.38289756],[9.41213722,45.38284168],[9.41240013,45.38248337],[9.41274914,45.38189971],[9.41297167,45.38119548],[9.41316716,45.38038644],[9.41329535,45.37995405],[9.41345453,45.37967149],[9.41344673,45.37860077],[9.41386073,45.37722158],[9.41395795,45.37689768],[9.41450173,45.37615761],[9.4151461,45.37520113],[9.4150386,45.37447241],[9.41472374,45.37333041],[9.41477995,45.37228605],[9.41462106,45.37151252],[9.41488338,45.37071046],[9.41523179,45.36945801],[9.41546926,45.36875505],[9.41525763,45.36775666],[9.41513383,45.36654194],[9.41516882,45.3659455],[9.41533779,45.36595641],[9.41583548,45.36600197],[9.41616005,45.36596526],[9.41608684,45.36545148],[9.41612306,45.36511018],[9.41694969,45.36515813],[9.417593,45.36518706],[9.4176421,45.36514819],[9.41773444,45.36501906],[9.41792459,45.36497452],[9.41823844,45.36483637],[9.41866564,45.36478274],[9.41915521,45.36475354],[9.41956342,45.36476026],[9.41965357,45.36475696],[9.42030389,45.36460577],[9.42165598,45.36441176],[9.42229226,45.36412137],[9.42266208,45.36405699],[9.42359702,45.36443159],[9.4240443,45.36448392],[9.42462277,45.36329361],[9.42480839,45.3625008],[9.42496931,45.3618251],[9.42574907,45.36185227],[9.42581053,45.36189773],[9.42613219,45.36197274],[9.42652172,45.36202438],[9.42707059,45.36211967],[9.427364,45.36218642],[9.42780813,45.3622644],[9.42833968,45.36228306],[9.42860816,45.3623735],[9.4289101,45.36259648],[9.42971445,45.36288751],[9.43087683,45.36294614],[9.43171777,45.36270894],[9.43203033,45.36183462],[9.43206617,45.36151044],[9.43206398,45.3612224],[9.43255246,45.35997837],[9.43344254,45.35949795],[9.43365588,45.35901105],[9.43426384,45.35836965],[9.43503472,45.35817927],[9.43581853,45.35798569],[9.4362377,45.35770504],[9.43624216,45.35662487],[9.43600558,45.35574365],[9.43596406,45.35532073],[9.43639389,45.35477002],[9.43707516,45.35371426],[9.4373765,45.35305602],[9.43731011,45.35272321],[9.43719368,45.35252563],[9.43652834,45.35233015],[9.43578259,45.35163989],[9.43563774,45.35106436],[9.43610739,45.35071152],[9.43715583,45.35092355],[9.43751165,45.35071516],[9.43700853,45.35003298],[9.43829757,45.34999204],[9.4386409,45.3498197],[9.43880268,45.349279],[9.43950409,45.34918628],[9.43983277,45.34877096],[9.43975268,45.3483212],[9.43978401,45.34742095],[9.44025058,45.34668105],[9.44047841,45.34642813],[9.44066743,45.34611235],[9.44068819,45.34550019],[9.44068421,45.34498713],[9.44086997,45.3442483],[9.44086626,45.34377125],[9.44035094,45.34316115],[9.43936508,45.34276889],[9.43820232,45.34261132],[9.43678603,45.34267975],[9.4347308,45.34265159],[9.43333893,45.34257588],[9.43197198,45.34241903],[9.43038757,45.34219998],[9.4297868,45.34208522],[9.42988543,45.34162579],[9.43004694,45.34104008],[9.43037523,45.34057079],[9.43043733,45.34034552],[9.42951648,45.34009695],[9.43049079,45.33897711],[9.43093463,45.33859738],[9.43114673,45.33795748],[9.42964907,45.33737805],[9.42881973,45.33910042],[9.42728726,45.34068139],[9.42687021,45.34123203],[9.42722979,45.34152773],[9.42783712,45.34206624],[9.42736183,45.34211233],[9.42645453,45.34197169],[9.42599525,45.34200041],[9.42565443,45.34250576],[9.42499515,45.34310229],[9.42417792,45.34372828],[9.4236372,45.3441515],[9.42334348,45.34413458],[9.42216767,45.34393191],[9.42073648,45.34372115],[9.41971385,45.34351789],[9.41866519,45.34325169],[9.41691476,45.34301507],[9.41530591,45.34293991],[9.41528323,45.34332705],[9.41519789,45.34387644],[9.41510177,45.34469591],[9.41498139,45.34552573],[9.41537898,45.34594609],[9.41655205,45.34596878],[9.41634627,45.34730175],[9.41561914,45.34736741],[9.41505399,45.34689241],[9.41439264,45.34694864],[9.41489126,45.34908032],[9.41625707,45.34906635],[9.41665648,45.35003745],[9.41427677,45.35035152],[9.41456443,45.35175536],[9.41378906,45.35198273],[9.41329864,45.35125541],[9.41311721,45.35127539],[9.41195132,45.35140377],[9.41245878,45.35229403],[9.41168548,45.3523774],[9.4107541,45.35245276],[9.40981351,45.35256378],[9.41001827,45.3530945],[9.41013877,45.35386817],[9.41056467,45.35450574],[9.41137903,45.35425103],[9.41134481,45.35466248],[9.41137125,45.35528776],[9.41137536,45.35538494],[9.41146787,45.35598841],[9.41078262,45.35639522],[9.41027199,45.35717567],[9.41025226,45.35720724],[9.41004961,45.35721247],[9.4096395,45.35721846],[9.40951185,45.35721891],[9.40943042,45.35721469],[9.40923034,45.35721931],[9.40827355,45.35724134],[9.40744299,45.35714529],[9.40658676,45.35703132],[9.40628305,45.35741046],[9.40605826,45.35811336],[9.40577029,45.3589065],[9.40434205,45.35915459],[9.40399139,45.35831871],[9.40332818,45.35842007],[9.4020533,45.35868562],[9.40139283,45.35917401],[9.4011611,45.35890477],[9.40062025,45.35824959],[9.40036013,45.35815333],[9.40021062,45.358098],[9.3987777,45.35767995],[9.39705795,45.35640776],[9.39546388,45.35483807],[9.3941773,45.3534113],[9.39270079,45.35220121],[9.39034578,45.35132715],[9.38848969,45.35059537],[9.38834804,45.35041584],[9.38829163,45.3496329],[9.38771692,45.3494641],[9.38776283,45.34897763],[9.38694698,45.34900739],[9.38560772,45.34917394],[9.38419358,45.34959277],[9.38415771,45.34984008],[9.38420838,45.35011565],[9.38368863,45.35043158],[9.38284912,45.35088447],[9.38222808,45.35155265],[9.38167063,45.35218459],[9.38121559,45.3528612],[9.38088881,45.35362741],[9.38084346,45.35448269],[9.38116533,45.35453788],[9.38264567,45.35479171],[9.38305912,45.35551943],[9.38400976,45.35638936],[9.38497088,45.35691719],[9.38566494,45.35759896],[9.38619202,45.35812825],[9.38712973,45.35896221],[9.38829934,45.36009239],[9.38932778,45.36111504],[9.38995879,45.36189601],[9.39025557,45.36234506],[9.3902219,45.36302027],[9.38981566,45.36336369],[9.38930459,45.36332043],[9.38874285,45.36333134],[9.38789947,45.3632352],[9.38751598,45.36317349],[9.3873144,45.36357024],[9.38736934,45.36413712],[9.38867517,45.36463676],[9.38928323,45.36578686],[9.38942615,45.36614642],[9.38898084,45.36638198],[9.38809901,45.36627695],[9.3879485,45.36667353],[9.38754074,45.36680094],[9.38705685,45.3670006],[9.38693704,45.36815317],[9.38709376,45.36866571],[9.3870595,45.3692599],[9.38659476,45.37039565],[9.38681424,45.37074595],[9.38708528,45.37116809],[9.38615207,45.37104711],[9.38609018,45.37103908],[9.38593493,45.37101896],[9.38483914,45.37064342],[9.38349009,45.37018108],[9.38228931,45.36972813],[9.3820946,45.36965468],[9.38032958,45.36924651],[9.37938352,45.36908763],[9.37848885,45.36897358],[9.37820016,45.36894802],[9.37821261,45.36968937],[9.37739701,45.36993133],[9.37696997,45.37018162],[9.37645871,45.37094258],[9.37618547,45.37210464],[9.3762785,45.37265341],[9.37704689,45.37297492],[9.37803336,45.37343973],[9.37849743,45.37408628],[9.37903167,45.37567773],[9.37844001,45.37696687],[9.37686924,45.37816548],[9.37503152,45.37913843],[9.37319927,45.3796655],[9.37258621,45.38019958],[9.37261647,45.38091957],[9.37306789,45.3815842],[9.37290843,45.38258385],[9.37282825,45.38398831],[9.37278583,45.38531163],[9.37291866,45.38608532],[9.37309394,45.38654096],[9.37417286,45.38644126],[9.37533721,45.38673448],[9.3757236,45.38721028],[9.37610979,45.38765907],[9.37681877,45.38778708],[9.37733405,45.387349],[9.37765551,45.3869263],[9.37982635,45.38754776],[9.38069836,45.38804893],[9.38163366,45.38845986],[9.38167914,45.38952186],[9.38205456,45.39042542],[9.38226367,45.3909601],[9.38256734,45.39241727],[9.38233195,45.39350721],[9.38239218,45.39485721],[9.383054,45.39637619],[9.38481995,45.39679331],[9.38512949,45.39722434],[9.38462517,45.39821617],[9.38468097,45.39890907],[9.38519486,45.39932139],[9.38666465,45.39938845],[9.38831356,45.39949086],[9.38891511,45.3998404],[9.38967055,45.39987329],[9.39015601,45.39986264],[9.39137754,45.39912936],[9.39197635,45.39888426]]]}},{"type":"Feature","properties":{"name":"Opera","istat_code":"015159","source":"ISTAT - Confini amministrativi 2022 non generalizzati, Comuni WGS84 / UTM Zone 32N","source_url":"https://www.istat.it/storage/cartografia/confini_amministrativi/non_generalizzati/Limiti01012022.zip"},"geometry":{"type":"Polygon","coordinates":[[[9.20607822,45.39255358],[9.20627003,45.39216962],[9.20670485,45.39229485],[9.20745963,45.39256361],[9.20772603,45.39265801],[9.20849553,45.39293068],[9.20843267,45.39320984],[9.20832011,45.39386714],[9.20839965,45.39459608],[9.20864387,45.3950007],[9.20877603,45.39508392],[9.20897618,45.39521006],[9.2091559,45.3953238],[9.20914453,45.39555809],[9.20913241,45.39582792],[9.20890304,45.39632407],[9.20884088,45.39645854],[9.20807703,45.39714403],[9.20968827,45.39758214],[9.20983152,45.39723083],[9.20994801,45.39694839],[9.21001729,45.39678043],[9.21014533,45.39680269],[9.21038255,45.39684053],[9.21048279,45.39685639],[9.21321763,45.39729413],[9.21365135,45.39736323],[9.21468146,45.39752785],[9.21474999,45.39729441],[9.21482039,45.39705052],[9.21498427,45.39646514],[9.21503657,45.39647044],[9.21594285,45.39656234],[9.21915196,45.39735734],[9.21949436,45.3966996],[9.21993765,45.39579863],[9.22072238,45.39400587],[9.22116485,45.39290685],[9.22149324,45.39194308],[9.22212772,45.39095171],[9.22338844,45.39004013],[9.22244194,45.38963692],[9.2219938,45.38937676],[9.22121382,45.38918924],[9.22049835,45.38906461],[9.21989754,45.38895776],[9.21991781,45.38889902],[9.21997215,45.38874158],[9.22016244,45.38819214],[9.2201736,45.38777806],[9.22027467,45.38748982],[9.22133546,45.38762279],[9.22199986,45.38776103],[9.22290225,45.38669711],[9.2210473,45.3858996],[9.22166751,45.38453922],[9.22258864,45.38490649],[9.22318963,45.38506734],[9.22333996,45.38441894],[9.22353076,45.38421155],[9.22424591,45.38417414],[9.22459037,45.38416445],[9.22476809,45.38388508],[9.2247025,45.38345314],[9.22444506,45.38294957],[9.22430208,45.38232877],[9.22428764,45.38190574],[9.2248498,45.38194064],[9.22566785,45.38219107],[9.2259625,45.38240652],[9.22602775,45.38275744],[9.22606693,45.38297338],[9.226681,45.3832152],[9.22752339,45.38315052],[9.22812083,45.38242922],[9.2286532,45.38151003],[9.22907183,45.3807981],[9.22975666,45.37968956],[9.22980969,45.37955413],[9.22990835,45.37930221],[9.22993121,45.37920547],[9.23015042,45.37827812],[9.23042175,45.37814977],[9.23073605,45.37744629],[9.22885145,45.37702701],[9.22725462,45.37684117],[9.22695692,45.37684388],[9.22654269,45.37684767],[9.22640487,45.37636874],[9.22497689,45.3761639],[9.22456889,45.3761008],[9.22403357,45.37603876],[9.22148521,45.37574333],[9.22138812,45.37572551],[9.2214582,45.37536529],[9.22151873,45.37517073],[9.22206314,45.3725595],[9.21952554,45.37240466],[9.21945019,45.37237534],[9.21932136,45.3723252],[9.21898313,45.37272518],[9.2188567,45.37280897],[9.21866988,45.37286855],[9.21860895,45.37290635],[9.21855386,45.37301354],[9.21835158,45.37342924],[9.21792106,45.37339812],[9.21760393,45.37339872],[9.21755697,45.37296752],[9.21724907,45.37297208],[9.21722858,45.37293612],[9.21685453,45.37290496],[9.21667129,45.37237817],[9.21680661,45.37221818],[9.21678103,45.37145147],[9.2168914,45.3707005],[9.21652955,45.37057911],[9.21661016,45.37005239],[9.21679727,45.36977419],[9.21672908,45.36973712],[9.21650226,45.36963098],[9.21661276,45.36891194],[9.21663431,45.36862438],[9.21670091,45.36827282],[9.21703818,45.36761725],[9.21717205,45.36708986],[9.21773407,45.3659866],[9.21782435,45.36590655],[9.21789198,45.36582654],[9.21796268,45.36570669],[9.21784969,45.36568892],[9.21756463,45.36565346],[9.21716547,45.36562271],[9.21666051,45.36557416],[9.21622103,45.36553899],[9.21653979,45.36437272],[9.21657261,45.36397659],[9.2165912,45.36383255],[9.21653874,45.3637581],[9.21623807,45.36372969],[9.21474511,45.36355111],[9.21453426,45.36352588],[9.21369607,45.36346444],[9.2133327,45.36350562],[9.21319993,45.36363639],[9.21305076,45.36375819],[9.2128635,45.36415009],[9.21278692,45.36426725],[9.21251876,45.36426325],[9.21223242,45.36420528],[9.21215186,45.36421442],[9.2120664,45.3643046],[9.21199117,45.36446226],[9.21194809,45.36456278],[9.21189466,45.36468747],[9.21168119,45.36522794],[9.21122304,45.36574636],[9.21108491,45.36594464],[9.21080517,45.36605319],[9.21082751,45.36638292],[9.20901492,45.36621054],[9.20896868,45.36595504],[9.20878339,45.36542677],[9.20788554,45.3637002],[9.2071218,45.36258791],[9.20700808,45.36246033],[9.20657726,45.36200811],[9.20674204,45.36175799],[9.2070724,45.36131634],[9.20726168,45.36112704],[9.20693311,45.36096239],[9.2067454,45.36088013],[9.20629963,45.36069917],[9.20613677,45.3610134],[9.20588041,45.36137739],[9.20570633,45.36123779],[9.20501434,45.36141093],[9.2049435,45.36142865],[9.20468673,45.36151153],[9.20442869,45.36159482],[9.20410061,45.36156236],[9.20400903,45.36215739],[9.20382197,45.36225686],[9.20342394,45.36232366],[9.20304944,45.36242347],[9.20269953,45.36287734],[9.20260733,45.36326697],[9.20239701,45.36341606],[9.20218698,45.36364777],[9.20198056,45.36391323],[9.20181384,45.36412762],[9.20151003,45.36434297],[9.2009093,45.36438896],[9.20086191,45.36441055],[9.20078487,45.36444569],[9.20054307,45.36455603],[9.20027519,45.36461051],[9.19820942,45.36473082],[9.19682321,45.36478381],[9.19593242,45.36640377],[9.19616019,45.36659725],[9.19648416,45.3669676],[9.19648465,45.36711089],[9.19641373,45.36733861],[9.19630649,45.36743152],[9.19607967,45.36750777],[9.19584021,45.36739018],[9.19582733,45.36712045],[9.19574326,45.36700259],[9.19561203,45.36707025],[9.195344,45.36724781],[9.19518394,45.3675724],[9.19524183,45.3678632],[9.19512521,45.36801517],[9.19497004,45.36807445],[9.19478257,45.3680412],[9.19460688,45.36796459],[9.19429801,45.36775782],[9.19425699,45.36791396],[9.19422849,45.36802234],[9.19421772,45.36849043],[9.19421806,45.36858945],[9.19418001,45.36923319],[9.19369475,45.3691656],[9.19305438,45.36913932],[9.19243274,45.36890776],[9.19218073,45.36897659],[9.19208517,45.36940093],[9.19276512,45.36965975],[9.19307518,45.36954976],[9.19338627,45.36974081],[9.19323166,45.36991895],[9.19323203,45.37002841],[9.19331018,45.37019246],[9.19336887,45.3703292],[9.19364078,45.37041083],[9.19412573,45.37038265],[9.19408793,45.37067005],[9.1935059,45.37068472],[9.19329376,45.3710682],[9.19406718,45.37114889],[9.1941644,45.37257433],[9.19419621,45.37327916],[9.19427626,45.37416113],[9.19417549,45.37457536],[9.19422963,45.3754619],[9.19448427,45.37607626],[9.19446223,45.37643093],[9.19422216,45.37647368],[9.1936605,45.37614996],[9.19353625,45.37613368],[9.19342064,45.3762633],[9.19327182,45.37655086],[9.19346949,45.37661253],[9.19348166,45.37680713],[9.19336695,45.37689651],[9.19324071,45.3769697],[9.19321796,45.37704273],[9.19311499,45.37719696],[9.19302283,45.37714846],[9.19279303,45.3771975],[9.19257457,45.37720598],[9.19239061,45.3772144],[9.19229892,45.37731185],[9.19213833,45.37742565],[9.19197756,45.37749079],[9.19178239,45.37758841],[9.19152962,45.37765371],[9.19134607,45.37778376],[9.19120851,45.37791373],[9.19102465,45.37795458],[9.19097892,45.37802764],[9.1909448,45.37814121],[9.19099089,45.37817356],[9.19103704,45.37821402],[9.19118672,45.37827053],[9.19141553,45.37830656],[9.19158356,45.37830628],[9.1916692,45.37837364],[9.19175984,45.37842944],[9.19182959,45.37847238],[9.1919043,45.37849926],[9.19202103,45.37854856],[9.19222126,45.37863375],[9.19234934,45.37873704],[9.19236576,45.37887203],[9.19223236,45.37907479],[9.1920511,45.37929561],[9.19185636,45.37942647],[9.19177454,45.37954362],[9.19156348,45.3798095],[9.19150097,45.37997614],[9.19132558,45.38016095],[9.19120225,45.3803952],[9.19106254,45.38062946],[9.19089634,45.38082777],[9.19074122,45.3813411],[9.1906897,45.38168773],[9.19054792,45.38202103],[9.19041025,45.38215627],[9.19020081,45.38230965],[9.19003087,45.38245394],[9.18983278,45.38266131],[9.18969306,45.38289557],[9.18949581,45.38312092],[9.18931665,45.38337326],[9.18913159,45.3836616],[9.189067,45.38380123],[9.1889377,45.38381044],[9.18868664,45.38381987],[9.18849228,45.38382918],[9.18836806,45.3839194],[9.18826704,45.38451364],[9.18828214,45.38454632],[9.18830443,45.3845946],[9.18859119,45.38476514],[9.18890404,45.38496717],[9.18926049,45.3852096],[9.18944402,45.38541633],[9.18951503,45.38564575],[9.18952686,45.38583475],[9.18953404,45.38595624],[9.18947992,45.38612287],[9.18965626,45.38621258],[9.18999635,45.38632903],[9.19013071,45.38640082],[9.19023486,45.38650867],[9.1903088,45.38665256],[9.19035336,45.38685051],[9.19036688,45.38706652],[9.19037361,45.38717002],[9.19037111,45.38726004],[9.19024397,45.38744028],[9.19011471,45.38758001],[9.19008369,45.38773309],[9.19013157,45.38785003],[9.19022607,45.38793537],[9.19047046,45.38807449],[9.19072155,45.38819558],[9.19108352,45.38828315],[9.19183263,45.38803862],[9.19209066,45.3877548],[9.19250632,45.38710315],[9.19255707,45.38711253],[9.19337705,45.387264],[9.19471896,45.38750475],[9.19592107,45.38788975],[9.19751987,45.38852608],[9.19853366,45.38906929],[9.19857097,45.38909154],[9.19909389,45.38936947],[9.19913019,45.38940049],[9.19991393,45.39007013],[9.20070877,45.39086084],[9.20117686,45.3914545],[9.20137606,45.39170579],[9.20162022,45.39211041],[9.20136722,45.39281295],[9.20054063,45.39383155],[9.20017638,45.39430245],[9.19989222,45.3946698],[9.19984239,45.39502994],[9.19995978,45.39571383],[9.2000241,45.39603173],[9.20014182,45.39661363],[9.20025898,45.39722551],[9.20034441,45.39743915],[9.20039408,45.39756334],[9.20041857,45.39761067],[9.20089954,45.39763599],[9.2009569,45.39763197],[9.20135155,45.39758764],[9.20155059,45.39756529],[9.20182449,45.39756293],[9.20220836,45.39755963],[9.20224037,45.39752356],[9.2023094,45.39744889],[9.20236744,45.39738381],[9.20244294,45.39705964],[9.20250564,45.39672648],[9.20296065,45.39641063],[9.20321229,45.39619464],[9.20329484,45.3961115],[9.2034354,45.39597322],[9.20362542,45.39552282],[9.20370091,45.39525266],[9.20373791,45.39488354],[9.20434832,45.39409934],[9.20480567,45.39344143],[9.20502915,45.39340018],[9.20549509,45.39331417],[9.20552388,45.39329434],[9.20595366,45.3929983],[9.20607822,45.39255358]]]}},{"type":"Feature","properties":{"name":"Pantigliate","istat_code":"015167","source":"ISTAT - Confini amministrativi 2022 non generalizzati, Comuni WGS84 / UTM Zone 32N","source_url":"https://www.istat.it/storage/cartografia/confini_amministrativi/non_generalizzati/Limiti01012022.zip"},"geometry":{"type":"Polygon","coordinates":[[[9.3605662,45.45308489],[9.36071793,45.45281437],[9.36317511,45.45320264],[9.36414792,45.45333456],[9.36456356,45.4523431],[9.36480169,45.45158624],[9.364877,45.45136999],[9.36559249,45.45151171],[9.36568294,45.45152943],[9.36648964,45.45168886],[9.36732132,45.45187522],[9.3675911,45.45193736],[9.36829551,45.45209711],[9.36902551,45.45225677],[9.36961431,45.45233587],[9.36996833,45.45171365],[9.37013149,45.45136208],[9.37029548,45.45104429],[9.37048508,45.45067685],[9.3708261,45.45002765],[9.37105271,45.44947784],[9.37120086,45.44879328],[9.37137416,45.44791959],[9.37166131,45.44685653],[9.37223759,45.44516243],[9.37256106,45.44379321],[9.37264582,45.44307283],[9.37266224,45.44180363],[9.37282412,45.44114601],[9.37292518,45.44096115],[9.37316526,45.44052382],[9.37383865,45.43999954],[9.37345188,45.43951474],[9.37284616,45.43878762],[9.37216438,45.43815978],[9.37250022,45.43491375],[9.37491375,45.4352286],[9.37495704,45.43523425],[9.37513617,45.43525617],[9.37748542,45.43560581],[9.3771547,45.43515051],[9.37696,45.43471009],[9.37691834,45.43421517],[9.37695251,45.43358497],[9.3768713,45.43291015],[9.37685331,45.43212712],[9.37651474,45.43120111],[9.37638928,45.43098354],[9.3762208,45.43069138],[9.37597076,45.43025777],[9.37564408,45.4299123],[9.37535281,45.42960273],[9.37526862,45.42948912],[9.37509104,45.4292495],[9.37503517,45.42917412],[9.37476205,45.42880555],[9.37456044,45.4285335],[9.37451437,45.42847132],[9.37391062,45.42795997],[9.37346403,45.42758172],[9.3735889,45.42744988],[9.37339105,45.42721196],[9.37271405,45.42732473],[9.36572228,45.42848911],[9.36420958,45.42876941],[9.36388847,45.42881253],[9.36191765,45.42911411],[9.36163076,45.42915876],[9.36095708,45.42927523],[9.36090437,45.42934695],[9.35962842,45.42957291],[9.35687743,45.43002541],[9.35298137,45.43067828],[9.35289953,45.43067285],[9.35278937,45.43072051],[9.35272158,45.43074982],[9.35002568,45.43121343],[9.34997534,45.43130736],[9.34941829,45.43290653],[9.3494054,45.43295981],[9.3492893,45.43343943],[9.34912078,45.43369288],[9.34747543,45.43349822],[9.34706752,45.43477742],[9.34691911,45.43523049],[9.34655939,45.43512509],[9.3461996,45.43500637],[9.34593486,45.43498054],[9.34577022,45.43587297],[9.34660148,45.43628686],[9.34663828,45.43631721],[9.34749874,45.43702682],[9.34698294,45.4370914],[9.34677054,45.43711905],[9.34607855,45.4368601],[9.34527187,45.43666452],[9.3439919,45.43642536],[9.34294281,45.43617648],[9.34274362,45.43616152],[9.34132954,45.43605529],[9.34160353,45.43670255],[9.34186169,45.43710684],[9.34209802,45.43742214],[9.34239014,45.43781185],[9.34308139,45.4386535],[9.34335619,45.4389881],[9.3431448,45.43996986],[9.34301933,45.44155444],[9.34299103,45.44189658],[9.34293156,45.44294304],[9.34286466,45.44412024],[9.34188198,45.44443823],[9.34115036,45.44597061],[9.34413422,45.44682578],[9.34389897,45.44743406],[9.34359365,45.44822257],[9.34421693,45.44833322],[9.34454017,45.44839075],[9.3449626,45.44846148],[9.34693452,45.44887856],[9.34849883,45.44955788],[9.3485779,45.44993569],[9.34844527,45.45124126],[9.34828301,45.45176382],[9.34831015,45.45201577],[9.35017816,45.45228011],[9.35200927,45.45265251],[9.35323906,45.45298177],[9.35496433,45.45291341],[9.35612925,45.45308981],[9.35656677,45.45352049],[9.35714841,45.45449079],[9.35761223,45.45502941],[9.35937669,45.45495187],[9.35999027,45.45490494],[9.36025146,45.45386897],[9.3605662,45.45308489]]]}},{"type":"Feature","properties":{"name":"Paullo","istat_code":"015169","source":"ISTAT - Confini amministrativi 2022 non generalizzati, Comuni WGS84 / UTM Zone 32N","source_url":"https://www.istat.it/storage/cartografia/confini_amministrativi/non_generalizzati/Limiti01012022.zip"},"geometry":{"type":"Polygon","coordinates":[[[9.41101116,45.43442612],[9.41122088,45.43408291],[9.41189055,45.4340449],[9.41219866,45.43422382],[9.41267347,45.43446514],[9.41312192,45.43459854],[9.41368561,45.43475852],[9.41445374,45.43489974],[9.41471571,45.43479301],[9.41485849,45.43430421],[9.41500667,45.43380859],[9.41521668,45.4328087],[9.41542933,45.43216885],[9.41618327,45.43108197],[9.41686218,45.43078645],[9.41770682,45.43090938],[9.41850384,45.43115279],[9.41903782,45.42998717],[9.41950285,45.43002969],[9.42056514,45.4301968],[9.4222308,45.43047337],[9.42301508,45.42798246],[9.4220413,45.42768003],[9.42238575,45.42614833],[9.42283699,45.42612909],[9.4232163,45.42438117],[9.42457489,45.42436272],[9.42473269,45.42398881],[9.42570721,45.42400727],[9.42586028,45.4230257],[9.42597476,45.42229172],[9.42597808,45.42204532],[9.42592091,45.42159447],[9.42593181,45.42156206],[9.42545649,45.42163935],[9.42534653,45.42203752],[9.42498352,45.42273627],[9.42426507,45.42270762],[9.42333054,45.42251306],[9.42288228,45.42228969],[9.42289071,45.4218126],[9.42326429,45.42090968],[9.42483778,45.42067123],[9.42541633,45.42058907],[9.42575237,45.42001974],[9.42551826,45.41948054],[9.42482653,45.41927608],[9.42405987,45.41930593],[9.42364899,45.41905542],[9.42321181,45.418706],[9.42275943,45.41866322],[9.42271561,45.41865907],[9.42249641,45.41864563],[9.4215879,45.41850498],[9.42130405,45.41814598],[9.42105875,45.41781384],[9.42059735,45.41764452],[9.42025966,45.41734873],[9.41984795,45.41698092],[9.41984028,45.41584698],[9.41983946,45.41572555],[9.41877842,45.41569344],[9.41896139,45.41451361],[9.41764307,45.41424839],[9.41825706,45.41258994],[9.41819158,45.41237414],[9.41788507,45.41240227],[9.41774065,45.41188072],[9.41725582,45.41199052],[9.41711034,45.41132495],[9.41710617,45.41075789],[9.4172417,45.41007331],[9.41563064,45.40995316],[9.41581486,45.40893535],[9.41579508,45.40798129],[9.41551106,45.40758628],[9.41424586,45.40757286],[9.41289201,45.40766778],[9.41116835,45.40787202],[9.41027614,45.40819028],[9.40968865,45.4082374],[9.40916253,45.40793324],[9.40756536,45.40795696],[9.40650466,45.40795172],[9.40607014,45.40794427],[9.40618006,45.40752033],[9.40775334,45.40744322],[9.40913229,45.40728526],[9.40973071,45.40698608],[9.41053581,45.40699219],[9.41109074,45.40681204],[9.41162931,45.40624116],[9.41173889,45.40553867],[9.41219124,45.40520919],[9.41252727,45.40502967],[9.41233029,45.40423135],[9.41242641,45.40339389],[9.4122309,45.40286352],[9.40918727,45.4027758],[9.40906641,45.40332901],[9.40667464,45.40314447],[9.40705594,45.40108184],[9.40697417,45.40037104],[9.40721032,45.39945206],[9.40750044,45.39892896],[9.40764611,45.39786628],[9.40804731,45.39680271],[9.40827099,45.39592879],[9.40767877,45.39530082],[9.407316,45.39460001],[9.40720915,45.39395231],[9.40636403,45.39368529],[9.40597885,45.39341661],[9.40611364,45.39261502],[9.40588092,45.3922288],[9.40534775,45.39217707],[9.40508226,45.39245189],[9.40413135,45.39231602],[9.40453635,45.39178351],[9.40471203,45.39134182],[9.40485071,45.3910803],[9.40442713,45.39079392],[9.40393782,45.39113304],[9.40367698,45.39130048],[9.4030275,45.39159082],[9.40151903,45.39198088],[9.40085421,45.39318268],[9.40074325,45.39375015],[9.40086464,45.39465884],[9.40095808,45.3952256],[9.4009136,45.39616187],[9.40095747,45.39694484],[9.40090917,45.39734106],[9.40059002,45.39737818],[9.40004046,45.39735312],[9.39905581,45.39723054],[9.3984229,45.39714366],[9.39826478,45.39738631],[9.39774989,45.39775266],[9.39660134,45.39779693],[9.39675171,45.39843573],[9.39689481,45.39890966],[9.39655178,45.39907551],[9.39596336,45.39897854],[9.39558106,45.39912387],[9.39466053,45.39903706],[9.39330453,45.3987987],[9.39197635,45.39888426],[9.39137754,45.39912936],[9.39015601,45.39986264],[9.38967055,45.39987329],[9.38891511,45.3998404],[9.38879477,45.4007224],[9.38873402,45.40118167],[9.38871262,45.40178482],[9.38869063,45.40230697],[9.38887414,45.40298143],[9.38925,45.40375425],[9.38948463,45.40442854],[9.38934977,45.40525712],[9.38989165,45.40601138],[9.39069965,45.40644067],[9.39194224,45.40688649],[9.39232931,45.40742522],[9.39265351,45.4081082],[9.39308215,45.40910586],[9.39264904,45.40930537],[9.39146235,45.40956148],[9.39143846,45.40980461],[9.39148041,45.41032653],[9.39105277,45.41131813],[9.390612,45.41226475],[9.38999845,45.41224886],[9.38886034,45.41214471],[9.38897821,45.41255837],[9.38944322,45.41327689],[9.38912385,45.41329597],[9.38798584,45.41320984],[9.38647723,45.41312494],[9.38617118,45.41322499],[9.38610161,45.41426937],[9.38600282,45.41494493],[9.38596729,45.41518793],[9.38564096,45.41606217],[9.38540193,45.41662104],[9.38536405,45.41668868],[9.38529713,45.41680932],[9.38517397,45.41703141],[9.38512618,45.41711758],[9.38498683,45.41736953],[9.38658765,45.41865581],[9.38656276,45.41869553],[9.38574052,45.42000885],[9.38516012,45.42100094],[9.38599385,45.42143018],[9.38604749,45.42179905],[9.38588347,45.42211465],[9.38556515,45.42229574],[9.3848369,45.42234321],[9.38469954,45.42282074],[9.3846007,45.42320812],[9.38458405,45.42335],[9.38451612,45.42392849],[9.38444054,45.42468471],[9.38427674,45.42632362],[9.38774336,45.42668096],[9.38767705,45.42633014],[9.38769909,45.425817],[9.38792407,45.42518614],[9.38875911,45.42393214],[9.3892765,45.42307526],[9.38929273,45.42171603],[9.39091774,45.4219625],[9.39119557,45.42138341],[9.39120755,45.42135844],[9.39163029,45.42160901],[9.39209958,45.42189094],[9.39212845,45.42190885],[9.39238756,45.42206549],[9.39373585,45.42295197],[9.39449746,45.42351043],[9.39498208,45.42386577],[9.397371,45.42548671],[9.39912995,45.42654892],[9.39922941,45.42660898],[9.40120946,45.4278046],[9.40048164,45.4296164],[9.39876511,45.42911833],[9.39950874,45.42772956],[9.39846933,45.42716611],[9.397903,45.42832023],[9.39645613,45.42798322],[9.39528896,45.43097567],[9.39590368,45.43112116],[9.3968256,45.43133937],[9.3966035,45.4324833],[9.39614174,45.43397909],[9.39678196,45.43412089],[9.39699698,45.43561435],[9.397968,45.43552095],[9.39908007,45.43549007],[9.40037174,45.43565656],[9.40109141,45.43437587],[9.40458372,45.43477761],[9.40428715,45.43610184],[9.40678287,45.43657904],[9.40674063,45.43781686],[9.40965826,45.43816647],[9.41087056,45.43509117],[9.41105161,45.43471401],[9.41101116,45.43442612]]]}},{"type":"Feature","properties":{"name":"Peschiera Borromeo","istat_code":"015171","source":"ISTAT - Confini amministrativi 2022 non generalizzati, Comuni WGS84 / UTM Zone 32N","source_url":"https://www.istat.it/storage/cartografia/confini_amministrativi/non_generalizzati/Limiti01012022.zip"},"geometry":{"type":"Polygon","coordinates":[[[9.31522568,45.47040425],[9.31541794,45.4677283],[9.31729981,45.46797513],[9.31760539,45.46772224],[9.31887364,45.46804275],[9.31883704,45.46835789],[9.32049861,45.46810121],[9.32049942,45.46783713],[9.32049966,45.46775732],[9.32050308,45.46663401],[9.31947929,45.46655588],[9.31948565,45.46641183],[9.31954697,45.46495349],[9.31943811,45.4648889],[9.31877689,45.46449657],[9.31891259,45.4636051],[9.31777246,45.46330223],[9.31839302,45.46220237],[9.31917301,45.46215517],[9.31940002,45.46157847],[9.32005223,45.46155865],[9.32026377,45.46051392],[9.3258496,45.45765376],[9.32576721,45.45667288],[9.32720019,45.45703782],[9.32913755,45.45753632],[9.32934864,45.45644658],[9.32953697,45.4561175],[9.32966465,45.45566708],[9.33008138,45.45434719],[9.33028083,45.45400458],[9.33041359,45.45346863],[9.33111047,45.4534486],[9.3321913,45.45374701],[9.33259565,45.45277821],[9.33282055,45.452422],[9.33305814,45.45204327],[9.3333751,45.45130425],[9.33369683,45.45043019],[9.33402753,45.44998818],[9.33457071,45.44885244],[9.33488155,45.44795141],[9.33492196,45.44783427],[9.33556161,45.44787741],[9.33776477,45.44849199],[9.34021189,45.44925882],[9.34104148,45.44949732],[9.34179235,45.44971318],[9.34240405,45.44988686],[9.34251694,45.44991802],[9.34265948,45.44996261],[9.34334979,45.45018557],[9.34373345,45.45018441],[9.34432649,45.44886844],[9.34454017,45.44839075],[9.34421693,45.44833322],[9.34359365,45.44822257],[9.34389897,45.44743406],[9.34413422,45.44682578],[9.34115036,45.44597061],[9.34188198,45.44443823],[9.34286466,45.44412024],[9.34293156,45.44294304],[9.34299103,45.44189658],[9.34301933,45.44155444],[9.3431448,45.43996986],[9.34335619,45.4389881],[9.34308139,45.4386535],[9.34239014,45.43781185],[9.34209802,45.43742214],[9.34186169,45.43710684],[9.34160353,45.43670255],[9.34132954,45.43605529],[9.34101162,45.43607423],[9.34065386,45.43611132],[9.34027108,45.43623846],[9.33943044,45.43677204],[9.33872984,45.43707115],[9.33798777,45.43698336],[9.33730721,45.43649029],[9.33699714,45.43595114],[9.33701885,45.43518063],[9.33702755,45.43487075],[9.33627643,45.43476977],[9.33563356,45.43471841],[9.33591286,45.43401204],[9.33600577,45.43374552],[9.33611043,45.43358841],[9.33609092,45.43353833],[9.33589228,45.43302902],[9.33574792,45.43239935],[9.33569172,45.4315444],[9.33553462,45.43092379],[9.3353493,45.42985318],[9.33459721,45.42981039],[9.33454966,45.42973852],[9.33445244,45.42964879],[9.3343802,45.42959049],[9.33433129,45.42956363],[9.33420154,45.42951002],[9.33416069,45.42949212],[9.33394161,45.42946576],[9.33377856,45.42945724],[9.33354286,45.42945343],[9.33332312,45.42945407],[9.33302257,45.42942794],[9.33285962,45.42943741],[9.33262392,45.4294381],[9.33252169,45.42944289],[9.33252034,45.42921337],[9.33205877,45.42898069],[9.33236584,45.42698152],[9.33160658,45.42611962],[9.32680103,45.42750615],[9.32625177,45.42757974],[9.32544545,45.42296442],[9.32507989,45.42286144],[9.32490775,45.42281295],[9.32365383,45.42259148],[9.32199002,45.42221812],[9.32183879,45.4225966],[9.32157272,45.42301139],[9.3209732,45.42322911],[9.32056529,45.42342828],[9.32017067,45.42371742],[9.32005839,45.42420382],[9.32034189,45.42460806],[9.32103391,45.42492117],[9.32124018,45.42522663],[9.32113948,45.42550594],[9.32097818,45.42557832],[9.32065499,45.42572334],[9.32014209,45.42558526],[9.31992455,45.42554537],[9.31981256,45.42551868],[9.31696501,45.42517787],[9.31657254,45.4251309],[9.31407967,45.42483249],[9.31376021,45.42485136],[9.31278806,45.42472801],[9.31109208,45.42460663],[9.31074759,45.42457606],[9.31078728,45.42423842],[9.31080764,45.42416184],[9.3108597,45.42389617],[9.31088316,45.42378318],[9.31089731,45.42371487],[9.31115772,45.42245966],[9.31116594,45.42242006],[9.31117723,45.4223651],[9.3113238,45.42112233],[9.31104562,45.42109453],[9.31085254,45.42107522],[9.31049305,45.42102305],[9.30987048,45.4209327],[9.30962507,45.42091263],[9.30937959,45.42088564],[9.30911459,45.42087253],[9.30894198,45.421493],[9.30882449,45.42191527],[9.30880663,45.42197958],[9.30852149,45.42187664],[9.30842553,45.42206992],[9.30819833,45.42223816],[9.30557341,45.42144411],[9.30546234,45.42125242],[9.30535442,45.42106664],[9.30481628,45.42082506],[9.30475061,45.42050119],[9.30488801,45.41990674],[9.30533221,45.41932048],[9.30563639,45.4188426],[9.30552682,45.4174837],[9.30628966,45.4170361],[9.30602919,45.41673076],[9.30554269,45.41657904],[9.30468604,45.41643732],[9.3036629,45.41631403],[9.30318932,45.41610825],[9.29944572,45.41617214],[9.29932957,45.41595641],[9.29779238,45.41521333],[9.29773731,45.41523291],[9.297078,45.41546723],[9.29661697,45.41528839],[9.29637246,45.41496499],[9.29644731,45.41461375],[9.29668748,45.41410905],[9.29667793,45.41398573],[9.29664636,45.4135781],[9.29663095,45.41315507],[9.29604237,45.41294058],[9.29562126,45.41305867],[9.29530305,45.41331153],[9.29488265,45.41349265],[9.29516674,45.41404998],[9.29524542,45.41443683],[9.29531262,45.41506675],[9.29358488,45.41453112],[9.29323239,45.41556716],[9.29246956,45.41626222],[9.29162645,45.41634539],[9.29139744,45.41647199],[9.29132307,45.41692224],[9.2903768,45.41737021],[9.29121484,45.41800717],[9.29177978,45.41850978],[9.29211626,45.41931904],[9.29142719,45.41953681],[9.29101569,45.4190518],[9.29065842,45.41916973],[9.29005909,45.41944128],[9.28970291,45.41977524],[9.28992191,45.42010772],[9.29010246,45.42042231],[9.28986138,45.42076497],[9.28963039,45.42058553],[9.28931163,45.42073936],[9.28882405,45.42037154],[9.28838978,45.42043564],[9.28788187,45.42109402],[9.28764205,45.42168869],[9.28788261,45.42203209],[9.2879253,45.42209304],[9.28777348,45.42239947],[9.28754485,45.42268809],[9.28751336,45.42303975],[9.28750422,45.42314173],[9.28748437,45.42336333],[9.28725539,45.42357991],[9.28683619,45.42409404],[9.28650524,45.42437391],[9.28573909,45.42452885],[9.28528122,45.42498905],[9.28521922,45.42536726],[9.28470955,45.42569257],[9.28434035,45.42599052],[9.28375316,45.42615402],[9.28302395,45.42603881],[9.28230708,45.42583355],[9.28160339,45.42570927],[9.28023498,45.42557762],[9.27909336,45.42578297],[9.27840867,45.42590613],[9.27775773,45.42610575],[9.27655363,45.42559561],[9.27532985,45.42563007],[9.27513494,45.42563504],[9.27470454,45.42650019],[9.27416935,45.42685252],[9.27362299,45.42753791],[9.27315491,45.42855617],[9.27302071,45.42894774],[9.27285235,45.429439],[9.2727808,45.4295966],[9.27229577,45.4306645],[9.27159743,45.43165629],[9.27093588,45.43233295],[9.27041425,45.43286525],[9.26951355,45.43433457],[9.26868662,45.43519163],[9.26841928,45.43543528],[9.267821,45.43598578],[9.26733814,45.43661698],[9.26722483,45.4369863],[9.26730963,45.43754523],[9.26734358,45.43776911],[9.26665322,45.43777974],[9.2666559,45.4383468],[9.26664625,45.43901291],[9.26695672,45.43977728],[9.26695144,45.43991887],[9.26693913,45.44024339],[9.26693419,45.44035653],[9.26672027,45.44115501],[9.26668676,45.44211597],[9.2667285,45.44290122],[9.2667513,45.44303169],[9.26683369,45.44351306],[9.26682824,45.44354457],[9.26676644,45.44396929],[9.26673456,45.44418837],[9.26669086,45.4443255],[9.26659741,45.44461831],[9.26655911,45.44494487],[9.26663948,45.44571879],[9.26657763,45.44615999],[9.26653377,45.44643693],[9.26645314,45.44688038],[9.26651231,45.44730257],[9.26661206,45.44804115],[9.26698681,45.44886838],[9.26713159,45.44978485],[9.26636779,45.45048103],[9.26637748,45.45071663],[9.26638223,45.45083204],[9.26625386,45.45097996],[9.26617871,45.45106655],[9.26576961,45.4510945],[9.26519376,45.45101483],[9.26492399,45.45148988],[9.26487647,45.45157451],[9.26478786,45.45172686],[9.26489387,45.45180665],[9.26524804,45.45207258],[9.26517267,45.45227079],[9.26510548,45.45244745],[9.26504887,45.45259996],[9.26452384,45.45269961],[9.26405439,45.45350179],[9.26370109,45.45452874],[9.26384047,45.45495977],[9.26386978,45.45505041],[9.26417807,45.45533774],[9.2642863,45.45579058],[9.26437373,45.45615639],[9.26448,45.45700225],[9.26455584,45.45722433],[9.26459671,45.45734402],[9.26577342,45.45735029],[9.26710386,45.4574102],[9.2680509,45.45753399],[9.26895997,45.45773888],[9.26935745,45.45794497],[9.26926674,45.45813863],[9.26924349,45.45818827],[9.26933477,45.4585571],[9.26941052,45.45859319],[9.2696168,45.45869145],[9.26983961,45.45881604],[9.26993741,45.45887072],[9.27016853,45.4590592],[9.27028615,45.45958098],[9.27031918,45.45991817],[9.27033993,45.46012992],[9.27041792,45.46039077],[9.27153126,45.46050515],[9.27220941,45.46055754],[9.27219703,45.4606953],[9.27216085,45.46109773],[9.27171872,45.46182243],[9.2716659,45.46190901],[9.27269683,45.46192454],[9.27274372,45.46192447],[9.27290569,45.46171702],[9.27338909,45.4611668],[9.27417892,45.46050782],[9.27477651,45.45976829],[9.27517076,45.45930829],[9.27571986,45.45912694],[9.27603763,45.45872113],[9.27663976,45.45891769],[9.27661676,45.45944881],[9.27723481,45.46028441],[9.27778644,45.46061612],[9.27770808,45.4628936],[9.27868064,45.46298124],[9.27873628,45.45869656],[9.27990065,45.45879273],[9.28016528,45.45799098],[9.28097132,45.45804301],[9.28166378,45.45583603],[9.28281687,45.45623822],[9.2834756,45.45497643],[9.28392386,45.45510134],[9.28467957,45.45532448],[9.28543536,45.45525059],[9.28575894,45.45521828],[9.28581233,45.45521365],[9.28591954,45.45520436],[9.28599855,45.45522706],[9.28705938,45.45551655],[9.28766158,45.45573106],[9.28810908,45.45570293],[9.28905577,45.45575455],[9.28972323,45.45622091],[9.29027655,45.4568766],[9.29035571,45.45701045],[9.29072812,45.45764054],[9.29078479,45.45871153],[9.2907908,45.45988167],[9.29132853,45.4599883],[9.29138087,45.4602132],[9.29151108,45.46066292],[9.29137409,45.46138337],[9.29170639,45.46132851],[9.29253815,45.46139839],[9.29290795,45.46156398],[9.29562796,45.46277662],[9.29600942,45.46234357],[9.29639128,45.46198254],[9.2968887,45.46171122],[9.29795127,45.46188846],[9.29936017,45.46224482],[9.30124334,45.46278895],[9.30163241,45.46288694],[9.30220397,45.46302944],[9.3023201,45.46306963],[9.30267812,45.4631902],[9.30270918,45.46421624],[9.30272719,45.46518833],[9.30258928,45.46594071],[9.30251589,45.46634103],[9.30259445,45.46668286],[9.30297633,45.46669985],[9.30370765,45.46673391],[9.30525571,45.4667748],[9.30647115,45.46680755],[9.30696648,45.46694776],[9.30747842,45.46710722],[9.30815371,45.46719778],[9.30765795,45.46909936],[9.30763972,45.46919178],[9.30780991,45.46921617],[9.30863398,45.46933425],[9.30979638,45.4693707],[9.30949905,45.46984656],[9.30953871,45.47024235],[9.30955863,45.47045342],[9.30961579,45.47062481],[9.30917446,45.47150763],[9.30911165,45.47166504],[9.30972682,45.47176292],[9.3097771,45.47177175],[9.31025731,45.4718208],[9.31059234,45.47185505],[9.31166749,45.47198079],[9.31420237,45.47227722],[9.31414815,45.4717283],[9.31393975,45.47106279],[9.3137838,45.47062216],[9.31409316,45.47060381],[9.31521612,45.47053722],[9.31522568,45.47040425]]]}},{"type":"Feature","properties":{"name":"Pieve Emanuele","istat_code":"015173","source":"ISTAT - Confini amministrativi 2022 non generalizzati, Comuni WGS84 / UTM Zone 32N","source_url":"https://www.istat.it/storage/cartografia/confini_amministrativi/non_generalizzati/Limiti01012022.zip"},"geometry":{"type":"Polygon","coordinates":[[[9.19279303,45.3771975],[9.19302283,45.37714846],[9.19311499,45.37719696],[9.19321796,45.37704273],[9.19324071,45.3769697],[9.19336695,45.37689651],[9.19348166,45.37680713],[9.19346949,45.37661253],[9.19327182,45.37655086],[9.19342064,45.3762633],[9.19353625,45.37613368],[9.1936605,45.37614996],[9.19422216,45.37647368],[9.19446223,45.37643093],[9.19448427,45.37607626],[9.19422963,45.3754619],[9.19417549,45.37457536],[9.19427626,45.37416113],[9.19419621,45.37327916],[9.1941644,45.37257433],[9.19406718,45.37114889],[9.19329376,45.3710682],[9.1935059,45.37068472],[9.19408793,45.37067005],[9.19412573,45.37038265],[9.19364078,45.37041083],[9.19336887,45.3703292],[9.19331018,45.37019246],[9.19323203,45.37002841],[9.19323166,45.36991895],[9.19338627,45.36974081],[9.19307518,45.36954976],[9.19276512,45.36965975],[9.19208517,45.36940093],[9.19218073,45.36897659],[9.19243274,45.36890776],[9.19305438,45.36913932],[9.19369475,45.3691656],[9.19418001,45.36923319],[9.19421806,45.36858945],[9.19421772,45.36849043],[9.19422849,45.36802234],[9.19425699,45.36791396],[9.19429801,45.36775782],[9.19460688,45.36796459],[9.19478257,45.3680412],[9.19497004,45.36807445],[9.19512521,45.36801517],[9.19524183,45.3678632],[9.19518394,45.3675724],[9.195344,45.36724781],[9.19561203,45.36707025],[9.19574326,45.36700259],[9.19582733,45.36712045],[9.19584021,45.36739018],[9.19607967,45.36750777],[9.19630649,45.36743152],[9.19641373,45.36733861],[9.19648465,45.36711089],[9.19648416,45.3669676],[9.19616019,45.36659725],[9.19593242,45.36640377],[9.19682321,45.36478381],[9.19820942,45.36473082],[9.20027519,45.36461051],[9.20054307,45.36455603],[9.20078487,45.36444569],[9.2007421,45.36415546],[9.20072037,45.36400804],[9.20060728,45.36324064],[9.200859,45.36220506],[9.20130209,45.36125014],[9.20175803,45.3603132],[9.20173018,45.35966516],[9.20183093,45.35926892],[9.20221241,45.35883619],[9.20232281,45.35878451],[9.20252113,45.35869161],[9.20295291,45.35849282],[9.20355056,45.35826223],[9.20555268,45.35781757],[9.20671328,45.35747342],[9.20857482,45.35701098],[9.20983669,45.35654961],[9.21063916,45.35605305],[9.21141451,45.35523251],[9.21192082,45.35416941],[9.21179008,45.35334154],[9.21131536,45.35271233],[9.21070086,45.35224539],[9.21008676,45.35178746],[9.20975392,45.35153603],[9.20937135,45.35164474],[9.20863117,45.35171812],[9.20795399,45.35144931],[9.20763254,45.35081981],[9.20723479,45.35027144],[9.20670945,45.34974133],[9.20645281,45.34937273],[9.20657873,45.34889543],[9.20662166,45.34862255],[9.20669063,45.34818413],[9.20737548,45.34695871],[9.208673,45.34594819],[9.20901047,45.34587065],[9.20904806,45.34586201],[9.20913928,45.34584199],[9.2092342,45.34582115],[9.21058672,45.34578266],[9.21173644,45.34602358],[9.21305109,45.34609314],[9.21435261,45.34606369],[9.21529872,45.34646698],[9.21588731,45.34683493],[9.21656305,45.34672563],[9.21700873,45.34643674],[9.21706891,45.34559051],[9.21776689,45.34452703],[9.21889941,45.34371473],[9.21953462,45.34303842],[9.22031063,45.34246983],[9.22061467,45.34187517],[9.22135116,45.34100062],[9.22228166,45.34068376],[9.22305892,45.34070644],[9.2231493,45.34070908],[9.22330382,45.34105081],[9.22311376,45.34141125],[9.22325504,45.34163601],[9.22386626,45.34126575],[9.22459059,45.34055323],[9.22470392,45.34016595],[9.22398877,45.34006834],[9.22381735,45.33999011],[9.22373345,45.33995182],[9.22363388,45.33977768],[9.22357923,45.33968209],[9.22380691,45.33925857],[9.22481328,45.33877052],[9.22552782,45.33882313],[9.22608959,45.33886702],[9.22640784,45.33865936],[9.22631665,45.33829948],[9.22640395,45.33778623],[9.226555,45.33725486],[9.22645151,45.33691301],[9.22647544,45.33650792],[9.226996,45.3359308],[9.22782366,45.33545208],[9.2284985,45.33516269],[9.22914979,45.3352604],[9.22962246,45.33537645],[9.22959413,45.33478243],[9.2295545,45.33444945],[9.22951406,45.33391846],[9.22939135,45.33364866],[9.22949453,45.33339929],[9.22894202,45.33309914],[9.22957162,45.33246462],[9.23062725,45.33158038],[9.2307891,45.33117198],[9.23027841,45.33052792],[9.22952754,45.33007273],[9.22976444,45.32965583],[9.22988778,45.32934798],[9.22877951,45.32878467],[9.22776859,45.32808458],[9.22719126,45.32731162],[9.22593737,45.32646799],[9.22491468,45.32600193],[9.22416166,45.32595841],[9.2234242,45.32622989],[9.222761,45.3263122],[9.22168817,45.32607125],[9.22034756,45.32586682],[9.21918647,45.32589604],[9.2182685,45.32609584],[9.21822835,45.32612263],[9.217403,45.32667358],[9.21656485,45.32742228],[9.21591929,45.32817038],[9.21556114,45.32857635],[9.21510346,45.32902728],[9.21456943,45.32954136],[9.21392067,45.33009165],[9.21375956,45.33021213],[9.21322077,45.33061505],[9.21250808,45.33113845],[9.21166775,45.33165309],[9.21095634,45.33220348],[9.21047262,45.33253742],[9.20966893,45.33261992],[9.20848248,45.3327301],[9.2071687,45.33292152],[9.20602176,45.33315312],[9.2052824,45.33337951],[9.20493915,45.33363666],[9.20484965,45.33370433],[9.20182257,45.33480337],[9.20172777,45.33483955],[9.20124382,45.33501142],[9.20067002,45.33515646],[9.200389,45.33508495],[9.20012048,45.33494139],[9.19988908,45.33446472],[9.19982433,45.3342038],[9.19979775,45.33377889],[9.1998295,45.3336277],[9.19992446,45.33320724],[9.19970836,45.33297533],[9.19917248,45.33301226],[9.19857309,45.33313031],[9.19737459,45.33333943],[9.19623964,45.3334764],[9.19571737,45.33343761],[9.19535126,45.33341042],[9.1946951,45.33338003],[9.1927161,45.33299633],[9.19113256,45.33256692],[9.1901246,45.33263161],[9.18887642,45.33326378],[9.18762027,45.33365291],[9.18488475,45.33462501],[9.18517882,45.33478655],[9.18539661,45.33503824],[9.18587019,45.33546053],[9.18652292,45.33602655],[9.18723902,45.33656546],[9.18750927,45.33724012],[9.18673382,45.33806052],[9.18613143,45.33854853],[9.18584315,45.33878207],[9.18516953,45.33952127],[9.18510707,45.33994445],[9.1850184,45.34015161],[9.18512188,45.34056551],[9.18532785,45.34110525],[9.18503567,45.34152879],[9.18479441,45.34179021],[9.18487279,45.34234818],[9.18516823,45.34291477],[9.1848634,45.34338334],[9.1839446,45.34396688],[9.18388298,45.344006],[9.18275781,45.3445299],[9.18265982,45.34457505],[9.18142298,45.34486507],[9.18046713,45.34533466],[9.18022732,45.34606415],[9.18001408,45.34725265],[9.17999323,45.34860288],[9.17993361,45.34993516],[9.17986088,45.35102443],[9.17958362,45.35215904],[9.17912741,45.35310488],[9.17814784,45.35407857],[9.1772701,45.35496205],[9.176431,45.35596251],[9.17583271,45.3565305],[9.17528717,45.35752148],[9.17505975,45.35829593],[9.17493376,45.35884522],[9.17468803,45.35964336],[9.17447906,45.36032213],[9.17390904,45.36167319],[9.17350197,45.36216887],[9.17268485,45.3620621],[9.17227646,45.36212572],[9.17192088,45.36263933],[9.171349,45.36353132],[9.17111673,45.36380461],[9.17071321,45.36427937],[9.17039599,45.36494595],[9.16979917,45.36592798],[9.16920229,45.366892],[9.16764364,45.36663326],[9.16786341,45.36740705],[9.16714817,45.36736308],[9.16675397,45.36793074],[9.16656354,45.36817406],[9.16645026,45.3687323],[9.16623467,45.36924569],[9.16573987,45.37021855],[9.16555098,45.37112795],[9.16579447,45.37142463],[9.16635734,45.37174786],[9.16690674,45.37183707],[9.16745492,45.37164724],[9.16764723,45.3715464],[9.16814346,45.37128618],[9.16825838,45.37123882],[9.1683554,45.37099068],[9.1685233,45.3704849],[9.16861289,45.37046372],[9.1687429,45.37038377],[9.17022986,45.37069451],[9.17032616,45.37074128],[9.17050271,45.37139715],[9.17037543,45.37170481],[9.17037586,45.37184948],[9.17019789,45.37237425],[9.16945602,45.37300836],[9.16904638,45.37324408],[9.16872319,45.37320116],[9.16850758,45.37317254],[9.16837978,45.3733174],[9.16804727,45.37362536],[9.16738231,45.37425935],[9.16648585,45.37467663],[9.16730835,45.37527227],[9.16751311,45.37512728],[9.16784807,45.37565127],[9.16843746,45.37546956],[9.16884776,45.37545085],[9.16884695,45.37517957],[9.16898918,45.37516682],[9.16946234,45.3751244],[9.1706926,45.3748332],[9.17182548,45.37470329],[9.17207819,45.3750391],[9.17246478,45.37565344],[9.17205568,45.37607004],[9.17131456,45.37695736],[9.17123782,45.37702981],[9.17168738,45.37726427],[9.17191827,45.377282],[9.17217476,45.37728162],[9.17236726,45.3773175],[9.17240601,45.37740786],[9.17250884,45.37748909],[9.17257309,45.37753421],[9.17273967,45.37748874],[9.17343306,45.37776803],[9.17388247,45.3779482],[9.174945,45.37732261],[9.17586657,45.37674246],[9.17614833,45.37662447],[9.17650844,45.3769585],[9.17672683,45.37707572],[9.17699576,45.37694869],[9.17869853,45.3760327],[9.17914471,45.37583696],[9.17923639,45.37579674],[9.17994063,45.37545201],[9.18088914,45.37613796],[9.1816069,45.37659304],[9.1823713,45.37707769],[9.18234793,45.37722913],[9.18301203,45.37786247],[9.18375631,45.37833263],[9.18526708,45.37944635],[9.18458005,45.38027558],[9.18577092,45.3807059],[9.18622485,45.38089021],[9.1869631,45.38046844],[9.18784527,45.38028194],[9.1889656,45.37997727],[9.18879724,45.37957381],[9.18904524,45.3790711],[9.1899127,45.37875461],[9.19072171,45.37855478],[9.19141553,45.37830656],[9.19118672,45.37827053],[9.19103704,45.37821402],[9.19099089,45.37817356],[9.1909448,45.37814121],[9.19097892,45.37802764],[9.19102465,45.37795458],[9.19120851,45.37791373],[9.19134607,45.37778376],[9.19152962,45.37765371],[9.19178239,45.37758841],[9.19197756,45.37749079],[9.19213833,45.37742565],[9.19229892,45.37731185],[9.19239061,45.3772144],[9.19257457,45.37720598],[9.19279303,45.3771975]]]}},{"type":"Feature","properties":{"name":"Pieve Fissiraga","istat_code":"098045","source":"ISTAT - Confini amministrativi 2022 non generalizzati, Comuni WGS84 / UTM Zone 32N","source_url":"https://www.istat.it/storage/cartografia/confini_amministrativi/non_generalizzati/Limiti01012022.zip"},"geometry":{"type":"Polygon","coordinates":[[[9.44384922,45.29159231],[9.4444997,45.29157212],[9.44510521,45.29239744],[9.44613817,45.29238452],[9.44636227,45.29169053],[9.44652239,45.2909698],[9.44677567,45.29074378],[9.44775444,45.2904429],[9.44998098,45.28979505],[9.45068092,45.28961225],[9.45289283,45.28913543],[9.45302686,45.28910964],[9.45514614,45.2899546],[9.45524649,45.28974718],[9.45538511,45.2896386],[9.45546297,45.2895969],[9.45601089,45.28938426],[9.4565803,45.28919478],[9.45701357,45.2889708],[9.46133867,45.28656976],[9.46126542,45.28639256],[9.46154895,45.28593497],[9.46179574,45.2853761],[9.46218433,45.28459478],[9.46248722,45.28431462],[9.46257687,45.28430157],[9.46300727,45.28424912],[9.46316636,45.28394418],[9.46348711,45.28365126],[9.46362874,45.28340978],[9.46414548,45.28293857],[9.46442938,45.28253168],[9.46504845,45.28140708],[9.46577422,45.28016159],[9.46626944,45.27925936],[9.46676615,45.27854097],[9.46933595,45.2789108],[9.46937373,45.27913887],[9.47246904,45.27920818],[9.47263187,45.27891537],[9.47289408,45.27824818],[9.47333649,45.27778726],[9.47387338,45.27795607],[9.47498604,45.27846453],[9.47525228,45.27828339],[9.47580827,45.27768699],[9.4754621,45.27745438],[9.47407844,45.27665001],[9.47307043,45.27645616],[9.47290299,45.27624981],[9.4727579,45.27566533],[9.47277669,45.27495414],[9.47306758,45.27467389],[9.47329503,45.2744299],[9.47318654,45.27364723],[9.47326291,45.27209868],[9.47322708,45.27085663],[9.47338629,45.27007283],[9.47340873,45.26970369],[9.47373858,45.26951329],[9.47393689,45.26902639],[9.47400656,45.26820696],[9.4743931,45.2671702],[9.47477927,45.26618743],[9.47488289,45.2648548],[9.47541708,45.26318729],[9.47564706,45.26172811],[9.47596429,45.26022355],[9.47699149,45.25836496],[9.47659675,45.2583126],[9.4761019,45.25838669],[9.47538984,45.25858768],[9.47396632,45.25887263],[9.47258891,45.25894678],[9.47233564,45.2589604],[9.47091799,45.25860621],[9.47023872,45.25814992],[9.4697762,45.25770175],[9.46880481,45.2573637],[9.46790016,45.25739442],[9.46791127,45.25719632],[9.46807179,45.25656558],[9.4681278,45.25562918],[9.46797267,45.25535978],[9.46775049,45.25528129],[9.4671163,45.25505723],[9.46543026,45.25459605],[9.46383498,45.25422447],[9.46384686,45.25411641],[9.46408444,45.25355735],[9.46442075,45.25270084],[9.46468015,45.25169163],[9.46233304,45.25131409],[9.4621191,45.251648],[9.46184591,45.25253126],[9.46147517,45.25376595],[9.45884415,45.25305644],[9.4599984,45.25030635],[9.46007738,45.250126],[9.46018552,45.24941445],[9.45844997,45.24910637],[9.45905719,45.2469706],[9.4582406,45.24664081],[9.45846402,45.24590179],[9.45629242,45.24551683],[9.45617987,45.24549687],[9.45668004,45.24430668],[9.45582383,45.24399505],[9.45523324,45.24493357],[9.45329204,45.24438319],[9.45289356,45.24464581],[9.45289354,45.24484384],[9.45282959,45.24481261],[9.4516043,45.24596513],[9.45139025,45.24629003],[9.45157192,45.24670338],[9.45099134,45.24740779],[9.45054189,45.24848075],[9.45023841,45.24877899],[9.4487456,45.24854183],[9.44748075,45.24812371],[9.44738824,45.24770101],[9.44704195,45.24741432],[9.44637792,45.24723688],[9.44528539,45.24766423],[9.44451295,45.24828833],[9.44267714,45.24807942],[9.44250231,45.24853919],[9.43830159,45.24746621],[9.43950449,45.24647142],[9.43811776,45.24509952],[9.43825172,45.24429338],[9.43599651,45.24431101],[9.4355716,45.24540181],[9.43705406,45.24596774],[9.43641148,45.24681633],[9.43505895,45.24657846],[9.4350934,45.24608324],[9.43295989,45.24535773],[9.43270885,45.24562676],[9.43235993,45.24556549],[9.43196685,45.24549875],[9.43187234,45.24645102],[9.43210368,45.24671118],[9.43185494,45.2474258],[9.43083361,45.24726507],[9.4294774,45.2471717],[9.42813323,45.24730223],[9.42742975,45.24730487],[9.42730499,45.24730533],[9.42775415,45.24772673],[9.42847806,45.24798751],[9.42852077,45.24800289],[9.42850996,45.24825948],[9.42827449,45.24914251],[9.4282008,45.24951184],[9.4281819,45.24964694],[9.4281524,45.24985408],[9.42867731,45.25017616],[9.42904953,45.2503188],[9.42935643,45.25046166],[9.43074782,45.25077147],[9.43128569,45.2511205],[9.4313146,45.25157046],[9.43091266,45.2523461],[9.43023223,45.25326682],[9.42935914,45.25409825],[9.42866793,45.25538805],[9.42781254,45.2568855],[9.42706992,45.25813048],[9.42659325,45.25914941],[9.42600101,45.26006078],[9.42511945,45.26137828],[9.42464042,45.26209117],[9.42448956,45.26237078],[9.42561321,45.26263663],[9.4259986,45.26304027],[9.42690538,45.26327991],[9.42873079,45.26374116],[9.42916532,45.26389255],[9.42835644,45.26470571],[9.42992717,45.2651949],[9.42932537,45.26642136],[9.42987565,45.26670733],[9.42942505,45.2678072],[9.43014277,45.26803506],[9.43090755,45.26679425],[9.43158442,45.26683511],[9.43260377,45.26516678],[9.43329724,45.264165],[9.43384052,45.26353283],[9.43469079,45.26304352],[9.43535442,45.26273938],[9.43639474,45.26418021],[9.43700099,45.26511404],[9.43790245,45.26630777],[9.4385844,45.26713329],[9.43910828,45.26784191],[9.43924135,45.26802191],[9.43928843,45.26807172],[9.4393753,45.26816368],[9.4405001,45.26925027],[9.44183587,45.2705413],[9.44292886,45.27175227],[9.44368882,45.27275748],[9.44385976,45.27349545],[9.44388673,45.27361184],[9.44397471,45.27508773],[9.4441677,45.2763812],[9.44427069,45.27707139],[9.44449745,45.27835773],[9.4443915,45.27848285],[9.4442069,45.2787009],[9.4428996,45.2794621],[9.44203689,45.28001453],[9.44348112,45.280459],[9.44292642,45.28127127],[9.44383412,45.2815828],[9.44435857,45.2817968],[9.44424626,45.28211229],[9.44339824,45.28291671],[9.44246094,45.28372147],[9.44153668,45.28446316],[9.44067723,45.28544764],[9.43971513,45.28635149],[9.43876574,45.28725528],[9.43831106,45.28782412],[9.43851646,45.28800335],[9.43957582,45.28812529],[9.44029107,45.28827557],[9.44049915,45.28879684],[9.4407086,45.28949814],[9.44036773,45.28994053],[9.44015595,45.29058944],[9.44007643,45.29184996],[9.44009621,45.29275902],[9.44020071,45.29319524],[9.44134129,45.29276771],[9.44170206,45.2926268],[9.44180058,45.29217635],[9.44211624,45.29177006],[9.44258716,45.29165123],[9.44384922,45.29159231]]]}},{"type":"Feature","properties":{"name":"Rodano","istat_code":"015185","source":"ISTAT - Confini amministrativi 2022 non generalizzati, Comuni WGS84 / UTM Zone 32N","source_url":"https://www.istat.it/storage/cartografia/confini_amministrativi/non_generalizzati/Limiti01012022.zip"},"geometry":{"type":"Polygon","coordinates":[[[9.34798695,45.49990717],[9.34791872,45.49961033],[9.34999853,45.50010804],[9.35072039,45.49886367],[9.35015548,45.49858639],[9.35222484,45.49599671],[9.3621463,45.49863],[9.36374623,45.49863391],[9.36589421,45.49259634],[9.36803122,45.49296281],[9.3680579,45.49286127],[9.36823679,45.49218057],[9.36837839,45.49219898],[9.36862378,45.49130941],[9.36901552,45.49066906],[9.36920001,45.49038044],[9.36939557,45.49007376],[9.36901348,45.48990856],[9.36817638,45.48954664],[9.36845841,45.48581927],[9.367856,45.48566821],[9.36603603,45.485224],[9.36302516,45.48451351],[9.36307241,45.48390129],[9.36318235,45.48309084],[9.36794434,45.48376812],[9.36801005,45.48377748],[9.3683135,45.48176125],[9.36854255,45.48023958],[9.36892284,45.47771256],[9.36892832,45.47767626],[9.37524829,45.47783571],[9.37497674,45.47740453],[9.37470275,45.47660434],[9.37453261,45.47602882],[9.37477147,45.47538896],[9.37438568,45.47509319],[9.37375557,45.4746092],[9.37406921,45.47367204],[9.37333809,45.4733864],[9.37214642,45.47310225],[9.37205681,45.47309355],[9.3719893,45.47308809],[9.37087918,45.47299837],[9.3699312,45.47280342],[9.36948249,45.47266085],[9.36740952,45.47246951],[9.36734337,45.47213669],[9.36700866,45.47181373],[9.36754556,45.471749],[9.36897716,45.47168137],[9.36920308,45.47101456],[9.36838724,45.47085067],[9.3672816,45.47062471],[9.36720249,45.4702649],[9.36552369,45.46981124],[9.36557195,45.46936103],[9.36530144,45.46907386],[9.36524656,45.46849796],[9.36486332,45.46858019],[9.36400958,45.46897897],[9.36323156,45.46934149],[9.36334248,45.46868404],[9.36373042,45.46746767],[9.36408246,45.46651243],[9.36441781,45.46508018],[9.36462477,45.46345031],[9.36582998,45.46203328],[9.36612031,45.46143827],[9.36656641,45.46119382],[9.3668665,45.46013073],[9.36687248,45.45988924],[9.36687399,45.45982768],[9.36687585,45.45975071],[9.36688608,45.45932956],[9.36703273,45.45827596],[9.36720699,45.4575373],[9.36714037,45.45712347],[9.36725,45.45640301],[9.36755321,45.45582596],[9.36772758,45.45510532],[9.36802994,45.45440226],[9.36940871,45.45414577],[9.36961431,45.45233587],[9.36902551,45.45225677],[9.36829551,45.45209711],[9.3675911,45.45193736],[9.36732132,45.45187522],[9.36648964,45.45168886],[9.36568294,45.45152943],[9.36559249,45.45151171],[9.364877,45.45136999],[9.36480169,45.45158624],[9.36456356,45.4523431],[9.36414792,45.45333456],[9.36317511,45.45320264],[9.36071793,45.45281437],[9.3605662,45.45308489],[9.36025146,45.45386897],[9.35999027,45.45490494],[9.35937669,45.45495187],[9.35761223,45.45502941],[9.35714841,45.45449079],[9.35656677,45.45352049],[9.35612925,45.45308981],[9.35496433,45.45291341],[9.35323906,45.45298177],[9.35200927,45.45265251],[9.35017816,45.45228011],[9.34831015,45.45201577],[9.34828301,45.45176382],[9.34844527,45.45124126],[9.3485779,45.44993569],[9.34849883,45.44955788],[9.34693452,45.44887856],[9.3449626,45.44846148],[9.34454017,45.44839075],[9.34432649,45.44886844],[9.34373345,45.45018441],[9.34334979,45.45018557],[9.34265948,45.44996261],[9.34251694,45.44991802],[9.34240405,45.44988686],[9.34179235,45.44971318],[9.34104148,45.44949732],[9.34021189,45.44925882],[9.33776477,45.44849199],[9.33556161,45.44787741],[9.33492196,45.44783427],[9.33488155,45.44795141],[9.33457071,45.44885244],[9.33402753,45.44998818],[9.33369683,45.45043019],[9.3333751,45.45130425],[9.33305814,45.45204327],[9.33282055,45.452422],[9.33259565,45.45277821],[9.3321913,45.45374701],[9.33111047,45.4534486],[9.33041359,45.45346863],[9.33028083,45.45400458],[9.33008138,45.45434719],[9.32966465,45.45566708],[9.32953697,45.4561175],[9.32934864,45.45644658],[9.32913755,45.45753632],[9.32720019,45.45703782],[9.32576721,45.45667288],[9.3258496,45.45765376],[9.32026377,45.46051392],[9.32005223,45.46155865],[9.32126679,45.46145623],[9.32234243,45.46166921],[9.32224272,45.46212856],[9.32205322,45.46254315],[9.32206852,45.46298417],[9.32284964,45.46313497],[9.32355393,45.463268],[9.32378221,45.46292531],[9.32415243,45.46279824],[9.32494453,45.46263397],[9.32630063,45.46267511],[9.32634652,45.46263546],[9.3279474,45.46125229],[9.32797827,45.46122562],[9.32995352,45.46134145],[9.33017705,45.46136396],[9.33234283,45.46158206],[9.33239685,45.46158738],[9.33256442,45.46160391],[9.33112435,45.46456047],[9.3304861,45.46478735],[9.32941281,45.46499747],[9.32894294,45.46544888],[9.32843709,45.46644945],[9.3283249,45.46695384],[9.32969432,45.46706692],[9.33097556,45.46741426],[9.33219111,45.46759976],[9.33340376,45.46783475],[9.33415058,45.46798109],[9.3345224,45.46812401],[9.33452581,45.46870007],[9.33115659,45.47416457],[9.33027586,45.47437414],[9.33001072,45.47497798],[9.33180584,45.47565686],[9.33149011,45.47635987],[9.33224751,45.47678973],[9.33241104,45.47686126],[9.33297869,45.47711163],[9.3330118,45.47622043],[9.33338967,45.47534622],[9.33387127,45.47457072],[9.33420379,45.47455174],[9.33549826,45.47493499],[9.33608624,45.47484325],[9.33628543,45.47405058],[9.33632039,45.4734744],[9.33647095,45.47297889],[9.33749692,45.47339891],[9.33800981,45.47358642],[9.33862329,45.47348559],[9.33896731,45.47338556],[9.33976289,45.47377924],[9.33940757,45.47413134],[9.33897562,45.47463669],[9.33884909,45.47487109],[9.33909437,45.47523941],[9.33886889,45.47604118],[9.33723094,45.475857],[9.33711761,45.47616339],[9.33611973,45.47617532],[9.33522519,45.47837423],[9.3357253,45.47856177],[9.33583139,45.47919154],[9.33583516,45.47982611],[9.3361301,45.47993325],[9.33766654,45.48010874],[9.33819238,45.4803142],[9.33819097,45.48034571],[9.33814858,45.48154749],[9.33845667,45.48171759],[9.33833208,45.48312144],[9.33831283,45.48333822],[9.33802827,45.48483326],[9.33699152,45.4847913],[9.33660366,45.48626862],[9.33659374,45.48661969],[9.337708,45.48691346],[9.33775298,45.48694483],[9.33849929,45.48747397],[9.33853048,45.48749609],[9.33926689,45.48765649],[9.33987589,45.48778912],[9.34099095,45.48807384],[9.34224849,45.48817308],[9.34230966,45.48817791],[9.34331819,45.48832458],[9.34500822,45.48857034],[9.34522913,45.48860117],[9.34688237,45.4889922],[9.34830492,45.48932992],[9.34872069,45.48956719],[9.34837517,45.49034684],[9.34799703,45.4912841],[9.34758171,45.49229349],[9.34771384,45.49296817],[9.34784726,45.49384986],[9.34760834,45.49454367],[9.34716292,45.49495008],[9.34637139,45.49514151],[9.34564387,45.49546775],[9.3452777,45.49628795],[9.34500464,45.49754893],[9.34463914,45.49847715],[9.34428466,45.4991173],[9.34405827,45.49977504],[9.34392091,45.5001445],[9.34376723,45.50065947],[9.34375428,45.50070591],[9.34369808,45.50091241],[9.34385507,45.5009037],[9.34725875,45.50036574],[9.34802948,45.50025788],[9.34798695,45.49990717]]]}},{"type":"Feature","properties":{"name":"Rozzano","istat_code":"015189","source":"ISTAT - Confini amministrativi 2022 non generalizzati, Comuni WGS84 / UTM Zone 32N","source_url":"https://www.istat.it/storage/cartografia/confini_amministrativi/non_generalizzati/Limiti01012022.zip"},"geometry":{"type":"Polygon","coordinates":[[[9.1643697,45.40353074],[9.16468523,45.40337675],[9.16535533,45.40311953],[9.16560153,45.40307407],[9.16572359,45.40298371],[9.16597624,45.40238523],[9.16610478,45.40229088],[9.16636276,45.40221386],[9.1652521,45.40049596],[9.16555791,45.40049814],[9.16660414,45.4005073],[9.16654054,45.40086734],[9.16732414,45.40119098],[9.16746624,45.40130262],[9.1680423,45.40213906],[9.16817756,45.40219804],[9.16837014,45.40226902],[9.17000903,45.4028028],[9.17076644,45.40282848],[9.17051822,45.40077586],[9.17244524,45.40077059],[9.1735986,45.40076812],[9.17343577,45.3990645],[9.173376,45.39844165],[9.17325113,45.39713097],[9.17304046,45.39546092],[9.17292203,45.39452106],[9.17310383,45.39448528],[9.17659626,45.39380012],[9.17672108,45.39382217],[9.17707316,45.3937229],[9.17729669,45.39370944],[9.17812333,45.39352424],[9.17877612,45.39337302],[9.1794194,45.39330089],[9.17971775,45.39312462],[9.18255634,45.39190897],[9.18259249,45.39181019],[9.18214848,45.39076701],[9.18252774,45.39056836],[9.18385176,45.39045321],[9.18415289,45.39039055],[9.18564574,45.3898927],[9.18610349,45.39016649],[9.18599203,45.390266],[9.18624683,45.39138991],[9.18633471,45.39150737],[9.1864739,45.3914712],[9.18683185,45.39119547],[9.18690329,45.39100247],[9.18696401,45.39098927],[9.18692325,45.39115541],[9.18707327,45.39120879],[9.18720838,45.39115434],[9.18778743,45.39136058],[9.18791092,45.39147738],[9.18808064,45.39160384],[9.18829392,45.39164512],[9.18886456,45.39202944],[9.18938617,45.39225343],[9.1898452,45.39265791],[9.19001808,45.39275695],[9.19033419,45.39277482],[9.19079059,45.39267005],[9.19108769,45.39261532],[9.1912369,45.39242159],[9.19122976,45.39222871],[9.19106928,45.39195901],[9.19124735,45.39167446],[9.19132793,45.39130961],[9.19130243,45.39109539],[9.19126557,45.39083773],[9.19136725,45.39072513],[9.19064036,45.39015444],[9.19077808,45.38991624],[9.19086611,45.38983901],[9.19096036,45.38895706],[9.19086287,45.38887558],[9.19081152,45.38878608],[9.19084106,45.38865076],[9.19097153,45.38847628],[9.19097509,45.38842051],[9.19108352,45.38828315],[9.19072155,45.38819558],[9.19047046,45.38807449],[9.19022607,45.38793537],[9.19013157,45.38785003],[9.19008369,45.38773309],[9.19011471,45.38758001],[9.19024397,45.38744028],[9.19037111,45.38726004],[9.19037361,45.38717002],[9.19036688,45.38706652],[9.19035336,45.38685051],[9.1903088,45.38665256],[9.19023486,45.38650867],[9.19013071,45.38640082],[9.18999635,45.38632903],[9.18965626,45.38621258],[9.18947992,45.38612287],[9.18953404,45.38595624],[9.18952686,45.38583475],[9.18951503,45.38564575],[9.18944402,45.38541633],[9.18926049,45.3852096],[9.18890404,45.38496717],[9.18859119,45.38476514],[9.18830443,45.3845946],[9.18828214,45.38454632],[9.18826704,45.38451364],[9.18836806,45.3839194],[9.18849228,45.38382918],[9.18868664,45.38381987],[9.1889377,45.38381044],[9.189067,45.38380123],[9.18913159,45.3836616],[9.18931665,45.38337326],[9.18949581,45.38312092],[9.18969306,45.38289557],[9.18983278,45.38266131],[9.19003087,45.38245394],[9.19020081,45.38230965],[9.19041025,45.38215627],[9.19054792,45.38202103],[9.1906897,45.38168773],[9.19074122,45.3813411],[9.19089634,45.38082777],[9.19106254,45.38062946],[9.19120225,45.3803952],[9.19132558,45.38016095],[9.19150097,45.37997614],[9.19156348,45.3798095],[9.19177454,45.37954362],[9.19185636,45.37942647],[9.1920511,45.37929561],[9.19223236,45.37907479],[9.19236576,45.37887203],[9.19234934,45.37873704],[9.19222126,45.37863375],[9.19202103,45.37854856],[9.1919043,45.37849926],[9.19182959,45.37847238],[9.19175984,45.37842944],[9.1916692,45.37837364],[9.19158356,45.37830628],[9.19141553,45.37830656],[9.19072171,45.37855478],[9.1899127,45.37875461],[9.18904524,45.3790711],[9.18879724,45.37957381],[9.1889656,45.37997727],[9.18784527,45.38028194],[9.1869631,45.38046844],[9.18622485,45.38089021],[9.18577092,45.3807059],[9.18458005,45.38027558],[9.18526708,45.37944635],[9.18375631,45.37833263],[9.18301203,45.37786247],[9.18234793,45.37722913],[9.1823713,45.37707769],[9.1816069,45.37659304],[9.18088914,45.37613796],[9.17994063,45.37545201],[9.17923639,45.37579674],[9.17914471,45.37583696],[9.17869853,45.3760327],[9.17699576,45.37694869],[9.17672683,45.37707572],[9.17650844,45.3769585],[9.17614833,45.37662447],[9.17586657,45.37674246],[9.174945,45.37732261],[9.17388247,45.3779482],[9.17343306,45.37776803],[9.17273967,45.37748874],[9.17257309,45.37753421],[9.17250884,45.37748909],[9.17240601,45.37740786],[9.17236726,45.3773175],[9.17217476,45.37728162],[9.17191827,45.377282],[9.17168738,45.37726427],[9.17123782,45.37702981],[9.17131456,45.37695736],[9.17205568,45.37607004],[9.17246478,45.37565344],[9.17207819,45.3750391],[9.17182548,45.37470329],[9.1706926,45.3748332],[9.16946234,45.3751244],[9.16898918,45.37516682],[9.16884695,45.37517957],[9.16884776,45.37545085],[9.16843746,45.37546956],[9.16784807,45.37565127],[9.16751311,45.37512728],[9.16730835,45.37527227],[9.16648585,45.37467663],[9.16738231,45.37425935],[9.16804727,45.37362536],[9.16837978,45.3733174],[9.16850758,45.37317254],[9.16872319,45.37320116],[9.16904638,45.37324408],[9.16945602,45.37300836],[9.17019789,45.37237425],[9.17037586,45.37184948],[9.17037543,45.37170481],[9.17050271,45.37139715],[9.17032616,45.37074128],[9.17022986,45.37069451],[9.1687429,45.37038377],[9.16861289,45.37046372],[9.1685233,45.3704849],[9.1683554,45.37099068],[9.16825838,45.37123882],[9.16814346,45.37128618],[9.16764723,45.3715464],[9.16745492,45.37164724],[9.16690674,45.37183707],[9.16635734,45.37174786],[9.16579447,45.37142463],[9.16555098,45.37112795],[9.16573987,45.37021855],[9.16623467,45.36924569],[9.16645026,45.3687323],[9.16656354,45.36817406],[9.16675397,45.36793074],[9.16714817,45.36736308],[9.16486143,45.36688933],[9.16571218,45.36538491],[9.16536706,45.36525939],[9.16419186,45.36497304],[9.16284631,45.36469226],[9.16283262,45.36472349],[9.16231582,45.36519174],[9.16132281,45.36610229],[9.16052567,45.36696757],[9.16015203,45.36737311],[9.15826734,45.36895997],[9.15771751,45.36869969],[9.15671979,45.36809798],[9.15629735,45.3677295],[9.15503148,45.36696611],[9.15403731,45.36750754],[9.15233579,45.36633065],[9.1526789,45.3657181],[9.15216691,45.36525973],[9.1514114,45.36446861],[9.15020773,45.36318302],[9.15064101,45.36285841],[9.15117641,45.36253366],[9.15107121,45.36248526],[9.15080567,45.36236311],[9.15054594,45.36221944],[9.1497955,45.36180637],[9.14886184,45.3612045],[9.14785242,45.36077376],[9.14735444,45.36076539],[9.14671729,45.36109927],[9.14560736,45.36146073],[9.1440254,45.36181379],[9.14358008,45.36228242],[9.14331337,45.36284983],[9.14315099,45.36411922],[9.14358862,45.36550486],[9.14401247,45.36646746],[9.14464099,45.36758283],[9.14425849,45.36780835],[9.14399719,45.36797383],[9.14353217,45.36826834],[9.14242399,45.36922384],[9.1409585,45.37029682],[9.14067377,45.37051802],[9.14004443,45.37100693],[9.13978626,45.37120739],[9.13975909,45.37123035],[9.13930861,45.37161084],[9.13899653,45.37187445],[9.13891927,45.37193755],[9.13877986,45.37205474],[9.13865009,45.37218542],[9.13852229,45.37231303],[9.13835228,45.37248282],[9.13822368,45.37261187],[9.13812767,45.37270806],[9.13795218,45.37288387],[9.13736607,45.37344264],[9.13638555,45.37446097],[9.13586457,45.37539321],[9.13554878,45.37668978],[9.13543678,45.37793207],[9.1352611,45.37906645],[9.13496961,45.38002993],[9.13554658,45.38094738],[9.13640486,45.38199049],[9.13717457,45.38336676],[9.13784287,45.38505819],[9.13832047,45.38692989],[9.1388615,45.38877447],[9.13893994,45.38951248],[9.13902012,45.39079056],[9.13896016,45.39238386],[9.13886116,45.39352714],[9.13862057,45.39440054],[9.13841742,45.39492286],[9.13972041,45.39485826],[9.14084397,45.39473988],[9.1412153,45.39507246],[9.14137837,45.39539187],[9.14178022,45.39617892],[9.14249922,45.39758222],[9.14269208,45.39806804],[9.14380563,45.39835946],[9.14471173,45.39859656],[9.14507827,45.39815708],[9.14533548,45.39784867],[9.14566729,45.39770424],[9.14620336,45.39780651],[9.14627282,45.39781977],[9.14720028,45.39796946],[9.14833405,45.39815243],[9.14952181,45.39820669],[9.14983865,45.39826209],[9.15043247,45.39826131],[9.15086897,45.39865138],[9.15123783,45.39902987],[9.151385,45.39918087],[9.15174236,45.39957105],[9.15202022,45.39984972],[9.15228223,45.40002306],[9.1526296,45.40037488],[9.15290065,45.40063625],[9.15306314,45.40077887],[9.15315053,45.40086251],[9.15329322,45.4009309],[9.15418147,45.400596],[9.15477523,45.4003721],[9.15486314,45.40058037],[9.15503368,45.40098433],[9.15533106,45.40138766],[9.15562893,45.40195806],[9.15594634,45.40245883],[9.15648198,45.40329344],[9.15778276,45.40285423],[9.15586674,45.40153992],[9.15627889,45.40145374],[9.15645611,45.40135259],[9.15682734,45.4011425],[9.15843506,45.40155465],[9.1585933,45.40173383],[9.15811531,45.4025225],[9.1581487,45.40257669],[9.1599876,45.40299284],[9.16236597,45.40321795],[9.16291579,45.40339358],[9.1630414,45.4034065],[9.16405978,45.40309855],[9.16413845,45.40313041],[9.16423288,45.40328323],[9.16405714,45.40330573],[9.16410536,45.40345405],[9.16425767,45.40344927],[9.1643697,45.40353074]]]}},{"type":"Feature","properties":{"name":"Salerano sul Lambro","istat_code":"098046","source":"ISTAT - Confini amministrativi 2022 non generalizzati, Comuni WGS84 / UTM Zone 32N","source_url":"https://www.istat.it/storage/cartografia/confini_amministrativi/non_generalizzati/Limiti01012022.zip"},"geometry":{"type":"Polygon","coordinates":[[[9.38708937,45.3060885],[9.38741935,45.30584434],[9.38827453,45.30592244],[9.38867076,45.30603811],[9.3893937,45.30543256],[9.38991038,45.30462967],[9.39026068,45.30362933],[9.39047755,45.30328652],[9.3905635,45.30315121],[9.39108566,45.3030324],[9.39200444,45.30309226],[9.39264107,45.30292805],[9.39280521,45.30268446],[9.39262155,45.30194698],[9.39234898,45.3012638],[9.39247318,45.3007773],[9.39316123,45.30067592],[9.39358062,45.30045844],[9.39344983,45.29999083],[9.39327975,45.29937031],[9.3933514,45.29866796],[9.39343197,45.29803842],[9.39347241,45.2977224],[9.39349195,45.2968582],[9.39274362,45.29560958],[9.39204748,45.2945318],[9.39110272,45.29264475],[9.39022573,45.29121652],[9.38994105,45.29073142],[9.3897457,45.29013799],[9.39077751,45.28997244],[9.39145388,45.28983975],[9.39175812,45.28978005],[9.39181931,45.28974273],[9.3923746,45.28940407],[9.392901,45.28908303],[9.39408056,45.28816081],[9.39430297,45.28795112],[9.39456323,45.28770576],[9.39462128,45.28765105],[9.39482804,45.28745612],[9.39504633,45.28699553],[9.39525532,45.28655451],[9.39550447,45.28570752],[9.39594738,45.28521989],[9.39604927,45.28519238],[9.39643285,45.28508883],[9.39647753,45.28507679],[9.39682555,45.28498281],[9.39765416,45.28495293],[9.39840654,45.28495932],[9.39855103,45.28493328],[9.39861511,45.28492172],[9.39865541,45.28491446],[9.39922158,45.28481244],[9.3995776,45.28466718],[9.39976759,45.28448648],[9.40002084,45.28423355],[9.40062824,45.28357433],[9.40079904,45.28283715],[9.40046732,45.2824497],[9.39982671,45.28201089],[9.39846301,45.28209666],[9.39748004,45.28192907],[9.39655953,45.28157221],[9.39581928,45.28146675],[9.39557964,45.28184565],[9.39537871,45.28228742],[9.39269822,45.28175658],[9.39374056,45.27956565],[9.39298639,45.2792892],[9.39167157,45.27905966],[9.39033169,45.27877621],[9.3889252,45.27830395],[9.38713595,45.27767092],[9.38566612,45.27713581],[9.38437464,45.27657307],[9.38305889,45.27619043],[9.38318196,45.2755329],[9.38258117,45.27530089],[9.37933941,45.27477161],[9.37872644,45.2762949],[9.38056444,45.27684687],[9.38007326,45.27751461],[9.37961783,45.27804721],[9.37895947,45.2787425],[9.37852933,45.27924801],[9.37799339,45.27917778],[9.37720171,45.27900036],[9.37599975,45.27847325],[9.37505546,45.27835033],[9.37453574,45.2788111],[9.37391517,45.27944324],[9.37324487,45.28027355],[9.37251367,45.28130212],[9.37190627,45.28200619],[9.37082941,45.28307187],[9.37039913,45.28356834],[9.37024875,45.28409542],[9.37077383,45.28444927],[9.37189832,45.28481466],[9.37096431,45.28628493],[9.37336727,45.28715023],[9.37246816,45.28810732],[9.37600797,45.2892479],[9.37706917,45.28966746],[9.37733896,45.28984215],[9.37741497,45.28989136],[9.37704857,45.29040565],[9.37673586,45.29077145],[9.37662424,45.29090206],[9.37648937,45.29105983],[9.37641585,45.29114587],[9.37617143,45.29135812],[9.37601009,45.29149824],[9.37583435,45.2919219],[9.37555672,45.29236387],[9.37525374,45.29283294],[9.37508919,45.29302251],[9.37469634,45.29340186],[9.37463591,45.2934521],[9.37455658,45.29351804],[9.37423973,45.29378142],[9.37421034,45.29399608],[9.37420399,45.29404258],[9.37433514,45.29423118],[9.37435765,45.29425811],[9.3746907,45.29448205],[9.37617328,45.29496325],[9.37610431,45.29610664],[9.37667881,45.29619477],[9.37711462,45.29652639],[9.37714432,45.29715638],[9.37750871,45.29825336],[9.3786763,45.29930266],[9.3793673,45.2996424],[9.37927266,45.30074989],[9.38041139,45.30109899],[9.38055074,45.3011417],[9.38040468,45.30218635],[9.38033212,45.30232364],[9.38010098,45.30276095],[9.380052,45.30285363],[9.37970889,45.3030438],[9.37995748,45.30397912],[9.38056052,45.30450818],[9.38132832,45.30487468],[9.38178932,45.30514318],[9.38169816,45.30562513],[9.38219071,45.30573922],[9.38315236,45.30596746],[9.38444231,45.30626072],[9.38528724,45.30653895],[9.38588246,45.30681268],[9.38673533,45.30654876],[9.38708937,45.3060885]]]}},{"type":"Feature","properties":{"name":"San Donato Milanese","istat_code":"015192","source":"ISTAT - Confini amministrativi 2022 non generalizzati, Comuni WGS84 / UTM Zone 32N","source_url":"https://www.istat.it/storage/cartografia/confini_amministrativi/non_generalizzati/Limiti01012022.zip"},"geometry":{"type":"Polygon","coordinates":[[[9.27159743,45.43165629],[9.27229577,45.4306645],[9.2727808,45.4295966],[9.27285235,45.429439],[9.27302071,45.42894774],[9.27315491,45.42855617],[9.27362299,45.42753791],[9.27416935,45.42685252],[9.27470454,45.42650019],[9.27513494,45.42563504],[9.27532985,45.42563007],[9.27655363,45.42559561],[9.27775773,45.42610575],[9.27840867,45.42590613],[9.27909336,45.42578297],[9.28023498,45.42557762],[9.28160339,45.42570927],[9.28230708,45.42583355],[9.28302395,45.42603881],[9.28375316,45.42615402],[9.28434035,45.42599052],[9.28470955,45.42569257],[9.28521922,45.42536726],[9.28528122,45.42498905],[9.28573909,45.42452885],[9.28650524,45.42437391],[9.28683619,45.42409404],[9.28725539,45.42357991],[9.28748437,45.42336333],[9.28750422,45.42314173],[9.28751336,45.42303975],[9.28754485,45.42268809],[9.28777348,45.42239947],[9.2879253,45.42209304],[9.28788261,45.42203209],[9.28764205,45.42168869],[9.28788187,45.42109402],[9.28838978,45.42043564],[9.28882405,45.42037154],[9.28931163,45.42073936],[9.28963039,45.42058553],[9.28986138,45.42076497],[9.29010246,45.42042231],[9.28992191,45.42010772],[9.28970291,45.41977524],[9.29005909,45.41944128],[9.29065842,45.41916973],[9.29101569,45.4190518],[9.29142719,45.41953681],[9.29211626,45.41931904],[9.29177978,45.41850978],[9.29121484,45.41800717],[9.2903768,45.41737021],[9.29132307,45.41692224],[9.29139744,45.41647199],[9.29162645,45.41634539],[9.29246956,45.41626222],[9.29323239,45.41556716],[9.29358488,45.41453112],[9.29531262,45.41506675],[9.29524542,45.41443683],[9.29516674,45.41404998],[9.29488265,45.41349265],[9.29530305,45.41331153],[9.29562126,45.41305867],[9.29604237,45.41294058],[9.29663095,45.41315507],[9.29728274,45.41315337],[9.29802453,45.41325946],[9.29889302,45.41323019],[9.29972113,45.41274196],[9.30052377,45.41234378],[9.30133871,45.41186457],[9.30126936,45.41083862],[9.30077963,45.41006581],[9.30045753,45.4095716],[9.29975118,45.40890736],[9.29904197,45.40845916],[9.2982803,45.40858717],[9.29787048,45.4084172],[9.29777886,45.4080034],[9.29736829,45.40768943],[9.29708523,45.4073211],[9.29638208,45.40718792],[9.29491346,45.40736274],[9.29395351,45.40698716],[9.29336239,45.40634961],[9.2917869,45.40554352],[9.2903773,45.40476401],[9.29011294,45.40476598],[9.28989393,45.40482274],[9.28949624,45.40503451],[9.28901919,45.40531675],[9.28826356,45.40571211],[9.28820598,45.40614786],[9.28788747,45.40624703],[9.28760749,45.40607912],[9.28752214,45.40624744],[9.28695479,45.40712057],[9.28641204,45.40672729],[9.28593489,45.40705253],[9.28508994,45.40777473],[9.2829631,45.40658286],[9.28264275,45.40640362],[9.28216683,45.40673786],[9.28083856,45.40607504],[9.28064578,45.40609352],[9.28048933,45.4061074],[9.28019009,45.40620666],[9.27962819,45.40639305],[9.27855723,45.40680973],[9.27821177,45.40687641],[9.27807151,45.40682129],[9.27789728,45.40675282],[9.27674775,45.4074352],[9.27647665,45.40763482],[9.27625085,45.40780107],[9.27619585,45.4078416],[9.27574389,45.40810822],[9.27518291,45.4082896],[9.27504684,45.40831694],[9.27474848,45.40837289],[9.27451972,45.4084158],[9.27444161,45.4084309],[9.2740967,45.40857592],[9.27285715,45.4078861],[9.27217495,45.40849653],[9.27184858,45.4083246],[9.27123766,45.4080065],[9.2705763,45.40766152],[9.27054227,45.40764359],[9.26923943,45.40696483],[9.26970014,45.40614688],[9.2700162,45.4057681],[9.2701725,45.40538066],[9.27023694,45.40477524],[9.27025761,45.40458147],[9.27027417,45.4044263],[9.27059108,45.40414651],[9.27128286,45.4036813],[9.27138394,45.40361355],[9.27149833,45.4035044],[9.27204576,45.4029819],[9.27221628,45.40281947],[9.27228187,45.40275631],[9.27243993,45.40259415],[9.27307335,45.40194429],[9.27326993,45.40180431],[9.27346722,45.4016649],[9.27375075,45.40146452],[9.27381313,45.40142046],[9.27251245,45.40079798],[9.27192292,45.40051586],[9.27189204,45.40048892],[9.27109673,45.40000024],[9.27102586,45.39995541],[9.27066085,45.3997748],[9.27033787,45.39961498],[9.2702362,45.39965099],[9.27009471,45.39970108],[9.26852097,45.40025386],[9.26716321,45.40080162],[9.26641948,45.4010869],[9.26610205,45.40126315],[9.26595113,45.40134902],[9.26577889,45.40148895],[9.26543879,45.40176427],[9.26519188,45.40207539],[9.26474874,45.40252198],[9.26462619,45.4027833],[9.26305094,45.40200382],[9.26194694,45.40131606],[9.2615616,45.4016869],[9.26160461,45.40181574],[9.26166083,45.40193145],[9.26168782,45.40203602],[9.26161419,45.40216698],[9.26152439,45.4022382],[9.26138951,45.40230952],[9.26120288,45.4022817],[9.26117444,45.40223714],[9.26118146,45.40203346],[9.26112869,45.40187865],[9.26120066,45.4017997],[9.26119379,45.40173945],[9.26088479,45.40174943],[9.260839,45.40176266],[9.26046451,45.4018709],[9.26032045,45.40200099],[9.26038,45.40208429],[9.26061004,45.40206059],[9.26061044,45.40214865],[9.26047929,45.40222774],[9.2603574,45.40239997],[9.25991407,45.4030263],[9.25989889,45.40328112],[9.25997596,45.40339697],[9.25987405,45.40359482],[9.25967736,45.40349646],[9.25904348,45.40385357],[9.2589871,45.40378125],[9.25863178,45.40374253],[9.25830365,45.40351933],[9.25808833,45.40343419],[9.25777421,45.40330619],[9.25766748,45.40336927],[9.25733081,45.40331733],[9.25673238,45.40324623],[9.25662968,45.4032728],[9.25594208,45.40337916],[9.25513678,45.40330896],[9.25389759,45.40327572],[9.25198082,45.40316294],[9.25080535,45.40309352],[9.25005,45.40300653],[9.2498849,45.40298752],[9.24898996,45.40325625],[9.24807324,45.40353154],[9.2472703,45.40391134],[9.24672228,45.40424556],[9.24652147,45.40436744],[9.2461492,45.40459335],[9.24595701,45.40447202],[9.24445829,45.40352584],[9.24419505,45.40319106],[9.24417563,45.40316638],[9.24379838,45.40291036],[9.24373962,45.40287046],[9.2420868,45.40174864],[9.24116812,45.40195761],[9.2404278,45.4021392],[9.23980229,45.40218551],[9.23810229,45.40098287],[9.23636291,45.39975228],[9.23643965,45.39949159],[9.23511287,45.39857553],[9.23476172,45.39834313],[9.23407827,45.39885512],[9.23385262,45.39902415],[9.23373377,45.39911319],[9.23356735,45.3991958],[9.23334544,45.39930596],[9.23238093,45.39894452],[9.23264497,45.39810063],[9.23342641,45.39675431],[9.23335657,45.39624499],[9.23364978,45.39614887],[9.23326756,45.3947008],[9.2325208,45.39189983],[9.23044785,45.39223591],[9.22893976,45.39198691],[9.22745692,45.39176034],[9.22665124,45.3914469],[9.22590887,45.39108832],[9.2253075,45.39085548],[9.2250251,45.39051399],[9.22493428,45.39016312],[9.2244356,45.38994807],[9.22425565,45.38966038],[9.2233467,45.3891671],[9.22276003,45.38941127],[9.22244194,45.38963692],[9.22338844,45.39004013],[9.22212772,45.39095171],[9.22149324,45.39194308],[9.22116485,45.39290685],[9.22072238,45.39400587],[9.21993765,45.39579863],[9.21949436,45.3966996],[9.21915196,45.39735734],[9.21594285,45.39656234],[9.21503657,45.39647044],[9.21498427,45.39646514],[9.21482039,45.39705052],[9.21503322,45.39708429],[9.21655863,45.39732629],[9.21850737,45.39781248],[9.21870694,45.39786227],[9.21842769,45.39833987],[9.21762609,45.39915151],[9.2169266,45.39999896],[9.21676836,45.40021021],[9.21606236,45.40115275],[9.21582387,45.40222434],[9.21589073,45.40300733],[9.21617453,45.40370889],[9.21666307,45.40449106],[9.21682131,45.40462712],[9.21694434,45.4047329],[9.21750922,45.40521856],[9.21853389,45.40584669],[9.21811302,45.40685561],[9.21797564,45.40717235],[9.21786276,45.40744118],[9.21780837,45.4075718],[9.21897625,45.40809614],[9.22038551,45.40874413],[9.22094532,45.40900147],[9.22285484,45.40987538],[9.22298205,45.40978062],[9.22315392,45.40965689],[9.22321243,45.40961365],[9.2232573,45.40960006],[9.22344218,45.40954569],[9.22411763,45.40913031],[9.22432271,45.40894263],[9.22494527,45.40837258],[9.22556814,45.40759725],[9.22591881,45.40764064],[9.22659152,45.40786526],[9.22743536,45.4080256],[9.22859769,45.40794228],[9.22969436,45.40799182],[9.22995249,45.40800127],[9.23142191,45.40801759],[9.23213688,45.40829519],[9.23296982,45.40886057],[9.23366099,45.40912919],[9.23508038,45.40939631],[9.23634673,45.40968624],[9.23738262,45.40992262],[9.23794462,45.40958986],[9.23862763,45.40928125],[9.23865723,45.40926417],[9.23875963,45.40921766],[9.24003533,45.40874693],[9.24041985,45.40901615],[9.24139253,45.40941015],[9.24259549,45.40981266],[9.24295355,45.41042217],[9.24300743,45.41051388],[9.24287048,45.41071322],[9.242812,45.41079128],[9.2426553,45.41101371],[9.24317724,45.41175623],[9.24388519,45.41254627],[9.24432,45.41261736],[9.24548053,45.41210181],[9.24604343,45.41223561],[9.24614331,45.41231322],[9.24624558,45.41239269],[9.24664591,45.41270238],[9.24706913,45.4130435],[9.24787462,45.41312277],[9.24877177,45.4137059],[9.25017979,45.41461194],[9.24999412,45.41476086],[9.2496973,45.41499778],[9.2493665,45.41526181],[9.24858856,45.41564156],[9.24762084,45.41641776],[9.24693257,45.4168063],[9.24516164,45.41745763],[9.24511056,45.41748292],[9.24340302,45.41828572],[9.24254743,45.41868794],[9.2413739,45.4192395],[9.24074873,45.41950186],[9.2403761,45.41962251],[9.24002119,45.41973742],[9.24012752,45.41980471],[9.24289193,45.42153159],[9.24387911,45.42222258],[9.24530153,45.42305665],[9.24553544,45.42315511],[9.24664611,45.42362083],[9.24786093,45.42373521],[9.24895641,45.42354831],[9.24925317,45.42349815],[9.25005687,45.42313635],[9.25060526,45.42285611],[9.25079924,45.42277401],[9.250988,45.42269325],[9.25163854,45.42293014],[9.25184953,45.42300639],[9.25277296,45.42325147],[9.25306154,45.42332776],[9.25352559,45.42347087],[9.25380408,45.42355742],[9.25387193,45.42357799],[9.25278724,45.42461833],[9.25199058,45.42538239],[9.25176452,45.42559991],[9.25241713,45.42587833],[9.25250536,45.42591598],[9.252583,45.42594751],[9.25309162,45.42615412],[9.25322367,45.4262369],[9.25347227,45.42639273],[9.25370248,45.42658711],[9.25376035,45.42671303],[9.25386748,45.42678426],[9.2540116,45.42696749],[9.25488638,45.4274382],[9.255758,45.42790685],[9.25611939,45.42809782],[9.25722144,45.42868019],[9.25729363,45.42872412],[9.25850663,45.42947058],[9.25936397,45.4302908],[9.25994751,45.43039942],[9.26024475,45.43045555],[9.26171531,45.43125728],[9.26191928,45.43136895],[9.2620383,45.43132909],[9.26360748,45.43221153],[9.26378021,45.43250393],[9.26386057,45.43257609],[9.26408327,45.43277592],[9.26533993,45.43390328],[9.26577097,45.43432517],[9.26627739,45.43481895],[9.26651293,45.43504573],[9.26656432,45.4350758],[9.26662755,45.43511278],[9.26680154,45.43520955],[9.26693173,45.43524075],[9.26656879,45.4358941],[9.26650366,45.43601135],[9.26641048,45.43641662],[9.26632606,45.43681737],[9.2665015,45.43733453],[9.26652115,45.43739299],[9.26654469,45.43746239],[9.26665322,45.43777974],[9.26734358,45.43776911],[9.26730963,45.43754523],[9.26722483,45.4369863],[9.26733814,45.43661698],[9.267821,45.43598578],[9.26841928,45.43543528],[9.26868662,45.43519163],[9.26951355,45.43433457],[9.27041425,45.43286525],[9.27093588,45.43233295],[9.27159743,45.43165629]]]}},{"type":"Feature","properties":{"name":"San Genesio ed Uniti","istat_code":"018135","source":"ISTAT - Confini amministrativi 2022 non generalizzati, Comuni WGS84 / UTM Zone 32N","source_url":"https://www.istat.it/storage/cartografia/confini_amministrativi/non_generalizzati/Limiti01012022.zip"},"geometry":{"type":"Polygon","coordinates":[[[9.20204923,45.25032485],[9.20233355,45.25020734],[9.20294703,45.25026927],[9.20363535,45.25032204],[9.20418247,45.2505281],[9.20445294,45.25032058],[9.20472918,45.25018057],[9.20505964,45.24993243],[9.20550439,45.24958057],[9.20578451,45.24951706],[9.20628194,45.24964218],[9.20657438,45.24979468],[9.20694353,45.24967699],[9.20770714,45.24941456],[9.20759355,45.24971181],[9.20736719,45.25054036],[9.20730418,45.25073852],[9.20719052,45.25101776],[9.20711483,45.25123393],[9.20710308,45.25150399],[9.20733299,45.25164761],[9.20775391,45.25175485],[9.20807257,45.25177229],[9.20863317,45.25173526],[9.20912984,45.25164433],[9.20951241,45.25171564],[9.20981797,45.25174209],[9.21012396,45.25178652],[9.21045548,45.25183093],[9.21092712,45.25186606],[9.21122073,45.25189253],[9.21178038,45.25192749],[9.21176563,45.25138743],[9.21185397,45.25115324],[9.2119041,45.25092811],[9.21199233,45.2506669],[9.21257897,45.25078282],[9.21257729,45.25033275],[9.21262648,45.24985558],[9.21263759,45.24941448],[9.21259785,45.2490095],[9.21249441,45.24861362],[9.2123784,45.24825378],[9.21224956,45.24787596],[9.21215881,45.24746206],[9.21215717,45.247021],[9.21225756,45.24660675],[9.21244684,45.24610231],[9.21261076,45.24564294],[9.21272388,45.24521964],[9.21268467,45.24495867],[9.21228862,45.24468038],[9.21166352,45.24448349],[9.21105135,45.24433161],[9.21047768,45.24426065],[9.20985325,45.24423479],[9.20941971,45.24415458],[9.20907531,45.2440562],[9.20857798,45.24394908],[9.20813177,45.24387788],[9.20759751,45.24379785],[9.20703652,45.24370885],[9.20662846,45.24361957],[9.2061821,45.24351237],[9.20572259,45.24328816],[9.20542863,45.24303665],[9.20510912,45.24276717],[9.20489163,45.24252453],[9.20426896,45.24299371],[9.20498525,45.24375755],[9.20465511,45.2440732],[9.20368432,45.24340882],[9.20360886,45.24368801],[9.20364789,45.24391297],[9.20391692,45.24431757],[9.20387953,45.24455167],[9.20367674,45.24484907],[9.20325874,45.24521888],[9.20294557,45.24527346],[9.2018808,45.24482525],[9.20128406,45.24542941],[9.20090181,45.2454391],[9.20073548,45.24525036],[9.2005689,45.24498059],[9.20060641,45.2447735],[9.20070761,45.24456628],[9.20102482,45.24418766],[9.2012918,45.24401617],[9.20154566,45.24385369],[9.20181218,45.24366419],[9.2020535,45.24344772],[9.20224395,45.24325837],[9.20249774,45.24296086],[9.20261141,45.24267261],[9.2025719,45.24231263],[9.20268524,45.24194336],[9.20294477,45.24180788],[9.20478624,45.24156156],[9.20633886,45.24138773],[9.20716622,45.24116119],[9.2072541,45.24080098],[9.20745683,45.24048556],[9.20768492,45.24014308],[9.20795114,45.23977354],[9.20820456,45.23938602],[9.20873721,45.23871894],[9.20902434,45.2374312],[9.21137057,45.2332233],[9.21142782,45.23312063],[9.21183284,45.2323942],[9.21434504,45.23307362],[9.21360194,45.23535238],[9.21356472,45.23561349],[9.21380734,45.23576607],[9.21410045,45.23579253],[9.21449513,45.23571978],[9.21474943,45.23558426],[9.21506705,45.23534963],[9.21561534,45.23547462],[9.21593408,45.23553703],[9.21632886,45.23549128],[9.21654449,45.23524783],[9.21639074,45.23501409],[9.21596835,45.23449279],[9.21572481,45.23410619],[9.21546837,45.23366561],[9.21527606,45.2333419],[9.21494339,45.23296448],[9.21457263,45.23261412],[9.21417618,45.23220979],[9.21377942,45.23171546],[9.21339578,45.2313291],[9.21316763,45.23106432],[9.21310152,45.2309876],[9.21330162,45.2306573],[9.21382647,45.22979096],[9.21454281,45.22860852],[9.21456099,45.22857852],[9.21319107,45.22789092],[9.21287134,45.22757896],[9.21279512,45.22750459],[9.21276294,45.227468],[9.21260911,45.22729315],[9.21219427,45.2268216],[9.21019798,45.22779745],[9.20990254,45.22713188],[9.2094807,45.22672758],[9.2088283,45.22597266],[9.20801064,45.22530804],[9.20865917,45.22500981],[9.20904076,45.22485608],[9.20932029,45.22466654],[9.20934744,45.22450299],[9.20935768,45.22444143],[9.20906364,45.22415392],[9.20879559,45.22400138],[9.2088082,45.22397343],[9.20890932,45.22374913],[9.20907354,45.22348779],[9.20908626,45.22345602],[9.20911035,45.22339582],[9.20935121,45.22279418],[9.20928592,45.22235322],[9.20958868,45.22165954],[9.20975335,45.22141619],[9.20998069,45.22089369],[9.21017071,45.22061429],[9.20974964,45.22040804],[9.20873464,45.22137306],[9.20823675,45.22122425],[9.2080461,45.22116729],[9.20811346,45.22110679],[9.20876933,45.22051784],[9.20933979,45.21978769],[9.2085995,45.21935696],[9.20880248,45.21914055],[9.20904369,45.21892409],[9.20932231,45.21859951],[9.20942264,45.21817626],[9.20911605,45.2180328],[9.2086949,45.21779952],[9.20787996,45.21762999],[9.20763893,45.21789146],[9.20722058,45.21831529],[9.20675112,45.21881124],[9.20614259,45.21947845],[9.20564804,45.22008245],[9.2052544,45.2204162],[9.20516785,45.22045948],[9.20491114,45.22058784],[9.20461918,45.22075039],[9.20423812,45.22104814],[9.20314668,45.22204025],[9.20395115,45.2226059],[9.20294103,45.22353036],[9.20276811,45.22358394],[9.20260505,45.22363447],[9.20116774,45.22420411],[9.20082491,45.22440274],[9.19996005,45.22477333],[9.1980782,45.22561374],[9.19767106,45.22574947],[9.1970733,45.22590353],[9.19657693,45.22602141],[9.19615696,45.22613014],[9.19572435,45.22627492],[9.19530478,45.22650067],[9.19493612,45.22671733],[9.19459301,45.22696096],[9.19431406,45.22722248],[9.19406017,45.22748395],[9.19264871,45.22798143],[9.19012954,45.22889479],[9.18979802,45.22879633],[9.18944116,45.22874291],[9.18894418,45.22868974],[9.18838307,45.22850163],[9.18775814,45.22827762],[9.1871584,45.22796355],[9.1863937,45.22772175],[9.18578125,45.22741671],[9.18516868,45.22718366],[9.18458234,45.2270676],[9.18402167,45.22701449],[9.18346174,45.22706039],[9.18302937,45.22716011],[9.18272458,45.22733162],[9.18258122,45.22743537],[9.18244462,45.2275391],[9.1821393,45.22772091],[9.18155436,45.22743929],[9.18091691,45.22714044],[9.18059848,45.22693094],[9.18030687,45.22671758],[9.18014294,45.22659765],[9.18046349,45.22737502],[9.18105696,45.22881017],[9.18098432,45.22886465],[9.18043656,45.22886552],[9.18004163,45.22885713],[9.1795321,45.22885793],[9.1786151,45.22891338],[9.17630889,45.22874594],[9.17633588,45.22911495],[9.17636209,45.22934897],[9.1761599,45.22974534],[9.1756508,45.22989014],[9.17408477,45.23017158],[9.17392983,45.22948771],[9.17301416,45.22985816],[9.17259423,45.23001182],[9.17216158,45.2301655],[9.17158871,45.23029239],[9.17099081,45.2304373],[9.17037997,45.23064526],[9.1699091,45.23080798],[9.16934899,45.23094383],[9.16878849,45.23095366],[9.16806257,45.23088272],[9.16432886,45.23033907],[9.16392507,45.23168087],[9.16368485,45.23218531],[9.1634949,45.23258164],[9.16317629,45.23253709],[9.16210578,45.23239458],[9.1588816,45.23200306],[9.15873019,45.23252535],[9.15868043,45.23281346],[9.158631,45.23321861],[9.15870892,45.23374957],[9.15886314,45.23423544],[9.15905556,45.23470325],[9.15931163,45.23516196],[9.15944011,45.23554887],[9.15944127,45.23596292],[9.15941753,45.23644003],[9.15913969,45.23731357],[9.15891174,45.23781796],[9.15863233,45.2381334],[9.15827646,45.23844895],[9.15784436,45.23883661],[9.15732327,45.23930542],[9.15668899,45.23987339],[9.15837,45.24001508],[9.16091859,45.24013754],[9.16158118,45.24016361],[9.16218034,45.24027977],[9.16239774,45.24055851],[9.16234778,45.24090964],[9.16223445,45.24137789],[9.16212105,45.24182812],[9.1620204,45.24227834],[9.16202189,45.24280042],[9.16373011,45.24308603],[9.16381868,45.24287887],[9.16390722,45.24265371],[9.16428837,45.2422661],[9.16463233,45.24224759],[9.16525662,45.24222868],[9.16577914,45.24226395],[9.16625062,45.24228125],[9.1668497,45.2423614],[9.16760194,45.24252233],[9.16808613,45.24252162],[9.16845529,45.24240405],[9.16891233,45.24225034],[9.16931995,45.24221373],[9.16914423,45.24270909],[9.16897922,45.24292535],[9.16885266,45.24320459],[9.16857328,45.24352905],[9.16823006,45.24379961],[9.16796303,45.24398904],[9.16768327,45.24417848],[9.16733975,45.244359],[9.16704718,45.24452146],[9.16676743,45.24472891],[9.16679367,45.24498092],[9.16725267,45.24507926],[9.16824699,45.24522181],[9.16773935,45.24591568],[9.16814734,45.24599608],[9.16889319,45.24613902],[9.16974054,45.24612876],[9.17037787,45.24619982],[9.17077389,45.24653228],[9.1711441,45.24675676],[9.17136129,45.24694547],[9.1701286,45.24807249],[9.17090761,45.24862943],[9.17134056,45.24852976],[9.1716335,45.24847531],[9.17234681,45.24838422],[9.1726397,45.24831177],[9.17328916,45.24817577],[9.17362033,45.24813024],[9.17410435,45.2480575],[9.17472842,45.24794854],[9.17523671,45.24787573],[9.17597575,45.2478566],[9.17658723,45.24780164],[9.17726201,45.24761157],[9.17775844,45.24743977],[9.17834408,45.24726784],[9.1789683,45.24721285],[9.17957951,45.24707687],[9.1799744,45.24703123],[9.18096809,45.24695765],[9.18155445,45.24701974],[9.18210261,45.24709087],[9.18271459,45.24718891],[9.18329938,45.24713397],[9.18457314,45.24697889],[9.18448601,45.24761814],[9.18481764,45.24771662],[9.18535342,45.24789578],[9.18586319,45.24791295],[9.18609168,45.24764254],[9.18666478,45.24754259],[9.18695889,45.24773113],[9.1872776,45.24790164],[9.18789001,45.24812567],[9.18846372,45.24820573],[9.18903722,45.24823179],[9.18950872,45.24823101],[9.19006925,45.24818508],[9.19062956,45.24819314],[9.19108842,45.24822838],[9.19145817,45.24829077],[9.19130612,45.24854307],[9.19115466,45.24885837],[9.19144834,45.24903792],[9.19184384,45.24928928],[9.1921893,45.24958576],[9.19243242,45.24988239],[9.19304461,45.2501514],[9.19352735,45.25041164],[9.19328615,45.25068208],[9.19335128,45.25109604],[9.19346672,45.25132088],[9.19358277,45.25171674],[9.19349507,45.25215797],[9.19333046,45.2524733],[9.19324223,45.25276149],[9.19264777,45.2539777],[9.19387167,45.25422767],[9.1935302,45.25500237],[9.19498426,45.25535095],[9.1966296,45.2558432],[9.19671394,45.25442983],[9.19715706,45.25358294],[9.19733431,45.2533576],[9.1973455,45.25302451],[9.19767643,45.25290694],[9.19774061,45.25286138],[9.19796883,45.25269939],[9.19803173,45.25246524],[9.19819564,45.25228537],[9.19831102,45.2521587],[9.19869219,45.25182499],[9.19918815,45.25152708],[9.19982429,45.25122891],[9.20049878,45.25096669],[9.20103284,45.25074973],[9.20151639,45.25055083],[9.20178359,45.25043335],[9.20204923,45.25032485]]]}},{"type":"Feature","properties":{"name":"San Giuliano Milanese","istat_code":"015195","source":"ISTAT - Confini amministrativi 2022 non generalizzati, Comuni WGS84 / UTM Zone 32N","source_url":"https://www.istat.it/storage/cartografia/confini_amministrativi/non_generalizzati/Limiti01012022.zip"},"geometry":{"type":"Polygon","coordinates":[[[9.30014731,45.4073221],[9.30074217,45.40669046],[9.3013378,45.4060588],[9.30283532,45.40614485],[9.30283292,45.4056948],[9.30302981,45.40525321],[9.30312724,45.40480289],[9.30322563,45.4045326],[9.30332442,45.4042623],[9.30352213,45.40390173],[9.30351784,45.40310063],[9.30431361,45.40264845],[9.30250907,45.40113203],[9.30200621,45.40050329],[9.30200477,45.40023324],[9.30260202,45.40014165],[9.30320181,45.40023007],[9.30390103,45.40031823],[9.30500235,45.40085537],[9.30620183,45.40130222],[9.30679036,45.40146364],[9.30750185,45.40165877],[9.30799772,45.40120738],[9.30839456,45.40075625],[9.3081902,45.40003669],[9.30748779,45.39913846],[9.30728526,45.39860795],[9.30898153,45.39878338],[9.31007401,45.39770029],[9.31076783,45.39680728],[9.31056366,45.39626776],[9.31046149,45.39554793],[9.31035941,45.39527818],[9.31085845,45.39527682],[9.31115837,45.39536602],[9.31145861,45.3953652],[9.311557,45.3951039],[9.31155551,45.39483385],[9.31135132,45.39429433],[9.31064887,45.39331512],[9.31044774,45.39303663],[9.31054453,45.39277533],[9.31194261,45.39277152],[9.31244277,45.3931212],[9.31364443,45.393838],[9.31404516,45.39410695],[9.31504485,45.39410419],[9.31583992,45.39392197],[9.31603852,45.39374138],[9.31643675,45.39356027],[9.31673617,45.39355944],[9.31683534,45.39329813],[9.3167322,45.39284836],[9.31633026,45.39221938],[9.31612806,45.39203991],[9.31572812,45.39177098],[9.31542802,45.39150176],[9.31522661,45.39132231],[9.31502711,45.39105281],[9.3151233,45.3906925],[9.31532015,45.39034091],[9.31551987,45.39007033],[9.31621516,45.38961834],[9.31681245,45.38934664],[9.31750878,45.38908367],[9.31790774,45.38889353],[9.31810667,45.38863195],[9.31850296,45.38854083],[9.31880083,45.38826997],[9.3189984,45.38790935],[9.31929447,45.38745846],[9.31949311,45.38700785],[9.31949007,45.38646778],[9.3196879,45.38629621],[9.31998677,45.38620535],[9.32048525,45.38611396],[9.32078565,45.38629313],[9.32126232,45.38630079],[9.32117041,45.38586],[9.32117757,45.38486984],[9.3216456,45.38405839],[9.32170425,45.38314012],[9.32149408,45.38211456],[9.32171945,45.38145683],[9.32248346,45.38104062],[9.3237193,45.38049704],[9.3241861,45.3796226],[9.32483206,45.37867563],[9.32568293,45.37782709],[9.32656018,45.37726652],[9.32682502,45.37668066],[9.3265049,45.37653757],[9.32582656,45.37628747],[9.32593803,45.37624613],[9.32633148,45.37610028],[9.32643831,45.37606069],[9.32790265,45.37571894],[9.32799229,45.37492658],[9.32836905,45.37467601],[9.32863148,45.37450147],[9.3289846,45.37426663],[9.32903703,45.37419573],[9.32906601,45.37415654],[9.32936477,45.37375246],[9.32942265,45.37272615],[9.3295959,45.37177151],[9.32984797,45.3711947],[9.33033194,45.37096827],[9.33144279,45.37093805],[9.33237508,45.37094435],[9.33266039,45.37085891],[9.33301248,45.37075347],[9.33302861,45.37065323],[9.33308639,45.37029418],[9.33268658,45.36962025],[9.33287501,45.36908864],[9.33296107,45.3685213],[9.33297464,45.36846741],[9.33305908,45.36818704],[9.33308587,45.36802585],[9.33258178,45.36699218],[9.33139642,45.36737368],[9.33068177,45.36744776],[9.33020839,45.36729611],[9.32958062,45.36693787],[9.32923312,45.36674535],[9.32870947,45.36645432],[9.32831301,45.36634745],[9.32784713,45.36635378],[9.32663475,45.36637025],[9.32617678,45.36639407],[9.32605185,45.36645744],[9.32596668,45.36649818],[9.32592832,45.36651726],[9.32575738,45.36660229],[9.32567008,45.36681575],[9.32560627,45.36697178],[9.32516218,45.36746811],[9.32449962,45.36772203],[9.323261,45.36759053],[9.32167605,45.36732497],[9.32018615,45.36708753],[9.31973331,45.36701538],[9.31806007,45.36679502],[9.3184283,45.36642493],[9.31869489,45.36614514],[9.31885092,45.36596997],[9.31893692,45.36587342],[9.31911285,45.36567592],[9.31917828,45.36553171],[9.31921845,45.36544331],[9.31924033,45.36539519],[9.31927869,45.3653108],[9.31942818,45.36498193],[9.3191817,45.36429853],[9.31894942,45.36410999],[9.31860168,45.36382758],[9.31844818,45.36370873],[9.31837456,45.36367519],[9.31819694,45.36359468],[9.31801773,45.36351416],[9.3174833,45.36327262],[9.31695366,45.36303555],[9.31630137,45.36279782],[9.31586055,45.36263716],[9.31582612,45.36262461],[9.31536394,45.36245847],[9.31421278,45.36152191],[9.31401631,45.36063132],[9.31420451,45.36002772],[9.31406942,45.35996961],[9.31394452,45.35991591],[9.31309107,45.3595537],[9.31199068,45.35912464],[9.3107503,45.35863296],[9.30956857,45.35806009],[9.30899651,45.35778259],[9.30812501,45.35717286],[9.30783285,45.35700098],[9.30724163,45.35665317],[9.30682139,45.35685233],[9.30609372,45.35686328],[9.30523689,45.35652353],[9.30430228,45.35603994],[9.30449122,45.35556238],[9.30386439,45.35533001],[9.30328183,45.35516495],[9.30312599,45.3551208],[9.30304607,45.35509815],[9.3029931,45.35508043],[9.30288684,45.35504489],[9.30277884,45.35500877],[9.30268557,45.35497759],[9.30246213,45.35490168],[9.301921,45.35472307],[9.30075764,45.35434809],[9.29974582,45.35394575],[9.29896341,45.35363462],[9.29890794,45.35361257],[9.29840148,45.35341117],[9.29836556,45.35339688],[9.2982142,45.35333668],[9.29747003,45.35304075],[9.29741186,45.35301762],[9.29726616,45.35295968],[9.29666858,45.35453534],[9.29618262,45.35547182],[9.29550007,45.35617917],[9.29582507,45.35635976],[9.29629301,45.35653326],[9.29632216,45.35664071],[9.29624668,45.35678874],[9.29594358,45.35715239],[9.29427259,45.35841332],[9.29189008,45.36034131],[9.29171382,45.3602179],[9.29063768,45.35950954],[9.28944634,45.35873845],[9.2886261,45.35812843],[9.2884592,45.35794883],[9.288864,45.3572097],[9.28867129,45.35709592],[9.28664336,45.35573807],[9.28657715,45.3558594],[9.28647606,45.35616148],[9.28603932,45.35750928],[9.28592023,45.35787679],[9.2855645,45.35916117],[9.28477018,45.36042648],[9.28450258,45.36028603],[9.28425129,45.36018969],[9.28414353,45.36020997],[9.28334432,45.36124709],[9.28292176,45.36100512],[9.28170018,45.36160221],[9.28072107,45.36242375],[9.28071936,45.36247174],[9.28114975,45.36269331],[9.28127444,45.36284756],[9.28146518,45.36286725],[9.2818569,45.36304772],[9.28086698,45.36333911],[9.28042969,45.3635821],[9.27986772,45.36397638],[9.27968302,45.36424456],[9.27950666,45.36448801],[9.27815046,45.36386378],[9.27910851,45.36242281],[9.27998341,45.36200403],[9.28022122,45.36190265],[9.28047752,45.36168699],[9.27781338,45.36073257],[9.27737827,45.36141905],[9.27685309,45.36123216],[9.27623617,45.36177796],[9.27559987,45.36226333],[9.27581215,45.36279368],[9.27587558,45.36294129],[9.27556912,45.36352545],[9.27488415,45.36446323],[9.2740075,45.36513143],[9.2731658,45.36534948],[9.2723104,45.36537853],[9.27154334,45.36519133],[9.27076221,45.36472511],[9.27012972,45.36421388],[9.2700759,45.36443785],[9.26998,45.36457121],[9.26987058,45.36472337],[9.26962757,45.36497712],[9.26952773,45.36512926],[9.26950412,45.3652002],[9.2695092,45.36526095],[9.26954782,45.36531515],[9.26959104,45.3653519],[9.26972567,45.36546635],[9.27022245,45.36579234],[9.27064317,45.36606842],[9.27076313,45.36611877],[9.27090834,45.36613023],[9.27113679,45.36614826],[9.2713478,45.3662119],[9.2714824,45.3663196],[9.27155002,45.36644096],[9.27155056,45.36655236],[9.27151423,45.36668524],[9.27101991,45.36820147],[9.26907613,45.36752214],[9.26919542,45.36710217],[9.26808033,45.36678614],[9.26884398,45.36506673],[9.26845417,45.36475182],[9.26812518,45.36460987],[9.26746232,45.36432386],[9.26710853,45.36411485],[9.2668865,45.36378894],[9.26677566,45.36366485],[9.26665446,45.36368068],[9.26589341,45.36401611],[9.26579688,45.36418786],[9.2655126,45.3646937],[9.26546339,45.36471699],[9.26530856,45.3646685],[9.26446355,45.3641867],[9.26418434,45.36407179],[9.263503,45.36384802],[9.26267354,45.36349747],[9.26182225,45.3637421],[9.2608319,45.3640506],[9.26055288,45.36397612],[9.2600763,45.3637172],[9.2595423,45.36344685],[9.25914105,45.36352865],[9.2571762,45.36403],[9.25648771,45.36403155],[9.2545045,45.36410532],[9.25417693,45.36416961],[9.25294807,45.36430523],[9.25279218,45.36427091],[9.25112433,45.36337322],[9.25046654,45.36290087],[9.24895421,45.36196034],[9.24862446,45.36231169],[9.24833864,45.36329536],[9.24813919,45.36431294],[9.24786373,45.36504042],[9.2477605,45.3653129],[9.24736881,45.36617788],[9.24688603,45.36674601],[9.24633956,45.36725125],[9.24559996,45.36749588],[9.24478413,45.36773166],[9.24394505,45.36850756],[9.243451,45.36943575],[9.24332738,45.37029114],[9.24353617,45.37133485],[9.24400028,45.372351],[9.24358048,45.37272994],[9.24345279,45.37561963],[9.2427759,45.37552206],[9.24151161,45.37545272],[9.2408363,45.3758232],[9.23952529,45.37678909],[9.23878767,45.37743872],[9.23857374,45.37819528],[9.23849964,45.37879852],[9.23824646,45.3792401],[9.23789102,45.37976293],[9.23822536,45.38030231],[9.23834189,45.3806801],[9.23771814,45.38108647],[9.2373246,45.38166337],[9.2378378,45.38221137],[9.23708724,45.38284303],[9.23622172,45.38357392],[9.2359177,45.38408762],[9.23652075,45.38473446],[9.23644571,45.38512167],[9.23572261,45.38623033],[9.23506287,45.38731182],[9.23500194,45.38792405],[9.23466901,45.3877357],[9.2337728,45.38724246],[9.2321341,45.38626468],[9.23182785,45.38609027],[9.23161435,45.38596868],[9.23049525,45.38533186],[9.23010056,45.38555768],[9.2282786,45.3866235],[9.22813005,45.3867048],[9.22680048,45.38743655],[9.22497829,45.38837628],[9.2233467,45.3891671],[9.22425565,45.38966038],[9.2244356,45.38994807],[9.22493428,45.39016312],[9.2250251,45.39051399],[9.2253075,45.39085548],[9.22590887,45.39108832],[9.22665124,45.3914469],[9.22745692,45.39176034],[9.22893976,45.39198691],[9.23044785,45.39223591],[9.2325208,45.39189983],[9.23326756,45.3947008],[9.23364978,45.39614887],[9.23335657,45.39624499],[9.23342641,45.39675431],[9.23264497,45.39810063],[9.23238093,45.39894452],[9.23334544,45.39930596],[9.23356735,45.3991958],[9.23373377,45.39911319],[9.23385262,45.39902415],[9.23407827,45.39885512],[9.23476172,45.39834313],[9.23511287,45.39857553],[9.23643965,45.39949159],[9.23636291,45.39975228],[9.23810229,45.40098287],[9.23980229,45.40218551],[9.2404278,45.4021392],[9.24116812,45.40195761],[9.2420868,45.40174864],[9.24373962,45.40287046],[9.24379838,45.40291036],[9.24417563,45.40316638],[9.24419505,45.40319106],[9.24445829,45.40352584],[9.24595701,45.40447202],[9.2461492,45.40459335],[9.24652147,45.40436744],[9.24672228,45.40424556],[9.2472703,45.40391134],[9.24807324,45.40353154],[9.24898996,45.40325625],[9.2498849,45.40298752],[9.25005,45.40300653],[9.25080535,45.40309352],[9.25198082,45.40316294],[9.25389759,45.40327572],[9.25513678,45.40330896],[9.25594208,45.40337916],[9.25662968,45.4032728],[9.25673238,45.40324623],[9.25733081,45.40331733],[9.25766748,45.40336927],[9.25777421,45.40330619],[9.25808833,45.40343419],[9.25830365,45.40351933],[9.25863178,45.40374253],[9.2589871,45.40378125],[9.25904348,45.40385357],[9.25967736,45.40349646],[9.25987405,45.40359482],[9.25997596,45.40339697],[9.25989889,45.40328112],[9.25991407,45.4030263],[9.2603574,45.40239997],[9.26047929,45.40222774],[9.26061044,45.40214865],[9.26061004,45.40206059],[9.26038,45.40208429],[9.26032045,45.40200099],[9.26046451,45.4018709],[9.260839,45.40176266],[9.26088479,45.40174943],[9.26119379,45.40173945],[9.26120066,45.4017997],[9.26112869,45.40187865],[9.26118146,45.40203346],[9.26117444,45.40223714],[9.26120288,45.4022817],[9.26138951,45.40230952],[9.26152439,45.4022382],[9.26161419,45.40216698],[9.26168782,45.40203602],[9.26166083,45.40193145],[9.26160461,45.40181574],[9.2615616,45.4016869],[9.26194694,45.40131606],[9.26305094,45.40200382],[9.26462619,45.4027833],[9.26474874,45.40252198],[9.26519188,45.40207539],[9.26543879,45.40176427],[9.26577889,45.40148895],[9.26595113,45.40134902],[9.26610205,45.40126315],[9.26641948,45.4010869],[9.26716321,45.40080162],[9.26852097,45.40025386],[9.27009471,45.39970108],[9.2702362,45.39965099],[9.27033787,45.39961498],[9.27066085,45.3997748],[9.27102586,45.39995541],[9.27109673,45.40000024],[9.27189204,45.40048892],[9.27192292,45.40051586],[9.27251245,45.40079798],[9.27381313,45.40142046],[9.27375075,45.40146452],[9.27346722,45.4016649],[9.27326993,45.40180431],[9.27307335,45.40194429],[9.27243993,45.40259415],[9.27228187,45.40275631],[9.27221628,45.40281947],[9.27204576,45.4029819],[9.27149833,45.4035044],[9.27138394,45.40361355],[9.27128286,45.4036813],[9.27059108,45.40414651],[9.27027417,45.4044263],[9.27025761,45.40458147],[9.27023694,45.40477524],[9.2701725,45.40538066],[9.2700162,45.4057681],[9.26970014,45.40614688],[9.26923943,45.40696483],[9.27054227,45.40764359],[9.2705763,45.40766152],[9.27123766,45.4080065],[9.27184858,45.4083246],[9.27217495,45.40849653],[9.27285715,45.4078861],[9.2740967,45.40857592],[9.27444161,45.4084309],[9.27451972,45.4084158],[9.27474848,45.40837289],[9.27504684,45.40831694],[9.27518291,45.4082896],[9.27574389,45.40810822],[9.27619585,45.4078416],[9.27625085,45.40780107],[9.27647665,45.40763482],[9.27674775,45.4074352],[9.27789728,45.40675282],[9.27807151,45.40682129],[9.27821177,45.40687641],[9.27855723,45.40680973],[9.27962819,45.40639305],[9.28019009,45.40620666],[9.28048933,45.4061074],[9.28064578,45.40609352],[9.28083856,45.40607504],[9.28216683,45.40673786],[9.28264275,45.40640362],[9.2829631,45.40658286],[9.28508994,45.40777473],[9.28593489,45.40705253],[9.28641204,45.40672729],[9.28695479,45.40712057],[9.28752214,45.40624744],[9.28760749,45.40607912],[9.28788747,45.40624703],[9.28820598,45.40614786],[9.28826356,45.40571211],[9.28901919,45.40531675],[9.28949624,45.40503451],[9.28989393,45.40482274],[9.29011294,45.40476598],[9.2903773,45.40476401],[9.2917869,45.40554352],[9.29336239,45.40634961],[9.29395351,45.40698716],[9.29491346,45.40736274],[9.29638208,45.40718792],[9.29708523,45.4073211],[9.29736829,45.40768943],[9.29777886,45.4080034],[9.29787048,45.4084172],[9.2982803,45.40858717],[9.29904197,45.40845916],[9.29935282,45.40803529],[9.30014731,45.4073221]]]}},{"type":"Feature","properties":{"name":"San Zenone al Lambro","istat_code":"015202","source":"ISTAT - Confini amministrativi 2022 non generalizzati, Comuni WGS84 / UTM Zone 32N","source_url":"https://www.istat.it/storage/cartografia/confini_amministrativi/non_generalizzati/Limiti01012022.zip"},"geometry":{"type":"Polygon","coordinates":[[[9.35500189,45.34400739],[9.35525012,45.34288146],[9.35628513,45.34305827],[9.35632108,45.34354985],[9.35660649,45.34341731],[9.35748538,45.34312652],[9.35863126,45.34266385],[9.35931869,45.34199941],[9.35960585,45.34136461],[9.35996912,45.3402743],[9.35950728,45.33990669],[9.35962492,45.33939495],[9.36004956,45.33886984],[9.36063458,45.33854395],[9.36150282,45.33859522],[9.3630104,45.33883346],[9.36342142,45.33886816],[9.36372554,45.3388942],[9.36424056,45.33889081],[9.36425104,45.33886551],[9.36443202,45.33843662],[9.36476765,45.33819776],[9.365366,45.33791063],[9.36537275,45.33777277],[9.36540697,45.33719557],[9.36536171,45.33717423],[9.36465767,45.33697394],[9.36471159,45.33675764],[9.36478164,45.33644361],[9.36401626,45.33646291],[9.36466196,45.33486855],[9.36735478,45.33535322],[9.36753566,45.33441324],[9.36938691,45.33364824],[9.36949912,45.33310132],[9.36937924,45.3323276],[9.36968473,45.33134337],[9.37035169,45.33076271],[9.37150905,45.33027318],[9.37180045,45.32983986],[9.37206497,45.32942944],[9.37250021,45.3288581],[9.37339649,45.32835278],[9.37391834,45.32794717],[9.37365791,45.32715589],[9.37373936,45.32595846],[9.37436871,45.3246422],[9.37504819,45.32401411],[9.37580268,45.32356632],[9.37678404,45.32339207],[9.37761923,45.32339823],[9.37817752,45.32251956],[9.37863246,45.32156349],[9.37918195,45.32134082],[9.37983757,45.32153133],[9.38036456,45.32074281],[9.38075039,45.31940932],[9.38058057,45.3188203],[9.37931564,45.31842844],[9.37810095,45.31803642],[9.37807243,45.31758644],[9.37817302,45.31736108],[9.37852256,45.31690694],[9.37934098,45.31661008],[9.38066883,45.31675869],[9.38176752,45.31698005],[9.38298263,45.31743507],[9.38325393,45.31793372],[9.38313192,45.31876226],[9.38355416,45.31894087],[9.38424435,45.31911857],[9.38630085,45.31946269],[9.38735019,45.31991821],[9.38904919,45.31898762],[9.39054419,45.31779678],[9.39164575,45.31699793],[9.39272537,45.31650553],[9.39286668,45.31643802],[9.39325491,45.31595543],[9.39321376,45.31554152],[9.39217681,45.315023],[9.39136935,45.31448568],[9.3910602,45.31405468],[9.39099506,45.31385688],[9.38955101,45.31350174],[9.38820776,45.31296174],[9.38751772,45.31279306],[9.38692599,45.31281284],[9.38666623,45.31327302],[9.38645305,45.31381383],[9.38635355,45.3140752],[9.38620962,45.31443944],[9.38573289,45.31473441],[9.38467287,45.31456694],[9.38385469,45.31431765],[9.38274271,45.31401535],[9.38206596,45.3139276],[9.38165785,45.31394695],[9.38137614,45.31402892],[9.38102071,45.31405711],[9.38012692,45.31394307],[9.37952641,45.31381005],[9.37957373,45.31325181],[9.37994086,45.31282751],[9.37997085,45.31279198],[9.38013035,45.31254785],[9.38001402,45.31232321],[9.37959214,45.31218957],[9.3794164,45.31214066],[9.37932454,45.31211396],[9.37913198,45.3120788],[9.37892751,45.31200275],[9.37894358,45.31194098],[9.37908922,45.31138113],[9.37910005,45.31109305],[9.37839718,45.31090635],[9.37777897,45.31078715],[9.37747978,45.31107141],[9.37713244,45.31162071],[9.37662823,45.31155129],[9.37626808,45.31126787],[9.37621585,45.31092255],[9.37675772,45.31022338],[9.37681034,45.31015549],[9.37748819,45.30952046],[9.37825805,45.30916955],[9.37925335,45.30921125],[9.38027531,45.30942389],[9.38049951,45.30945015],[9.38098148,45.30950674],[9.38136982,45.30904218],[9.38140622,45.30876301],[9.38085788,45.30867484],[9.38064,45.30863956],[9.38022969,45.30832588],[9.38013793,45.30795712],[9.38037541,45.30722721],[9.38142188,45.30729575],[9.38180787,45.30724142],[9.38194991,45.30699678],[9.38337056,45.30696518],[9.38472332,45.30705964],[9.38535558,45.307197],[9.38588246,45.30681268],[9.38528724,45.30653895],[9.38444231,45.30626072],[9.38315236,45.30596746],[9.38219071,45.30573922],[9.38169816,45.30562513],[9.38178932,45.30514318],[9.38132832,45.30487468],[9.38056052,45.30450818],[9.37995748,45.30397912],[9.37970889,45.3030438],[9.37928802,45.3030542],[9.37852519,45.30277916],[9.37812531,45.30263499],[9.37725607,45.30234982],[9.37602,45.30252492],[9.37495084,45.30287049],[9.37398139,45.30323829],[9.37386013,45.3038192],[9.37413172,45.30438541],[9.37391987,45.30475957],[9.37312642,45.30474875],[9.37179301,45.30417872],[9.37101585,45.30384649],[9.37014487,45.30329122],[9.36899966,45.30323204],[9.36795734,45.30415342],[9.36735184,45.30519954],[9.36679822,45.3061937],[9.3667844,45.3062185],[9.36691951,45.30738826],[9.36702934,45.30859409],[9.36639947,45.3098293],[9.36612283,45.31045129],[9.36618099,45.31155826],[9.36709626,45.31303154],[9.36739652,45.31409275],[9.36712336,45.31512878],[9.36625405,45.31606242],[9.36528245,45.3165299],[9.36407303,45.31693881],[9.36282574,45.31741086],[9.36243905,45.31742219],[9.36180642,45.31744073],[9.36011587,45.3166093],[9.35825113,45.31533666],[9.35801527,45.31517569],[9.35674811,45.31518416],[9.35604264,45.31594697],[9.3555017,45.31717286],[9.35531196,45.31752063],[9.35500976,45.31807452],[9.35444011,45.31879639],[9.35429201,45.31959797],[9.35431952,45.31974794],[9.35441087,45.32024571],[9.3546617,45.32080431],[9.35480224,45.3216217],[9.35457673,45.32228849],[9.3541417,45.322771],[9.35377919,45.3231731],[9.35372374,45.32319034],[9.35228918,45.32363677],[9.35049217,45.32398435],[9.34920556,45.32433035],[9.34849264,45.32463407],[9.34815036,45.32477988],[9.34790742,45.32488339],[9.34755228,45.32523553],[9.34690637,45.32602961],[9.34626194,45.32707571],[9.34621485,45.32717375],[9.34604223,45.32753301],[9.34556889,45.32851803],[9.34550483,45.3291319],[9.34550019,45.32917639],[9.34549654,45.32921136],[9.34559715,45.32939156],[9.34562067,45.32943365],[9.34567716,45.32953486],[9.34639309,45.32974872],[9.34810357,45.32982452],[9.34888298,45.32998417],[9.34974191,45.33062064],[9.34987339,45.33086582],[9.35010336,45.33129463],[9.35018415,45.33197849],[9.35023196,45.33237811],[9.35024169,45.33245946],[9.35029178,45.3328783],[9.3504058,45.33316883],[9.35046114,45.33330983],[9.34902379,45.33362479],[9.34896125,45.33363847],[9.34839441,45.33342418],[9.34785691,45.3333088],[9.34770246,45.33330694],[9.34725784,45.33330162],[9.34701669,45.33344097],[9.34667842,45.33363643],[9.34576679,45.33456633],[9.34439455,45.33445717],[9.34435488,45.33444494],[9.34367305,45.33444663],[9.34282727,45.33446707],[9.34239702,45.33447747],[9.34109679,45.3347334],[9.34071755,45.33533762],[9.34045972,45.33659507],[9.34050092,45.33673604],[9.3405544,45.33689298],[9.34078194,45.33756075],[9.34165397,45.33825125],[9.34264487,45.33838621],[9.34268864,45.33839216],[9.34355282,45.33848327],[9.34385084,45.33851469],[9.34429959,45.33885539],[9.34409978,45.33942091],[9.34408629,45.33945913],[9.34359796,45.33973704],[9.34313232,45.34000208],[9.34285502,45.34003031],[9.34249454,45.340067],[9.34203509,45.34007738],[9.34174008,45.34009994],[9.34142279,45.34013322],[9.3412984,45.34067368],[9.34105017,45.34116148],[9.34205589,45.34140952],[9.34269255,45.34115557],[9.34302119,45.3406235],[9.34337911,45.34071244],[9.34380051,45.34074717],[9.34511613,45.34090523],[9.34574281,45.34111037],[9.34634066,45.3407755],[9.347873,45.34088787],[9.34914923,45.34086597],[9.3494844,45.34088552],[9.34973244,45.3409],[9.34926249,45.34192001],[9.34896818,45.34255877],[9.34875826,45.34286271],[9.34855636,45.34315503],[9.35001997,45.34339267],[9.35123329,45.34350597],[9.35217937,45.34375509],[9.35264002,45.34393371],[9.3532547,45.34425585],[9.35354924,45.34440795],[9.35483365,45.34405378],[9.35500189,45.34400739]]]}},{"type":"Feature","properties":{"name":"Sant'Angelo Lodigiano","istat_code":"098050","source":"ISTAT - Confini amministrativi 2022 non generalizzati, Comuni WGS84 / UTM Zone 32N","source_url":"https://www.istat.it/storage/cartografia/confini_amministrativi/non_generalizzati/Limiti01012022.zip"},"geometry":{"type":"Polygon","coordinates":[[[9.43023223,45.25326682],[9.43091266,45.2523461],[9.4313146,45.25157046],[9.43128569,45.2511205],[9.43074782,45.25077147],[9.42935643,45.25046166],[9.42904953,45.2503188],[9.42867731,45.25017616],[9.4281524,45.24985408],[9.4281819,45.24964694],[9.4282008,45.24951184],[9.42827449,45.24914251],[9.42850996,45.24825948],[9.42852077,45.24800289],[9.42847806,45.24798751],[9.42775415,45.24772673],[9.42730499,45.24730533],[9.42742975,45.24730487],[9.42813323,45.24730223],[9.4294774,45.2471717],[9.43083361,45.24726507],[9.43185494,45.2474258],[9.43210368,45.24671118],[9.43187234,45.24645102],[9.43196685,45.24549875],[9.43235993,45.24556549],[9.43270885,45.24562676],[9.43295989,45.24535773],[9.43311672,45.24419594],[9.43274636,45.24408482],[9.43155942,45.24382827],[9.43074805,45.24370362],[9.43053011,45.24367013],[9.43000309,45.24359111],[9.42926416,45.24349486],[9.42865282,45.24342515],[9.4285747,45.24341645],[9.42830401,45.24300339],[9.42828945,45.2427604],[9.42845203,45.24235474],[9.42841092,45.24196783],[9.42843676,45.24190922],[9.42869901,45.24130963],[9.42903964,45.24085828],[9.42974416,45.2406508],[9.43050566,45.24096077],[9.43035937,45.24183448],[9.43036969,45.24246603],[9.43095146,45.24261943],[9.43111266,45.24265852],[9.43296265,45.24236473],[9.43342045,45.24224597],[9.43374904,45.24189366],[9.43396037,45.24119974],[9.43455699,45.24090943],[9.43558681,45.24061746],[9.43633088,45.2398225],[9.43689605,45.23875815],[9.43734552,45.23755924],[9.43783199,45.23676751],[9.437911,45.23663891],[9.43906026,45.23596372],[9.43983878,45.23550632],[9.44073663,45.23544029],[9.44168633,45.23549838],[9.44189788,45.23488628],[9.44143431,45.23424896],[9.44076233,45.23360078],[9.44036567,45.23321815],[9.4399223,45.23241931],[9.43961163,45.23182212],[9.43941251,45.23143929],[9.43925702,45.23145608],[9.43913302,45.23147062],[9.43904259,45.23148122],[9.43866855,45.23154637],[9.43857634,45.23156243],[9.43803833,45.23165611],[9.43674071,45.23188612],[9.43641196,45.23221143],[9.43532667,45.23189152],[9.43378094,45.2313303],[9.43110991,45.23019722],[9.42868368,45.2293152],[9.42869094,45.22869408],[9.42958301,45.22705246],[9.43021687,45.22495721],[9.43095017,45.22265006],[9.43159926,45.22090133],[9.43201998,45.21937847],[9.43246943,45.21817957],[9.43194363,45.21770448],[9.43079341,45.21717773],[9.42950255,45.21657951],[9.43008534,45.21617224],[9.42975267,45.21596645],[9.4287944,45.215556],[9.42769344,45.21479499],[9.42736785,45.21383305],[9.42730673,45.21247404],[9.42748763,45.21112314],[9.42713149,45.20958521],[9.42684062,45.20815505],[9.42675703,45.2071922],[9.42666214,45.20642292],[9.42600547,45.20545321],[9.42566845,45.20465332],[9.42623592,45.20402111],[9.42683059,45.20357218],[9.42690699,45.20351451],[9.4277697,45.20309721],[9.42812513,45.20295186],[9.42796884,45.20248436],[9.42774611,45.20164805],[9.42800654,45.20071992],[9.42850989,45.2000339],[9.42863654,45.19937103],[9.42863999,45.19931992],[9.42858972,45.1987959],[9.42807882,45.19858178],[9.42685303,45.19810928],[9.42565065,45.19735765],[9.42518798,45.19677426],[9.42469796,45.19593894],[9.42430942,45.19504923],[9.42392414,45.19460058],[9.42293169,45.19467627],[9.42186359,45.19485126],[9.42111321,45.19484504],[9.42023445,45.19480326],[9.4198654,45.19482262],[9.42017624,45.19554159],[9.42030753,45.19608121],[9.41999303,45.19659545],[9.41985574,45.19697403],[9.42018823,45.19717083],[9.41992438,45.19764889],[9.41985216,45.19821626],[9.42045444,45.19874512],[9.42118425,45.19930054],[9.42154307,45.19961427],[9.42108945,45.20025505],[9.42054357,45.20047309],[9.42012587,45.20080769],[9.42076632,45.20132742],[9.4214197,45.2018741],[9.42114584,45.20272127],[9.42035085,45.20369635],[9.419832,45.20413033],[9.41865163,45.20443172],[9.41795546,45.20500136],[9.41724919,45.2059311],[9.41624295,45.20588977],[9.41496867,45.20554335],[9.41387142,45.20524129],[9.41346442,45.20530576],[9.41310965,45.20555009],[9.41155538,45.20543867],[9.41026648,45.20504725],[9.40933595,45.20490657],[9.40920894,45.20482527],[9.40873473,45.20452164],[9.40857722,45.2038651],[9.40842199,45.2035236],[9.40801043,45.20294897],[9.40795641,45.2025171],[9.4078002,45.20204057],[9.4067914,45.2016301],[9.40638147,45.2012805],[9.40598325,45.20078682],[9.40556252,45.20070731],[9.40451997,45.20091803],[9.40281748,45.20143714],[9.4022094,45.20187136],[9.40261033,45.20275209],[9.40269388,45.20376897],[9.40306478,45.20400172],[9.40299641,45.20513615],[9.40286463,45.20619879],[9.40213896,45.20621936],[9.40177426,45.20686875],[9.40168013,45.20796726],[9.40138192,45.20902149],[9.40110725,45.2098011],[9.40103399,45.2101344],[9.40091031,45.21065692],[9.4005745,45.2118013],[9.39999629,45.21288351],[9.39903874,45.21424608],[9.39847241,45.21521122],[9.39795798,45.21632021],[9.39798845,45.21703572],[9.39782947,45.21798144],[9.39756677,45.21854946],[9.39225593,45.21857681],[9.3907825,45.22090425],[9.39006237,45.22176185],[9.38961825,45.22188939],[9.38906107,45.22236837],[9.38852969,45.22289227],[9.38781782,45.22310173],[9.38706883,45.22347332],[9.38728885,45.22398566],[9.38754569,45.22429085],[9.38737018,45.22470552],[9.38719673,45.22530921],[9.38784665,45.22546903],[9.38842322,45.22596214],[9.38890988,45.22634755],[9.3894698,45.22626464],[9.39027173,45.22618088],[9.391358,45.22669924],[9.39192621,45.22697854],[9.39185132,45.22804779],[9.39184533,45.22902896],[9.39145612,45.22974143],[9.39128136,45.23026411],[9.391044,45.23094903],[9.39093474,45.23173254],[9.39086113,45.23214687],[9.39041349,45.23223637],[9.38962336,45.23184504],[9.3886507,45.23119125],[9.38737181,45.23221275],[9.38679573,45.23180063],[9.38620876,45.2316586],[9.38549629,45.23179603],[9.38544083,45.2318207],[9.38517928,45.23193699],[9.38482312,45.23209535],[9.3840682,45.23160281],[9.38345303,45.23105579],[9.38259759,45.23077061],[9.38238178,45.23067084],[9.38184367,45.23042208],[9.38109087,45.23024455],[9.37996286,45.23098643],[9.37894871,45.23173694],[9.37849166,45.23197249],[9.37873794,45.23261078],[9.37843581,45.23315187],[9.37782711,45.23357695],[9.37767622,45.23375749],[9.37733638,45.23437971],[9.37657676,45.23510232],[9.37633727,45.23549019],[9.37589731,45.23639179],[9.37510209,45.23740256],[9.37477216,45.23760167],[9.37450691,45.2379536],[9.37405293,45.23866622],[9.37329404,45.23951484],[9.37269864,45.24003886],[9.37229551,45.24061627],[9.37193404,45.24185066],[9.37156044,45.24317509],[9.37132393,45.244031],[9.37097351,45.24488728],[9.37082202,45.2451038],[9.37035108,45.24518635],[9.36925597,45.2452979],[9.3681228,45.24543658],[9.3665563,45.24555864],[9.36524626,45.24581489],[9.36441906,45.24597955],[9.36374459,45.24611672],[9.3636868,45.24694571],[9.3656746,45.24703771],[9.36721709,45.24713178],[9.36866901,45.24726213],[9.36976133,45.24746375],[9.37044237,45.24758944],[9.37202785,45.24781985],[9.37213877,45.24783597],[9.37433143,45.24797282],[9.37550488,45.24814001],[9.37653799,45.24828062],[9.37808117,45.24847355],[9.37923022,45.24880281],[9.3798905,45.2490084],[9.37994532,45.24902547],[9.38021382,45.24915959],[9.38019081,45.24952874],[9.38117556,45.25005653],[9.38169666,45.25032484],[9.38192931,45.25045908],[9.38405772,45.25049694],[9.38462002,45.2507291],[9.38492584,45.25072807],[9.38553679,45.25061798],[9.38645588,45.25084891],[9.38741328,45.25108871],[9.38889531,45.25164178],[9.39014563,45.25185354],[9.39149985,45.25234399],[9.39288355,45.2534104],[9.39401084,45.25425267],[9.3951105,45.25477995],[9.39642358,45.25483841],[9.39690655,45.2546477],[9.3971796,45.25433953],[9.39729855,45.25420528],[9.3973217,45.25387213],[9.39702684,45.25362111],[9.39651672,45.25356889],[9.39598097,45.25349872],[9.39600357,45.25308458],[9.39632003,45.25277744],[9.39671284,45.25245203],[9.39690179,45.25213632],[9.39664387,45.25169613],[9.39664199,45.25142611],[9.39688266,45.25121823],[9.39739132,45.25106343],[9.39795116,45.25093546],[9.39852333,45.25075344],[9.39896714,45.25043684],[9.39916655,45.25002208],[9.39972458,45.24964206],[9.40020743,45.24944234],[9.40029518,45.24923501],[9.40076551,45.24907131],[9.40114591,45.24879994],[9.40104006,45.24835924],[9.40073101,45.24790125],[9.40113705,45.24765678],[9.40144218,45.24755669],[9.4018997,45.24738407],[9.40203114,45.24750063],[9.40231091,45.24776068],[9.40264365,45.24807456],[9.40281466,45.24815496],[9.40329571,45.2483783],[9.40347954,45.24835966],[9.40399603,45.24830382],[9.40456844,45.24815776],[9.40523622,45.24831239],[9.40583207,45.24845034],[9.40710859,45.24876083],[9.40812967,45.24899124],[9.40881803,45.24902478],[9.40939845,45.24822157],[9.41003234,45.24776923],[9.41203625,45.24822108],[9.41255993,45.24839023],[9.41334179,45.24901749],[9.41378852,45.24944322],[9.41390641,45.24955554],[9.4139503,45.24971879],[9.41411432,45.25032891],[9.41407984,45.2506261],[9.41362115,45.25063675],[9.41293472,45.25087327],[9.41238768,45.25100127],[9.41186461,45.25092215],[9.41121316,45.25070846],[9.41082274,45.25065653],[9.41042231,45.25060328],[9.4105692,45.25090407],[9.41066806,45.25110648],[9.41113025,45.2515819],[9.41131392,45.25231036],[9.41140645,45.25276909],[9.41131373,45.25313267],[9.41129662,45.25319974],[9.41127088,45.25330067],[9.41076458,45.25377957],[9.41056517,45.25440138],[9.41074698,45.25456027],[9.41092425,45.25471515],[9.41185392,45.25462178],[9.4127426,45.25425852],[9.41317264,45.25380689],[9.41358991,45.25335531],[9.41431585,45.25328967],[9.41491604,45.25345851],[9.41518557,45.25371857],[9.41526479,45.25409635],[9.41454226,45.25463007],[9.4140748,45.25519434],[9.41430805,45.25572009],[9.41449109,45.25635853],[9.41424244,45.25710655],[9.41396625,45.25768364],[9.41442676,45.257916],[9.41526941,45.258228],[9.41625215,45.25841345],[9.41627364,45.25876841],[9.41628114,45.25889042],[9.41648926,45.25946576],[9.41680028,45.26016674],[9.416833,45.26018896],[9.41724861,45.26047116],[9.41783543,45.26054102],[9.41820795,45.26093571],[9.41814724,45.26135],[9.41810771,45.26153802],[9.4180241,45.26193554],[9.41795323,45.26259292],[9.41814562,45.26275424],[9.41864276,45.26286944],[9.41935694,45.26292082],[9.41975257,45.26299139],[9.4197928,45.26326128],[9.41931523,45.26418118],[9.42306854,45.26496847],[9.42448956,45.26237078],[9.42464042,45.26209117],[9.42511945,45.26137828],[9.42600101,45.26006078],[9.42659325,45.25914941],[9.42706992,45.25813048],[9.42781254,45.2568855],[9.42866793,45.25538805],[9.42935914,45.25409825],[9.43023223,45.25326682]]]}},{"type":"Feature","properties":{"name":"Segrate","istat_code":"015205","source":"ISTAT - Confini amministrativi 2022 non generalizzati, Comuni WGS84 / UTM Zone 32N","source_url":"https://www.istat.it/storage/cartografia/confini_amministrativi/non_generalizzati/Limiti01012022.zip"},"geometry":{"type":"Polygon","coordinates":[[[9.29895625,45.5092316],[9.29894016,45.50861056],[9.30021169,45.50856673],[9.30082165,45.50854261],[9.30093742,45.50771402],[9.30094494,45.50766019],[9.30185339,45.50757678],[9.30220399,45.50760142],[9.30239183,45.50720333],[9.30236395,45.50690754],[9.30285693,45.50570423],[9.30311434,45.50468646],[9.30313693,45.5040022],[9.30505482,45.50383065],[9.3050742,45.50255464],[9.3050726,45.50225876],[9.30513874,45.5019874],[9.30596464,45.50196051],[9.30609325,45.50144236],[9.30619338,45.50051749],[9.30756017,45.50053231],[9.307533,45.50036594],[9.3074783,45.49997775],[9.30694675,45.49888813],[9.30704985,45.49851801],[9.30670729,45.49835251],[9.30678493,45.49813039],[9.30688753,45.4976678],[9.30686067,45.49755692],[9.30938366,45.49755011],[9.30962844,45.49517942],[9.31006135,45.49527965],[9.31026287,45.49523855],[9.31144973,45.49512055],[9.31202043,45.49511208],[9.3126828,45.49500884],[9.31206306,45.49239419],[9.31203313,45.49219145],[9.31194454,45.49180635],[9.31165095,45.49083362],[9.30888578,45.49114535],[9.30862672,45.4912069],[9.30816601,45.49128928],[9.30799154,45.4910058],[9.30770312,45.49096601],[9.30764425,45.49074308],[9.30764326,45.49056054],[9.30760849,45.4894654],[9.30631245,45.48963114],[9.30656468,45.48831214],[9.30543238,45.48677376],[9.30805699,45.48666938],[9.30830666,45.48667848],[9.30990163,45.4867132],[9.3098029,45.48641093],[9.30968875,45.48582566],[9.30943604,45.4852603],[9.30939199,45.48481149],[9.30879535,45.48482151],[9.3082028,45.48483327],[9.30773098,45.48484237],[9.30719718,45.48485283],[9.30528758,45.48486158],[9.3047833,45.483926],[9.30438463,45.48199472],[9.30380215,45.48197674],[9.3040155,45.48142424],[9.30423978,45.48084348],[9.30398619,45.48010245],[9.3038737,45.47980996],[9.30384,45.47976103],[9.30353829,45.47932288],[9.30392456,45.47895099],[9.3048693,45.47929981],[9.30620156,45.47951095],[9.30638411,45.47952322],[9.30657194,45.47952271],[9.30677994,45.47953633],[9.30743754,45.47958649],[9.30741802,45.47882453],[9.30755392,45.47831667],[9.30740839,45.47785314],[9.30738171,45.47776112],[9.30735487,45.4776384],[9.30735422,45.47751867],[9.30730474,45.47724251],[9.30718063,45.47687445],[9.30724407,45.47570772],[9.30773319,45.4758292],[9.30841416,45.47593787],[9.30933976,45.47611957],[9.30928924,45.47645126],[9.30954284,45.47644845],[9.31142033,45.47694893],[9.31205528,45.47725776],[9.31215381,45.4771552],[9.31250154,45.47672646],[9.31245501,45.47667545],[9.31256667,45.4765589],[9.31319013,45.47581555],[9.31325357,45.47574547],[9.31336738,45.47561977],[9.31350517,45.47544736],[9.31336558,45.47538409],[9.31322555,45.47529853],[9.31000847,45.47399337],[9.30978184,45.4739102],[9.30967636,45.47387148],[9.30845264,45.47339589],[9.30858864,45.4727447],[9.30879587,45.47236347],[9.30900683,45.47203547],[9.30911165,45.47166504],[9.30917446,45.47150763],[9.30961579,45.47062481],[9.30955863,45.47045342],[9.30953871,45.47024235],[9.30949905,45.46984656],[9.30979638,45.4693707],[9.30863398,45.46933425],[9.30780991,45.46921617],[9.30763972,45.46919178],[9.30765795,45.46909936],[9.30815371,45.46719778],[9.30747842,45.46710722],[9.30696648,45.46694776],[9.30647115,45.46680755],[9.30525571,45.4667748],[9.30370765,45.46673391],[9.30297633,45.46669985],[9.30259445,45.46668286],[9.30251589,45.46634103],[9.30258928,45.46594071],[9.30272719,45.46518833],[9.30270918,45.46421624],[9.30267812,45.4631902],[9.3023201,45.46306963],[9.30220397,45.46302944],[9.30163241,45.46288694],[9.30124334,45.46278895],[9.29936017,45.46224482],[9.29795127,45.46188846],[9.2968887,45.46171122],[9.29639128,45.46198254],[9.29600942,45.46234357],[9.29562796,45.46277662],[9.29290795,45.46156398],[9.29253815,45.46139839],[9.29170639,45.46132851],[9.29137409,45.46138337],[9.29151108,45.46066292],[9.29138087,45.4602132],[9.29132853,45.4599883],[9.2907908,45.45988167],[9.29078479,45.45871153],[9.29072812,45.45764054],[9.29035571,45.45701045],[9.29027655,45.4568766],[9.28972323,45.45622091],[9.28905577,45.45575455],[9.28810908,45.45570293],[9.28766158,45.45573106],[9.28705938,45.45551655],[9.28599855,45.45522706],[9.28591954,45.45520436],[9.28581233,45.45521365],[9.28575894,45.45521828],[9.28543536,45.45525059],[9.28467957,45.45532448],[9.28392386,45.45510134],[9.2834756,45.45497643],[9.28281687,45.45623822],[9.28166378,45.45583603],[9.28097132,45.45804301],[9.28016528,45.45799098],[9.27990065,45.45879273],[9.27873628,45.45869656],[9.27868064,45.46298124],[9.27770808,45.4628936],[9.27778644,45.46061612],[9.27723481,45.46028441],[9.27661676,45.45944881],[9.27663976,45.45891769],[9.27603763,45.45872113],[9.27571986,45.45912694],[9.27517076,45.45930829],[9.27477651,45.45976829],[9.27417892,45.46050782],[9.27338909,45.4611668],[9.27290569,45.46171702],[9.27274372,45.46192447],[9.27269683,45.46192454],[9.2716659,45.46190901],[9.27159097,45.46228723],[9.27149204,45.46228747],[9.27165032,45.46328172],[9.27165649,45.46335249],[9.27172464,45.46413369],[9.27174552,45.46437962],[9.27161379,45.46504103],[9.2715429,45.46540194],[9.27140744,45.46602313],[9.27110885,45.46761254],[9.27130833,45.46815214],[9.27178358,45.46838953],[9.27140541,45.47076685],[9.27141987,45.47144178],[9.27143401,45.47222484],[9.27137357,45.4723106],[9.27033428,45.47232646],[9.269918,45.47239266],[9.26954328,45.4724521],[9.26889024,45.4724936],[9.26820996,45.47219645],[9.26757678,45.47202133],[9.26739347,45.47195984],[9.26634719,45.47179579],[9.26543126,45.47165388],[9.26439438,45.47156177],[9.26366506,45.47149595],[9.26198859,45.47137379],[9.26136181,45.47139322],[9.2609818,45.47142525],[9.26096235,45.47146165],[9.26090907,45.47201698],[9.26079381,45.47321816],[9.26074206,45.47375743],[9.26072436,45.47393692],[9.2607062,45.47412259],[9.26047706,45.47650788],[9.26089678,45.47648441],[9.26132774,45.47645905],[9.26146197,45.47645162],[9.26147011,45.47654635],[9.26155016,45.47747717],[9.26158736,45.47790959],[9.26169184,45.47912442],[9.26198409,45.47913434],[9.26364068,45.47919054],[9.26467352,45.47922556],[9.26467597,45.47928094],[9.26469072,45.47972056],[9.26470484,45.48008957],[9.26471207,45.48028153],[9.26485569,45.48404985],[9.26407016,45.4840646],[9.26236186,45.48409599],[9.25928387,45.48415253],[9.25924134,45.48417662],[9.25881167,45.48442363],[9.25844348,45.48713661],[9.25839772,45.48747144],[9.25838761,45.4875487],[9.25838128,45.48759749],[9.25809866,45.4896673],[9.25824104,45.48968991],[9.25848983,45.489726],[9.25955763,45.48999361],[9.25969653,45.49005951],[9.2598975,45.49015486],[9.26042335,45.49040569],[9.26048678,45.49045955],[9.26067387,45.49061665],[9.26075311,45.49071548],[9.26083497,45.4908188],[9.26085126,45.49096729],[9.26086981,45.49104434],[9.26089591,45.49115621],[9.2611272,45.49313142],[9.26153139,45.49486518],[9.26178023,45.49493644],[9.26200669,45.49499956],[9.26205677,45.49500147],[9.26208489,45.49502353],[9.26213069,45.49503734],[9.26220439,45.49505968],[9.26210201,45.49519043],[9.26208304,45.49521563],[9.26205789,45.49524904],[9.26186145,45.49579855],[9.26163759,45.49617339],[9.26143649,45.49665913],[9.26133665,45.49691139],[9.26118404,45.49724479],[9.26114691,45.49732379],[9.26106992,45.49749256],[9.26078128,45.4981188],[9.26067768,45.49838456],[9.26055993,45.49869087],[9.26045581,45.49896206],[9.26032823,45.49983904],[9.26035898,45.5000865],[9.26038706,45.50014944],[9.26040706,45.5001944],[9.26059181,45.50061703],[9.26086961,45.5012165],[9.26105037,45.5016061],[9.26107392,45.50173657],[9.26116105,45.50220615],[9.26124348,45.50265036],[9.26125673,45.50272176],[9.26126562,45.50309289],[9.26127732,45.50358132],[9.26127953,45.50367143],[9.26129659,45.5043746],[9.26129752,45.50440487],[9.26154969,45.5044808],[9.26236717,45.50461845],[9.26241559,45.50462283],[9.26311687,45.5047049],[9.26376973,45.50478135],[9.26437825,45.50489892],[9.26498718,45.50502389],[9.26564966,45.50515542],[9.26690558,45.50541802],[9.26744045,45.5055968],[9.267886,45.50587478],[9.26790941,45.50591524],[9.26796809,45.50591457],[9.27029361,45.50585111],[9.27159541,45.50581652],[9.27214558,45.5057612],[9.27255447,45.50560721],[9.27250083,45.50510328],[9.27233181,45.50456362],[9.27212363,45.50386203],[9.27183807,45.50304361],[9.27181509,45.50295365],[9.27175023,45.50270224],[9.27165545,45.50233296],[9.27177332,45.50216114],[9.27188424,45.50199938],[9.2738663,45.50196384],[9.27420086,45.50195783],[9.27426231,45.5022302],[9.2743186,45.50247962],[9.27486535,45.50250981],[9.27555594,45.50254846],[9.27579041,45.50256158],[9.27601869,45.50257454],[9.27617847,45.50342271],[9.27621868,45.50363617],[9.27758827,45.50362386],[9.27785207,45.50524239],[9.27790503,45.50556731],[9.2774955,45.50558631],[9.2767279,45.50567818],[9.27560196,45.50578892],[9.27503938,45.50592529],[9.27490929,45.50602855],[9.27461857,45.50625934],[9.27527434,45.50691644],[9.27541614,45.50705852],[9.27700371,45.50710869],[9.27714565,45.50733337],[9.28005233,45.5074973],[9.28069176,45.50736971],[9.28141285,45.50722546],[9.28150812,45.50678264],[9.28154486,45.5064495],[9.2821854,45.50654693],[9.28219341,45.50678545],[9.28221538,45.50741997],[9.28316227,45.50757964],[9.28475288,45.50784643],[9.28527748,45.50793442],[9.28530211,45.50774021],[9.28544983,45.50657484],[9.28584729,45.50661884],[9.2880872,45.50687874],[9.28934368,45.50702409],[9.28935308,45.50691836],[9.28953732,45.50484534],[9.28974656,45.50485381],[9.28990862,45.50486239],[9.29059377,45.50492366],[9.2910893,45.50496824],[9.29229627,45.50507682],[9.29240537,45.50508662],[9.29257454,45.50510179],[9.29288178,45.50512935],[9.29282595,45.50537926],[9.29274007,45.50564679],[9.29270863,45.5057595],[9.29268187,45.50601121],[9.29264296,45.50616962],[9.29272657,45.50618619],[9.29401722,45.50631017],[9.29404062,45.50681407],[9.29208235,45.50687309],[9.2919709,45.50760247],[9.29412191,45.50767797],[9.2950084,45.5080952],[9.29536708,45.50833182],[9.29566963,45.50945062],[9.29599597,45.50932931],[9.29671508,45.50906641],[9.2975617,45.50938825],[9.29847142,45.50953889],[9.29948441,45.50985128],[9.30008182,45.50994873],[9.3004454,45.51001078],[9.30050554,45.50928153],[9.30015581,45.50926896],[9.29895625,45.5092316]]]}},{"type":"Feature","properties":{"name":"Settala","istat_code":"015210","source":"ISTAT - Confini amministrativi 2022 non generalizzati, Comuni WGS84 / UTM Zone 32N","source_url":"https://www.istat.it/storage/cartografia/confini_amministrativi/non_generalizzati/Limiti01012022.zip"},"geometry":{"type":"Polygon","coordinates":[[[9.3706453,45.48562317],[9.37145044,45.48558455],[9.37248661,45.48561875],[9.37269195,45.48562552],[9.37394631,45.48567542],[9.37461171,45.48567324],[9.37447741,45.48483658],[9.37473975,45.4838726],[9.37485131,45.48333217],[9.37525975,45.48317782],[9.37563397,45.48184442],[9.37820715,45.48203395],[9.37867748,45.48157335],[9.37870931,45.48139172],[9.37877531,45.48101494],[9.37895294,45.48078933],[9.38020907,45.4811182],[9.38033703,45.48092838],[9.38051313,45.48066714],[9.38102061,45.48002637],[9.38155305,45.479408],[9.38194717,45.47903765],[9.38244561,45.47895496],[9.38258239,45.47836944],[9.38277171,45.47798176],[9.38506083,45.47793806],[9.3854335,45.47629861],[9.3895528,45.47669868],[9.39076349,45.47577643],[9.39162099,45.47581849],[9.39193229,45.47458428],[9.39318576,45.47465198],[9.39274798,45.47597664],[9.3936838,45.47624346],[9.39422782,45.47547649],[9.39481771,45.47567247],[9.39544863,45.47269992],[9.39653728,45.47287618],[9.39622281,45.47364236],[9.39764378,45.47376344],[9.39775485,45.47318698],[9.39922734,45.47336186],[9.40033172,45.47044163],[9.40371206,45.4709788],[9.40421903,45.47031094],[9.4039721,45.46977174],[9.40378985,45.46933133],[9.40371969,45.46857548],[9.40397085,45.46791752],[9.40435218,45.46757412],[9.40556985,45.46791185],[9.40716938,45.46631296],[9.40752508,45.46596964],[9.40762666,45.46586577],[9.40790605,45.46558123],[9.40710804,45.4649],[9.40695268,45.46463953],[9.40773858,45.4637546],[9.40868881,45.46249106],[9.40932121,45.46161567],[9.40958584,45.46106565],[9.40945174,45.46021104],[9.40949769,45.45949077],[9.40951643,45.4586536],[9.40960151,45.45804122],[9.41027813,45.45786776],[9.41049732,45.45811001],[9.41530707,45.45830866],[9.41528602,45.4571836],[9.41712493,45.45690685],[9.41725743,45.45417003],[9.4175321,45.45153168],[9.41763902,45.45053216],[9.41764683,45.45036899],[9.41784877,45.44613884],[9.41608542,45.44620829],[9.41639541,45.44500099],[9.41467989,45.4447192],[9.4147385,45.44446684],[9.41480387,45.44418769],[9.41513393,45.44386243],[9.41561415,45.44308659],[9.41557162,45.44251968],[9.41559223,45.44195253],[9.41586359,45.44164245],[9.41652805,45.4412411],[9.41687547,45.4408407],[9.41714079,45.44040769],[9.41727388,45.43948908],[9.41729499,45.43888592],[9.41712789,45.43848385],[9.41664082,45.43860027],[9.41602805,45.43862051],[9.41582017,45.43827922],[9.41594304,45.43759919],[9.41586214,45.4369199],[9.41557675,45.43636286],[9.41511472,45.43612152],[9.4141927,45.43591783],[9.41362269,45.43588424],[9.41338073,45.43619429],[9.41199098,45.43554774],[9.41138811,45.43527988],[9.41087056,45.43509117],[9.40965826,45.43816647],[9.40674063,45.43781686],[9.40678287,45.43657904],[9.40428715,45.43610184],[9.40458372,45.43477761],[9.40109141,45.43437587],[9.40037174,45.43565656],[9.39908007,45.43549007],[9.397968,45.43552095],[9.39699698,45.43561435],[9.39678196,45.43412089],[9.39614174,45.43397909],[9.3966035,45.4324833],[9.3968256,45.43133937],[9.39590368,45.43112116],[9.39528896,45.43097567],[9.39645613,45.42798322],[9.397903,45.42832023],[9.39846933,45.42716611],[9.39950874,45.42772956],[9.39876511,45.42911833],[9.40048164,45.4296164],[9.40120946,45.4278046],[9.39922941,45.42660898],[9.39912995,45.42654892],[9.397371,45.42548671],[9.39498208,45.42386577],[9.39449746,45.42351043],[9.39373585,45.42295197],[9.39238756,45.42206549],[9.39212845,45.42190885],[9.39209958,45.42189094],[9.39163029,45.42160901],[9.39120755,45.42135844],[9.39119557,45.42138341],[9.39091774,45.4219625],[9.38929273,45.42171603],[9.3892765,45.42307526],[9.38875911,45.42393214],[9.38792407,45.42518614],[9.38769909,45.425817],[9.38767705,45.42633014],[9.38774336,45.42668096],[9.38427674,45.42632362],[9.38444054,45.42468471],[9.38451612,45.42392849],[9.38458405,45.42335],[9.3846007,45.42320812],[9.38469954,45.42282074],[9.3848369,45.42234321],[9.38290911,45.42256571],[9.3829384,45.42677817],[9.3836947,45.42709068],[9.38325189,45.42776725],[9.38342134,45.42825274],[9.38349892,45.42835063],[9.38210382,45.4284733],[9.38180978,45.42812313],[9.38157313,45.4271518],[9.38157185,45.42696141],[9.38157052,45.42676476],[9.3802928,45.42685002],[9.3802759,45.42697736],[9.38023057,45.42705198],[9.38022786,45.42731841],[9.38022604,45.42735308],[9.37968393,45.42832285],[9.37962829,45.42842502],[9.37966635,45.4285153],[9.37968585,45.42864551],[9.37971639,45.42880673],[9.3795514,45.42892856],[9.37723116,45.42846293],[9.37706349,45.42925504],[9.37786111,45.42943618],[9.37844538,45.42946875],[9.37798269,45.42973894],[9.3762208,45.43069138],[9.37638928,45.43098354],[9.37651474,45.43120111],[9.37685331,45.43212712],[9.3768713,45.43291015],[9.37695251,45.43358497],[9.37691834,45.43421517],[9.37696,45.43471009],[9.3771547,45.43515051],[9.37748542,45.43560581],[9.37513617,45.43525617],[9.37495704,45.43523425],[9.37491375,45.4352286],[9.37250022,45.43491375],[9.37216438,45.43815978],[9.37284616,45.43878762],[9.37345188,45.43951474],[9.37383865,45.43999954],[9.37316526,45.44052382],[9.37292518,45.44096115],[9.37282412,45.44114601],[9.37266224,45.44180363],[9.37264582,45.44307283],[9.37256106,45.44379321],[9.37223759,45.44516243],[9.37166131,45.44685653],[9.37137416,45.44791959],[9.37120086,45.44879328],[9.37105271,45.44947784],[9.3708261,45.45002765],[9.37048508,45.45067685],[9.37029548,45.45104429],[9.37013149,45.45136208],[9.36996833,45.45171365],[9.36961431,45.45233587],[9.36940871,45.45414577],[9.36802994,45.45440226],[9.36772758,45.45510532],[9.36755321,45.45582596],[9.36725,45.45640301],[9.36714037,45.45712347],[9.36720699,45.4575373],[9.36703273,45.45827596],[9.36688608,45.45932956],[9.36687585,45.45975071],[9.36687399,45.45982768],[9.36687248,45.45988924],[9.3668665,45.46013073],[9.36656641,45.46119382],[9.36612031,45.46143827],[9.36582998,45.46203328],[9.36462477,45.46345031],[9.36441781,45.46508018],[9.36408246,45.46651243],[9.36373042,45.46746767],[9.36334248,45.46868404],[9.36323156,45.46934149],[9.36400958,45.46897897],[9.36486332,45.46858019],[9.36524656,45.46849796],[9.36530144,45.46907386],[9.36557195,45.46936103],[9.36552369,45.46981124],[9.36720249,45.4702649],[9.3672816,45.47062471],[9.36838724,45.47085067],[9.36920308,45.47101456],[9.36897716,45.47168137],[9.36754556,45.471749],[9.36700866,45.47181373],[9.36734337,45.47213669],[9.36740952,45.47246951],[9.36948249,45.47266085],[9.3699312,45.47280342],[9.37087918,45.47299837],[9.3719893,45.47308809],[9.37205681,45.47309355],[9.37214642,45.47310225],[9.37333809,45.4733864],[9.37406921,45.47367204],[9.37375557,45.4746092],[9.37438568,45.47509319],[9.37477147,45.47538896],[9.37453261,45.47602882],[9.37470275,45.47660434],[9.37497674,45.47740453],[9.37524829,45.47783571],[9.36892832,45.47767626],[9.36892284,45.47771256],[9.36854255,45.48023958],[9.3683135,45.48176125],[9.36801005,45.48377748],[9.36794434,45.48376812],[9.36318235,45.48309084],[9.36307241,45.48390129],[9.36302516,45.48451351],[9.36603603,45.485224],[9.367856,45.48566821],[9.36845841,45.48581927],[9.36950739,45.48577088],[9.3706453,45.48562317]]]}},{"type":"Feature","properties":{"name":"Siziano","istat_code":"018150","source":"ISTAT - Confini amministrativi 2022 non generalizzati, Comuni WGS84 / UTM Zone 32N","source_url":"https://www.istat.it/storage/cartografia/confini_amministrativi/non_generalizzati/Limiti01012022.zip"},"geometry":{"type":"Polygon","coordinates":[[[9.21918647,45.32589604],[9.22034756,45.32586682],[9.22168817,45.32607125],[9.222761,45.3263122],[9.2234242,45.32622989],[9.22416166,45.32595841],[9.22491468,45.32600193],[9.22593737,45.32646799],[9.22719126,45.32731162],[9.22776859,45.32808458],[9.22877951,45.32878467],[9.22988778,45.32934798],[9.22976444,45.32965583],[9.22952754,45.33007273],[9.23027841,45.33052792],[9.2307891,45.33117198],[9.23062725,45.33158038],[9.22957162,45.33246462],[9.22894202,45.33309914],[9.22949453,45.33339929],[9.22979222,45.33337333],[9.23025175,45.33339039],[9.23122194,45.33346046],[9.23159167,45.33366673],[9.23191192,45.33366608],[9.23226798,45.33335031],[9.23262306,45.3328005],[9.23324695,45.33244818],[9.233693,45.33230326],[9.23375447,45.33202928],[9.2336272,45.3316306],[9.2337125,45.330836],[9.23395262,45.33026841],[9.23512452,45.33004098],[9.23623293,45.32959762],[9.23648752,45.32944407],[9.23683119,45.32923633],[9.23688941,45.32918457],[9.2370088,45.32907844],[9.23714905,45.32895663],[9.23719374,45.3287181],[9.23721148,45.32862345],[9.23744004,45.32835293],[9.23814076,45.3281782],[9.23876599,45.32807113],[9.23964943,45.32792977],[9.24021385,45.327393],[9.24035395,45.32726042],[9.24045214,45.32715845],[9.24067416,45.32695096],[9.24091955,45.32641936],[9.24165652,45.32605775],[9.24257364,45.32623584],[9.24301741,45.3263159],[9.24340229,45.32610476],[9.24327052,45.32564026],[9.24312115,45.32523183],[9.2433063,45.32487057],[9.24426879,45.32484601],[9.24490306,45.32462863],[9.24602827,45.32451818],[9.24646762,45.32431471],[9.24686216,45.32408433],[9.24701443,45.32388596],[9.24720461,45.32360652],[9.24702429,45.32321985],[9.24692046,45.32281501],[9.24719983,45.32250835],[9.2477226,45.32242622],[9.24815577,45.32227225],[9.24840923,45.32187564],[9.24789821,45.32173272],[9.24762983,45.32163429],[9.24744964,45.32127463],[9.24758899,45.3210403],[9.24788197,45.32093164],[9.24832811,45.32083166],[9.24800776,45.3205173],[9.24745807,45.32027547],[9.24687017,45.32005171],[9.24606495,45.3197294],[9.24633098,45.31928776],[9.24483631,45.31857085],[9.24445488,45.31897674],[9.24272962,45.3182243],[9.24229731,45.31856727],[9.23999665,45.31750096],[9.23966667,45.31782571],[9.23935985,45.31767333],[9.23895112,45.31756616],[9.23854376,45.31778305],[9.23830292,45.3180626],[9.23804902,45.31836916],[9.23770593,45.31870294],[9.23732483,45.31909978],[9.23701839,45.31904642],[9.23659684,45.31892128],[9.23602206,45.31867043],[9.23535705,45.31839275],[9.23455286,45.31800735],[9.23282734,45.31724576],[9.23097384,45.31951787],[9.22817677,45.31850633],[9.22662914,45.32074176],[9.22599292,45.32191591],[9.22575514,45.32235472],[9.22466905,45.32196981],[9.2252896,45.32078941],[9.22260967,45.32025458],[9.22295223,45.31975884],[9.22409275,45.31778531],[9.22423021,45.31725397],[9.22379606,45.3171648],[9.22328556,45.3171208],[9.22269914,45.31713994],[9.22218881,45.31714093],[9.22181886,45.31715065],[9.22134651,45.31707956],[9.22117997,45.31689987],[9.22107694,45.31654901],[9.22107561,45.31620696],[9.22111225,45.31579282],[9.22214019,45.31449462],[9.22148865,45.31426186],[9.22163913,45.31359546],[9.2222088,45.31246019],[9.22280309,45.31110883],[9.22159083,45.31102117],[9.22083851,45.31100462],[9.22101274,45.31057348],[9.22148289,45.30941014],[9.2203851,45.30922324],[9.22067591,45.30855657],[9.22080243,45.30828627],[9.22096708,45.30797992],[9.22116949,45.30754745],[9.22160036,45.30681752],[9.22102613,45.30676462],[9.22091242,45.30704389],[9.22074777,45.30735024],[9.22053231,45.30771071],[9.22030483,45.30826025],[9.22006407,45.30867476],[9.21992692,45.30949415],[9.21872657,45.30918141],[9.21785903,45.30884102],[9.21719477,45.30870725],[9.21790479,45.30757174],[9.21799316,45.30732853],[9.21799236,45.30712151],[9.2179482,45.30694139],[9.2179119,45.30679326],[9.2178887,45.30669864],[9.21784891,45.30630264],[9.2178856,45.30588851],[9.21793492,45.30544735],[9.21794598,45.30500627],[9.21799528,45.30455611],[9.21804481,45.30416896],[9.2178395,45.30384528],[9.21754511,45.30358481],[9.21735293,45.30336014],[9.21728841,45.30316224],[9.2175434,45.30305545],[9.21764721,45.30301199],[9.21778507,45.30295427],[9.2179415,45.30289638],[9.21839644,45.30272806],[9.21882925,45.30261021],[9.21946567,45.30236595],[9.21996263,45.30223897],[9.22031928,45.30211226],[9.22093104,45.30198506],[9.22155594,45.30196586],[9.22179756,45.30177636],[9.22193671,45.30147905],[9.22217696,45.3010465],[9.22245632,45.30073091],[9.22251496,45.3006893],[9.22281247,45.30047819],[9.22325779,45.30019827],[9.22369036,45.29992738],[9.22364684,45.29992547],[9.22270811,45.2998843],[9.22147025,45.29960765],[9.22155753,45.29909441],[9.22103365,45.29885239],[9.22127359,45.29823982],[9.22112881,45.29820861],[9.22062262,45.29810606],[9.2200483,45.29800816],[9.21941011,45.29788336],[9.21876017,45.29780361],[9.21798254,45.29790411],[9.21732049,45.2981034],[9.21677262,45.29824845],[9.21604615,45.29838486],[9.21523047,45.29853941],[9.21446614,45.2987839],[9.21440482,45.29943211],[9.21437032,45.30043134],[9.21396341,45.30040712],[9.21202414,45.30029169],[9.21188265,45.30008492],[9.21184377,45.29980595],[9.21185527,45.29947287],[9.21203207,45.29910349],[9.21285934,45.29863387],[9.21343203,45.29829976],[9.21395376,45.29809174],[9.21447552,45.29789274],[9.21503467,45.2973516],[9.21535216,45.29699095],[9.21537537,45.29695361],[9.21564371,45.29652232],[9.21606252,45.29598146],[9.21649396,45.29540456],[9.21687487,45.29496276],[9.21697482,45.29441349],[9.2150564,45.29458537],[9.21492222,45.29459739],[9.21517423,45.29378679],[9.2152741,45.29321951],[9.21537315,45.29242722],[9.21544716,45.29176996],[9.21539356,45.29108597],[9.21542937,45.29043779],[9.21530007,45.28996997],[9.21506815,45.2893403],[9.21889441,45.28833008],[9.2190173,45.28829764],[9.21797946,45.28700341],[9.21533983,45.28699943],[9.21554213,45.28653998],[9.21578314,45.28620646],[9.2160752,45.28588186],[9.21630325,45.28549437],[9.21665775,45.28482759],[9.21692327,45.284242],[9.21711236,45.28366555],[9.21633453,45.28365803],[9.21620815,45.28395531],[9.21590291,45.28416291],[9.21560969,45.28418148],[9.21531653,45.28420904],[9.21473077,45.28441716],[9.21462976,45.28467839],[9.21440276,45.28502987],[9.21412364,45.28540846],[9.21362715,45.28562543],[9.21312989,45.28563535],[9.21264509,45.28556425],[9.21217325,45.28555613],[9.21197005,45.28577253],[9.2114483,45.28606154],[9.21102681,45.28587329],[9.21066898,45.28565793],[9.2102986,45.28549659],[9.20978832,45.28543451],[9.20948348,45.28575912],[9.20954822,45.28602904],[9.20909074,45.28612889],[9.20916851,45.28647081],[9.20960134,45.28659604],[9.20957659,45.2868031],[9.20934789,45.28702856],[9.20904364,45.28719116],[9.20878919,45.28735365],[9.20841989,45.28748934],[9.20821664,45.28769673],[9.20794948,45.28786826],[9.20761795,45.28787786],[9.20729879,45.28777942],[9.20700548,45.28777096],[9.20691707,45.28800515],[9.20662462,45.28823971],[9.20633153,45.28829426],[9.20611608,45.28866369],[9.20621878,45.28885254],[9.20630954,45.28926644],[9.20614447,45.28945577],[9.20587706,45.28956428],[9.20558372,45.28955579],[9.2052011,45.28953849],[9.20493356,45.28961098],[9.20482307,45.29002524],[9.20543265,45.29009615],[9.20540824,45.29040225],[9.20520519,45.29067265],[9.2049382,45.29089816],[9.2046071,45.29102478],[9.20427581,45.29110639],[9.20386799,45.29117913],[9.20344846,45.29120688],[9.20294737,45.29116276],[9.20235201,45.29128084],[9.20196935,45.2912635],[9.20159954,45.29126416],[9.20119117,45.29118387],[9.20071981,45.29131972],[9.19999403,45.29163605],[9.1992301,45.29198844],[9.19858117,45.29240363],[9.1980851,45.29277354],[9.19744992,45.29302668],[9.19676212,45.29327991],[9.1960489,45.29355119],[9.19546242,45.29359719],[9.19445586,45.29387796],[9.19392169,45.29430193],[9.19370729,45.2950089],[9.19339109,45.29578355],[9.19313847,45.2965086],[9.19242732,45.29729291],[9.19137058,45.29784377],[9.19027552,45.29825966],[9.18905314,45.29886479],[9.18873933,45.29941848],[9.18883869,45.29989352],[9.18852517,45.30038342],[9.18862595,45.30102767],[9.18804353,45.30198995],[9.18754769,45.30247683],[9.18701514,45.30331483],[9.18645759,45.30444091],[9.1859122,45.30526993],[9.1846301,45.30706328],[9.18384232,45.3080187],[9.18320665,45.30868583],[9.18285428,45.30915906],[9.18293989,45.30952583],[9.18249723,45.3102262],[9.18205854,45.31074178],[9.18235887,45.31083851],[9.18304808,45.31094542],[9.18359535,45.31054849],[9.18390237,45.31080903],[9.18424885,45.31143857],[9.18468401,45.31187894],[9.18510127,45.31193018],[9.18574367,45.31212924],[9.18636901,45.31220025],[9.18689105,45.31201036],[9.18753964,45.31139721],[9.18794819,45.31149555],[9.18829417,45.31183702],[9.1892247,45.31197952],[9.19042452,45.31216655],[9.19170015,45.31213741],[9.19268279,45.31223477],[9.19279625,45.31256051],[9.19216251,45.31305478],[9.19215214,45.31371251],[9.19235876,45.31450366],[9.19322616,45.3144572],[9.19422133,45.31459953],[9.19494973,45.31494934],[9.19556342,45.31532635],[9.19634435,45.31610812],[9.1963849,45.31676516],[9.19663465,45.31697832],[9.19682994,45.31716096],[9.19627425,45.317799],[9.19624107,45.31783656],[9.1954432,45.31874707],[9.19500953,45.31925189],[9.19497062,45.31929696],[9.19490333,45.3201342],[9.19486742,45.32132273],[9.19486626,45.32198983],[9.19487894,45.32232608],[9.19489816,45.32235303],[9.19518108,45.32276212],[9.19583293,45.32308505],[9.19696916,45.32326313],[9.19759373,45.32307302],[9.1982047,45.3226399],[9.19890652,45.32265668],[9.19943043,45.32321386],[9.19977727,45.32387934],[9.20021374,45.32462569],[9.20063749,45.32538105],[9.20093293,45.32641859],[9.20078709,45.32747352],[9.20084109,45.32849517],[9.20145351,45.32880013],[9.20158202,45.32905194],[9.20159673,45.32956485],[9.20163921,45.33044705],[9.20167983,45.33110407],[9.20169386,45.3314641],[9.20177389,45.33243611],[9.20181548,45.33337217],[9.20187615,45.33379059],[9.20172777,45.33483955],[9.20182257,45.33480337],[9.20484965,45.33370433],[9.20493915,45.33363666],[9.2052824,45.33337951],[9.20602176,45.33315312],[9.2071687,45.33292152],[9.20848248,45.3327301],[9.20966893,45.33261992],[9.21047262,45.33253742],[9.21095634,45.33220348],[9.21166775,45.33165309],[9.21250808,45.33113845],[9.21322077,45.33061505],[9.21375956,45.33021213],[9.21392067,45.33009165],[9.21456943,45.32954136],[9.21510346,45.32902728],[9.21556114,45.32857635],[9.21591929,45.32817038],[9.21656485,45.32742228],[9.217403,45.32667358],[9.21822835,45.32612263],[9.2182685,45.32609584],[9.21918647,45.32589604]]]}},{"type":"Feature","properties":{"name":"Sordio","istat_code":"098055","source":"ISTAT - Confini amministrativi 2022 non generalizzati, Comuni WGS84 / UTM Zone 32N","source_url":"https://www.istat.it/storage/cartografia/confini_amministrativi/non_generalizzati/Limiti01012022.zip"},"geometry":{"type":"Polygon","coordinates":[[[9.38081831,45.34311412],[9.38096923,45.34278056],[9.38239551,45.34286557],[9.38221474,45.34328953],[9.38347459,45.34331225],[9.38357708,45.34147565],[9.38462381,45.34149012],[9.3849884,45.34066978],[9.38554887,45.34050587],[9.38641598,45.34038591],[9.3871935,45.34023026],[9.388287,45.33622932],[9.38695962,45.33587441],[9.38503073,45.33561989],[9.38363875,45.33548956],[9.38308998,45.3354914],[9.38147056,45.33570384],[9.37867784,45.3360462],[9.37745615,45.33616699],[9.37761564,45.33560864],[9.37789269,45.33504963],[9.37800239,45.33458962],[9.37726286,45.33437662],[9.37715489,45.33408893],[9.37602325,45.33329763],[9.37608417,45.33308432],[9.37626871,45.33284423],[9.37643835,45.33260608],[9.37649755,45.33204693],[9.37597184,45.33153645],[9.37474308,45.33098242],[9.37383336,45.33042732],[9.37307648,45.3298267],[9.37276965,45.32973769],[9.37180045,45.32983986],[9.37150905,45.33027318],[9.37035169,45.33076271],[9.36968473,45.33134337],[9.36937924,45.3323276],[9.36949912,45.33310132],[9.36938691,45.33364824],[9.36753566,45.33441324],[9.36735478,45.33535322],[9.36466196,45.33486855],[9.36401626,45.33646291],[9.36478164,45.33644361],[9.36471159,45.33675764],[9.36465767,45.33697394],[9.36536171,45.33717423],[9.36540697,45.33719557],[9.36537275,45.33777277],[9.365366,45.33791063],[9.36476765,45.33819776],[9.36443202,45.33843662],[9.36425104,45.33886551],[9.36424056,45.33889081],[9.36372554,45.3388942],[9.36342142,45.33886816],[9.3630104,45.33883346],[9.36150282,45.33859522],[9.36063458,45.33854395],[9.36004956,45.33886984],[9.35962492,45.33939495],[9.35950728,45.33990669],[9.35996912,45.3402743],[9.35960585,45.34136461],[9.35931869,45.34199941],[9.35863126,45.34266385],[9.35748538,45.34312652],[9.35660649,45.34341731],[9.35632108,45.34354985],[9.35617871,45.34440879],[9.35656188,45.3444436],[9.35654154,45.34527179],[9.35806177,45.34546506],[9.35994008,45.34576519],[9.36185688,45.34609219],[9.36243132,45.34621056],[9.36539697,45.34674702],[9.3668214,45.34694096],[9.36772224,45.3470636],[9.36971637,45.34748922],[9.37070889,45.34767282],[9.37119894,45.34776346],[9.37381891,45.34823198],[9.37610516,45.3484225],[9.37763812,45.34858846],[9.37844309,45.34870282],[9.37881318,45.3486836],[9.37902867,45.34845786],[9.37925681,45.34821406],[9.3797001,45.34769051],[9.38010678,45.34741911],[9.38089743,45.34729947],[9.38117306,45.34652442],[9.38134608,45.34567773],[9.38133949,45.3446966],[9.3805104,45.34449281],[9.38081831,45.34311412]]]}},{"type":"Feature","properties":{"name":"Spino d'Adda","istat_code":"019102","source":"ISTAT - Confini amministrativi 2022 non generalizzati, Comuni WGS84 / UTM Zone 32N","source_url":"https://www.istat.it/storage/cartografia/confini_amministrativi/non_generalizzati/Limiti01012022.zip"},"geometry":{"type":"Polygon","coordinates":[[[9.50213622,45.42180225],[9.50429453,45.42159472],[9.50462836,45.42176427],[9.50520377,45.42178873],[9.50494469,45.42140282],[9.5047615,45.42092657],[9.50478105,45.42025139],[9.50499288,45.41963838],[9.5053469,45.41920475],[9.50555973,45.41870875],[9.50544247,45.41845723],[9.50504345,45.41814395],[9.50484886,45.41782077],[9.50490963,45.41746945],[9.50499371,45.416866],[9.50482398,45.4164617],[9.50456476,45.41605779],[9.50481684,45.41566063],[9.5053749,45.4151811],[9.50590459,45.41438664],[9.50612843,45.41369255],[9.50600697,45.412973],[9.50613155,45.41261239],[9.50654041,45.41260158],[9.50664891,45.41226603],[9.50672695,45.41202467],[9.50702439,45.41098822],[9.50723334,45.41006017],[9.50726685,45.40951994],[9.50728562,45.40876375],[9.50731502,45.40776449],[9.50742254,45.4069269],[9.50760424,45.40640082],[9.50773393,45.40602539],[9.50785596,45.40538577],[9.50798091,45.40507016],[9.50854299,45.40504965],[9.50887374,45.40488616],[9.5091331,45.40388587],[9.5093854,45.4035247],[9.50983034,45.40327068],[9.50992181,45.40207312],[9.50997554,45.40189078],[9.51005347,45.40162641],[9.51018216,45.40118982],[9.51049561,45.40052233],[9.51058234,45.40022491],[9.51111929,45.40025851],[9.51211505,45.40016403],[9.51287822,45.39978257],[9.51322945,45.39906089],[9.51337085,45.39774607],[9.51341535,45.39701677],[9.51369277,45.39661048],[9.51396885,45.39606014],[9.51387314,45.39536749],[9.51370843,45.39410805],[9.51337778,45.39286738],[9.51275295,45.39158299],[9.51256081,45.39081875],[9.51243489,45.39031525],[9.51229754,45.38925371],[9.51229169,45.38860565],[9.51256826,45.38810935],[9.51266744,45.38777585],[9.51244564,45.38726377],[9.51180885,45.38623703],[9.51172848,45.38564677],[9.51188729,45.38484495],[9.51222982,45.38458236],[9.51352037,45.38463058],[9.51405668,45.38461017],[9.51425714,45.3841772],[9.51434961,45.38310565],[9.51437936,45.38216037],[9.51434703,45.38141342],[9.51417698,45.38097312],[9.5123888,45.38097216],[9.51153241,45.38090397],[9.51117267,45.38067156],[9.51167837,45.38020732],[9.5117934,45.38010169],[9.51195465,45.37956991],[9.51197108,45.37856168],[9.51181304,45.37803133],[9.51048294,45.37783024],[9.50907646,45.3776565],[9.50724886,45.37752061],[9.50612392,45.37740857],[9.50558406,45.37702391],[9.50586736,45.3758525],[9.50624031,45.37470768],[9.506484,45.37339242],[9.5059947,45.37294453],[9.50527402,45.37232664],[9.50489872,45.37177021],[9.50509838,45.37124725],[9.50526915,45.37034637],[9.50532051,45.36970875],[9.50534964,45.36934686],[9.50579217,45.36884984],[9.50595264,45.36822805],[9.50546131,45.36754612],[9.50525341,45.36714199],[9.50556566,45.36635749],[9.50495146,45.36621619],[9.5033785,45.36595309],[9.50247119,45.36587608],[9.50170761,45.36616748],[9.50118264,45.36600776],[9.50113861,45.36535985],[9.50018692,45.36458991],[9.49847055,45.36398533],[9.49651438,45.36369681],[9.49542084,45.36388148],[9.49525212,45.36390931],[9.49426386,45.36479573],[9.49312197,45.36563778],[9.49190607,45.36678619],[9.49114919,45.3678606],[9.49032589,45.36863824],[9.48914769,45.36973244],[9.48809609,45.37070008],[9.48696575,45.37142502],[9.48536535,45.37243996],[9.48386679,45.37342746],[9.48254517,45.37419817],[9.48137445,45.37469817],[9.48059037,45.37561061],[9.47946447,45.37688452],[9.4785707,45.37691526],[9.47748005,45.37631676],[9.4772968,45.37614293],[9.47634706,45.37523231],[9.4759182,45.37435199],[9.47613267,45.37403605],[9.47686996,45.37362791],[9.47754286,45.37315704],[9.47825278,45.37253297],[9.47846381,45.371812],[9.47866167,45.37104606],[9.47835012,45.37044428],[9.47777547,45.37044668],[9.47747148,45.37074499],[9.47729899,45.37149283],[9.47677936,45.37196305],[9.47601389,45.37205626],[9.47453178,45.37197241],[9.47346232,45.3723639],[9.47214085,45.3731705],[9.47104954,45.37401213],[9.46998089,45.37451159],[9.46846214,45.37463485],[9.46780284,45.37461374],[9.46746571,45.37460293],[9.46723217,45.37464439],[9.46697705,45.37468947],[9.46653478,45.37476876],[9.46592413,45.37505929],[9.46511395,45.37593571],[9.46465711,45.37645064],[9.46439262,45.37674876],[9.46342466,45.37707673],[9.46194316,45.37708273],[9.46155127,45.3775794],[9.46229805,45.37831448],[9.46297084,45.37897839],[9.46274314,45.37964487],[9.46206923,45.38001664],[9.46096048,45.38031816],[9.46005592,45.38060085],[9.45961363,45.38118771],[9.45936356,45.38185481],[9.45894703,45.38246857],[9.45843882,45.38280366],[9.45796941,45.3832016],[9.45681327,45.38397133],[9.45544273,45.38509297],[9.45496372,45.38588699],[9.45440823,45.3867083],[9.45457661,45.38699567],[9.45521717,45.38722717],[9.45598931,45.38793518],[9.4563778,45.38859071],[9.45614003,45.38920374],[9.45614394,45.38968981],[9.45708206,45.39037914],[9.45799137,45.39066354],[9.45780671,45.3915284],[9.45755726,45.39227652],[9.45730575,45.39277258],[9.45705844,45.39379072],[9.45588408,45.39391243],[9.45484943,45.39393455],[9.45246066,45.39397104],[9.45260535,45.39449254],[9.45302969,45.39483291],[9.45383589,45.39500073],[9.45584613,45.39555081],[9.45751053,45.39598522],[9.45861083,45.39617883],[9.45944672,45.39649238],[9.46086633,45.39702485],[9.46142723,45.39720883],[9.46151992,45.39724262],[9.46203207,45.39740721],[9.46227896,45.39771674],[9.46289697,45.39849286],[9.46270916,45.40052789],[9.46207714,45.40111554],[9.46201171,45.4011788],[9.46161477,45.40143242],[9.46155094,45.4014732],[9.46146963,45.40152409],[9.46138886,45.40157738],[9.46094652,45.40217324],[9.46082277,45.40266881],[9.46092311,45.40298161],[9.46096698,45.40311829],[9.46119381,45.40330548],[9.46127289,45.40336603],[9.46129385,45.40338805],[9.46166164,45.40369156],[9.46216018,45.40390792],[9.46222813,45.40393032],[9.46258319,45.40403505],[9.46277657,45.4040921],[9.46367329,45.4043675],[9.46487905,45.40492968],[9.46607231,45.40576057],[9.46612566,45.40579772],[9.46638426,45.40616572],[9.46624975,45.40690437],[9.46601401,45.40776045],[9.46595575,45.40844477],[9.46668568,45.40863082],[9.46713078,45.40836797],[9.46757548,45.4080601],[9.46836798,45.40808386],[9.46961792,45.40933889],[9.46967619,45.41020277],[9.46917384,45.41126697],[9.46834566,45.41156742],[9.46768239,45.41172317],[9.46759331,45.41331673],[9.46801548,45.41336901],[9.46883397,45.41343766],[9.47002366,45.4135768],[9.47126503,45.41377871],[9.47239532,45.41445814],[9.47321804,45.41503081],[9.4739005,45.41564006],[9.47481113,45.41602333],[9.47550383,45.41632648],[9.47598617,45.41744964],[9.47621742,45.41759268],[9.47656385,45.41775326],[9.47703803,45.4179043],[9.4773453,45.41796603],[9.47807554,45.41816999],[9.4782438,45.41842132],[9.478323,45.41871803],[9.4786315,45.41892377],[9.47911791,45.41901175],[9.47943835,45.41911841],[9.47968364,45.41940542],[9.47985191,45.41965675],[9.48021154,45.41986226],[9.4806634,45.41888823],[9.4810587,45.41877856],[9.48171273,45.41903684],[9.48258354,45.41923118],[9.48344029,45.41928157],[9.48413079,45.41931465],[9.48422234,45.41955729],[9.48463133,45.41955555],[9.48534658,45.41949852],[9.48699635,45.4196085],[9.48718008,45.4201658],[9.48788443,45.42032481],[9.48806964,45.42105313],[9.49066128,45.42069997],[9.49098337,45.41951943],[9.4935547,45.41977839],[9.49397798,45.42091071],[9.49447147,45.42093558],[9.49532903,45.42097686],[9.49558212,45.42068772],[9.4959673,45.42088409],[9.49653243,45.42119666],[9.49735517,45.42173316],[9.49820105,45.4219905],[9.49921094,45.4220041],[9.50080751,45.4218711],[9.50213622,45.42180225]]]}},{"type":"Feature","properties":{"name":"Tavazzano con Villavesco","istat_code":"098056","source":"ISTAT - Confini amministrativi 2022 non generalizzati, Comuni WGS84 / UTM Zone 32N","source_url":"https://www.istat.it/storage/cartografia/confini_amministrativi/non_generalizzati/Limiti01012022.zip"},"geometry":{"type":"Polygon","coordinates":[[[9.40332818,45.35842007],[9.40399139,45.35831871],[9.40434205,45.35915459],[9.40577029,45.3589065],[9.40605826,45.35811336],[9.40628305,45.35741046],[9.40658676,45.35703132],[9.40744299,45.35714529],[9.40827355,45.35724134],[9.40923034,45.35721931],[9.40943042,45.35721469],[9.40951185,45.35721891],[9.4096395,45.35721846],[9.41004961,45.35721247],[9.41025226,45.35720724],[9.41027199,45.35717567],[9.41078262,45.35639522],[9.41146787,45.35598841],[9.41137536,45.35538494],[9.41137125,45.35528776],[9.41134481,45.35466248],[9.41137903,45.35425103],[9.41056467,45.35450574],[9.41013877,45.35386817],[9.41001827,45.3530945],[9.40981351,45.35256378],[9.4107541,45.35245276],[9.41168548,45.3523774],[9.41245878,45.35229403],[9.41195132,45.35140377],[9.41311721,45.35127539],[9.41329864,45.35125541],[9.41378906,45.35198273],[9.41456443,45.35175536],[9.41427677,45.35035152],[9.41665648,45.35003745],[9.41625707,45.34906635],[9.41489126,45.34908032],[9.41439264,45.34694864],[9.41505399,45.34689241],[9.41561914,45.34736741],[9.41634627,45.34730175],[9.41655205,45.34596878],[9.41537898,45.34594609],[9.41498139,45.34552573],[9.41510177,45.34469591],[9.41519789,45.34387644],[9.41528323,45.34332705],[9.41530591,45.34293991],[9.41691476,45.34301507],[9.41866519,45.34325169],[9.41971385,45.34351789],[9.42073648,45.34372115],[9.42216767,45.34393191],[9.42334348,45.34413458],[9.4236372,45.3441515],[9.42417792,45.34372828],[9.42499515,45.34310229],[9.42565443,45.34250576],[9.42599525,45.34200041],[9.42645453,45.34197169],[9.42736183,45.34211233],[9.42783712,45.34206624],[9.42722979,45.34152773],[9.42687021,45.34123203],[9.42728726,45.34068139],[9.42881973,45.33910042],[9.42964907,45.33737805],[9.43001566,45.33690859],[9.43061208,45.33645628],[9.4307463,45.33622884],[9.43003374,45.33592739],[9.42991337,45.33588436],[9.42986534,45.33586597],[9.42956038,45.33574921],[9.42956103,45.33569505],[9.42956812,45.33511001],[9.42960272,45.33474069],[9.42929698,45.33469697],[9.42891118,45.33471577],[9.42997102,45.33364578],[9.43003466,45.33288494],[9.43040399,45.33278451],[9.43048255,45.33136202],[9.43131058,45.33116986],[9.43151888,45.33170916],[9.43177887,45.33233828],[9.43223917,45.33245354],[9.43279959,45.33230741],[9.43328073,45.3318105],[9.43332379,45.3316156],[9.43334357,45.33152609],[9.4334041,45.33125196],[9.43345072,45.33074429],[9.43333768,45.33009253],[9.43333263,45.33005487],[9.4340833,45.32995317],[9.43427442,45.32991195],[9.43513792,45.32967857],[9.43763557,45.32900348],[9.43835377,45.32781255],[9.43906186,45.32861995],[9.44151947,45.32794439],[9.44174209,45.32703438],[9.4446159,45.32623194],[9.44438954,45.32562042],[9.44568744,45.32580387],[9.44711742,45.32540223],[9.44713591,45.3250151],[9.44754932,45.32404133],[9.44778709,45.32344632],[9.44787456,45.32321193],[9.4469424,45.32312558],[9.44647413,45.32299842],[9.4463542,45.32296585],[9.44628858,45.32273206],[9.44626951,45.32193102],[9.44689336,45.32175756],[9.44737205,45.32097256],[9.44705124,45.32073979],[9.44672888,45.32030899],[9.44692572,45.31938108],[9.44697158,45.31872379],[9.44732258,45.31802931],[9.44735803,45.31793593],[9.44731873,45.31793862],[9.44713192,45.31791755],[9.44697707,45.31790014],[9.44683723,45.31786019],[9.44673808,45.31782907],[9.44666379,45.31781137],[9.44653092,45.31774888],[9.44643088,45.31769975],[9.44637065,45.31764598],[9.44627851,45.31759234],[9.44619427,45.31752516],[9.4461543,45.31748731],[9.44344715,45.31816366],[9.44339056,45.31813466],[9.44329672,45.31806301],[9.44320275,45.31797786],[9.44310792,45.31788371],[9.44297932,45.31775369],[9.44285075,45.31762817],[9.44282315,45.31758581],[9.44256335,45.31727823],[9.44244094,45.3171212],[9.44223331,45.31687896],[9.44206647,45.31665007],[9.44195527,45.31639846],[9.44190866,45.3161466],[9.44198322,45.31588978],[9.44211695,45.31565523],[9.44240489,45.31515453],[9.44255734,45.31496941],[9.44278293,45.31465349],[9.44294161,45.31445034],[9.44304824,45.31431941],[9.44317795,45.31418389],[9.44327526,45.3140845],[9.44327403,45.31403049],[9.443273,45.31399899],[9.44276227,45.31394696],[9.44229005,45.3139218],[9.44181797,45.31391461],[9.44218191,45.31313909],[9.44226673,45.31256267],[9.4407713,45.31219941],[9.44103459,45.31160429],[9.44077819,45.31144326],[9.4412055,45.31061348],[9.43927487,45.31005383],[9.43797207,45.30984282],[9.43738306,45.30955703],[9.43657609,45.30912804],[9.4354658,45.30906927],[9.43457371,45.30918068],[9.43367008,45.30945416],[9.43325027,45.30960879],[9.43301257,45.31022178],[9.43268776,45.31112314],[9.43245993,45.31156957],[9.43222347,45.31203403],[9.43195947,45.31254811],[9.43178593,45.31321487],[9.43102111,45.31329878],[9.43012847,45.31334714],[9.42942796,45.31350281],[9.42920126,45.31389072],[9.42900494,45.3149266],[9.42907268,45.31544844],[9.42821839,45.31551466],[9.42736383,45.31554485],[9.42710085,45.31620294],[9.42688635,45.31651879],[9.42590551,45.31662147],[9.42529483,45.31684877],[9.42491847,45.31770531],[9.42464176,45.31823741],[9.42374997,45.31841176],[9.42362587,45.31888028],[9.42222318,45.31898449],[9.42191177,45.32000279],[9.42145326,45.32011252],[9.42110141,45.32084291],[9.41960715,45.32054237],[9.41986938,45.3198753],[9.41852814,45.31955618],[9.41733941,45.31926349],[9.41611255,45.31898892],[9.41496289,45.31880407],[9.41438257,45.31970631],[9.41071748,45.31925147],[9.41129148,45.31746715],[9.40989817,45.3171031],[9.41116043,45.31522628],[9.41061004,45.31497622],[9.40852472,45.31594685],[9.40790706,45.31564348],[9.40748766,45.31543747],[9.40752015,45.3164095],[9.40754111,45.31744459],[9.40710136,45.31839129],[9.40620311,45.31945665],[9.40456242,45.32019159],[9.40247407,45.32077505],[9.40059119,45.32143878],[9.39950996,45.32191062],[9.39776474,45.32231279],[9.39646524,45.32259633],[9.39545945,45.32291487],[9.39502631,45.32301538],[9.39507396,45.32252915],[9.39521062,45.32199759],[9.39520912,45.32178157],[9.39413706,45.32174026],[9.39303872,45.32159104],[9.39140529,45.32144362],[9.39101409,45.32207504],[9.39009525,45.32205119],[9.38847304,45.32179567],[9.38769369,45.32164531],[9.38700397,45.32153962],[9.38649294,45.32144234],[9.38670611,45.32089253],[9.38695797,45.32040561],[9.38735019,45.31991821],[9.38630085,45.31946269],[9.38424435,45.31911857],[9.38355416,45.31894087],[9.38313192,45.31876226],[9.38325393,45.31793372],[9.38298263,45.31743507],[9.38176752,45.31698005],[9.38066883,45.31675869],[9.37934098,45.31661008],[9.37852256,45.31690694],[9.37817302,45.31736108],[9.37807243,45.31758644],[9.37810095,45.31803642],[9.37931564,45.31842844],[9.38058057,45.3188203],[9.38075039,45.31940932],[9.38036456,45.32074281],[9.37983757,45.32153133],[9.37918195,45.32134082],[9.37863246,45.32156349],[9.37817752,45.32251956],[9.37761923,45.32339823],[9.37678404,45.32339207],[9.37580268,45.32356632],[9.37504819,45.32401411],[9.37436871,45.3246422],[9.37373936,45.32595846],[9.37365791,45.32715589],[9.37391834,45.32794717],[9.37339649,45.32835278],[9.37250021,45.3288581],[9.37206497,45.32942944],[9.37180045,45.32983986],[9.37276965,45.32973769],[9.37307648,45.3298267],[9.37383336,45.33042732],[9.37474308,45.33098242],[9.37597184,45.33153645],[9.37649755,45.33204693],[9.37643835,45.33260608],[9.37626871,45.33284423],[9.37608417,45.33308432],[9.37602325,45.33329763],[9.37715489,45.33408893],[9.37726286,45.33437662],[9.37800239,45.33458962],[9.37789269,45.33504963],[9.37761564,45.33560864],[9.37745615,45.33616699],[9.37867784,45.3360462],[9.38147056,45.33570384],[9.38308998,45.3354914],[9.38363875,45.33548956],[9.38503073,45.33561989],[9.38695962,45.33587441],[9.388287,45.33622932],[9.3871935,45.34023026],[9.38641598,45.34038591],[9.38554887,45.34050587],[9.3849884,45.34066978],[9.38462381,45.34149012],[9.38357708,45.34147565],[9.38347459,45.34331225],[9.38221474,45.34328953],[9.38239551,45.34286557],[9.38096923,45.34278056],[9.38081831,45.34311412],[9.3805104,45.34449281],[9.38133949,45.3446966],[9.38134608,45.34567773],[9.38117306,45.34652442],[9.38089743,45.34729947],[9.38010678,45.34741911],[9.3797001,45.34769051],[9.37925681,45.34821406],[9.37902867,45.34845786],[9.37881318,45.3486836],[9.38184012,45.34915034],[9.38174451,45.34970244],[9.382041,45.35031109],[9.38255443,45.35072343],[9.38284912,45.35088447],[9.38368863,45.35043158],[9.38420838,45.35011565],[9.38415771,45.34984008],[9.38419358,45.34959277],[9.38560772,45.34917394],[9.38694698,45.34900739],[9.38776283,45.34897763],[9.38771692,45.3494641],[9.38829163,45.3496329],[9.38834804,45.35041584],[9.38848969,45.35059537],[9.39034578,45.35132715],[9.39270079,45.35220121],[9.3941773,45.3534113],[9.39546388,45.35483807],[9.39705795,45.35640776],[9.3987777,45.35767995],[9.40021062,45.358098],[9.40036013,45.35815333],[9.40062025,45.35824959],[9.4011611,45.35890477],[9.40139283,45.35917401],[9.4020533,45.35868562],[9.40332818,45.35842007]]]}},{"type":"Feature","properties":{"name":"Torrevecchia Pia","istat_code":"018160","source":"ISTAT - Confini amministrativi 2022 non generalizzati, Comuni WGS84 / UTM Zone 32N","source_url":"https://www.istat.it/storage/cartografia/confini_amministrativi/non_generalizzati/Limiti01012022.zip"},"geometry":{"type":"Polygon","coordinates":[[[9.29399373,45.30572698],[9.29457774,45.30519438],[9.295085,45.30461699],[9.29584577,45.3038949],[9.29606064,45.3035163],[9.29619912,45.30316489],[9.29629989,45.30292158],[9.29461468,45.30239485],[9.29575509,45.30109571],[9.29589338,45.3007893],[9.29573856,45.30044766],[9.29571283,45.30017767],[9.2958505,45.29989829],[9.29648869,45.29998663],[9.29691037,45.30013857],[9.29763893,45.30043371],[9.29802164,45.30045072],[9.29835219,45.30024284],[9.29874505,45.29976473],[9.2991241,45.29907963],[9.29927562,45.29879118],[9.2994402,45.29855672],[9.29952844,45.29835846],[9.29900367,45.29800878],[9.29810926,45.29769607],[9.29649336,45.29843839],[9.29591811,45.29818784],[9.29642193,45.29697134],[9.29942926,45.29647743],[9.29939631,45.2950643],[9.30115898,45.29557274],[9.30183017,45.29490487],[9.30203185,45.29445426],[9.30219403,45.29377873],[9.30263039,45.29189628],[9.30417758,45.29266629],[9.30285437,45.29564027],[9.30445306,45.29648216],[9.30514726,45.29513008],[9.30615736,45.29323709],[9.30643641,45.29295731],[9.30769763,45.29271087],[9.30662435,45.2923357],[9.30796722,45.29068484],[9.3084596,45.2900624],[9.30933949,45.29006002],[9.31060215,45.2900926],[9.31106127,45.29010036],[9.31168618,45.29010765],[9.31217097,45.29014233],[9.31265499,45.29018603],[9.31312651,45.29013072],[9.31348258,45.28994971],[9.31353778,45.28988015],[9.31364723,45.28974223],[9.31369684,45.28949006],[9.31363056,45.28903117],[9.3135014,45.28873447],[9.31333419,45.28847389],[9.3129754,45.28815982],[9.31255427,45.28795395],[9.31231128,45.28782859],[9.31197876,45.28764947],[9.31375351,45.28588933],[9.31306322,45.28557619],[9.31383235,45.28399882],[9.31500846,45.28454466],[9.31531387,45.28443581],[9.31602942,45.28470389],[9.31696265,45.28513336],[9.31769132,45.28546438],[9.31838158,45.28576851],[9.31985486,45.28500827],[9.31806654,45.28415814],[9.31868494,45.28301324],[9.32015289,45.28358522],[9.32144243,45.28162829],[9.32194866,45.28096076],[9.32297103,45.28137194],[9.3234548,45.2815236],[9.32383158,45.28051436],[9.32443726,45.27940548],[9.32553615,45.27982542],[9.32611893,45.27917565],[9.32677872,45.27861567],[9.32786962,45.27764939],[9.32880806,45.27691758],[9.3291763,45.27665548],[9.32951884,45.27636644],[9.32984861,45.27606845],[9.33011433,45.27572562],[9.33040443,45.2751847],[9.33087257,45.27457125],[9.33113789,45.27415641],[9.33142876,45.27375052],[9.33163052,45.27337187],[9.33187018,45.2729301],[9.33209766,45.27258738],[9.332439,45.27210031],[9.33305134,45.27217053],[9.3336514,45.27232181],[9.33395261,45.27151081],[9.33408934,45.2709163],[9.33439001,45.27001528],[9.33256525,45.26970556],[9.33239387,45.27092125],[9.32950786,45.26965141],[9.32926264,45.2695441],[9.32824706,45.27027615],[9.32791826,45.27032209],[9.32677016,45.2704604],[9.32630924,45.27011066],[9.32582245,45.269698],[9.32532288,45.26927634],[9.32503356,45.26898013],[9.32503248,45.2687911],[9.32533781,45.26868222],[9.32572657,45.267979],[9.32567562,45.26784412],[9.32511524,45.26765669],[9.32415535,45.26739838],[9.32337684,45.26723854],[9.32302022,45.26714955],[9.3228642,45.26703297],[9.32262987,45.26682904],[9.32244147,45.26666509],[9.32192936,45.26627048],[9.32146721,45.26569569],[9.3212481,45.26526425],[9.32094047,45.26482404],[9.32056814,45.26434801],[9.320171,45.26398907],[9.31979967,45.26369305],[9.31926284,45.26342451],[9.31862367,45.26309325],[9.31822672,45.26277029],[9.31794435,45.26242002],[9.31726624,45.26181883],[9.31665085,45.26117242],[9.31621484,45.26069654],[9.31551046,45.2600864],[9.31522753,45.25962811],[9.31450346,45.26007118],[9.31341625,45.25922802],[9.31250211,45.25986963],[9.31114234,45.26060247],[9.3106065,45.26021686],[9.30999167,45.25980447],[9.30969925,45.25994028],[9.30936856,45.2600672],[9.30899968,45.26020321],[9.30840212,45.26040287],[9.30798274,45.26062904],[9.30705473,45.26108161],[9.30642818,45.26063322],[9.30524618,45.26125748],[9.30484971,45.26100649],[9.30432525,45.26065684],[9.30294889,45.26046247],[9.30220819,45.2602664],[9.3020184,45.26052794],[9.30168941,45.26097888],[9.30128475,45.26151104],[9.29847235,45.26479495],[9.2967828,45.26424875],[9.29325187,45.2631072],[9.29279922,45.26423354],[9.2923461,45.26535988],[9.29122263,45.26501169],[9.29053365,45.26480642],[9.28992089,45.26462794],[9.28925689,45.26431457],[9.28893647,45.26404535],[9.2889351,45.2637753],[9.28890735,45.26333431],[9.28868902,45.2630108],[9.28860832,45.26298681],[9.28829655,45.26290254],[9.28817841,45.26285908],[9.28764337,45.26268039],[9.28705606,45.26256484],[9.28647011,45.26263834],[9.28598637,45.26268455],[9.28515816,45.26274064],[9.28364054,45.26257338],[9.28345063,45.2628349],[9.28314701,45.2632137],[9.28257519,45.26348517],[9.28214118,45.26336022],[9.28183504,45.26331596],[9.28152969,45.26342474],[9.28094429,45.26361522],[9.28023195,45.26383299],[9.27932838,45.26412325],[9.27851476,45.26448531],[9.27763769,45.26498251],[9.27690028,45.26537136],[9.27625102,45.26567427],[9.27565849,45.26601787],[9.27529975,45.26582339],[9.27510231,45.26562825],[9.27458069,45.26511266],[9.27455172,45.26500643],[9.27397987,45.2644979],[9.27384936,45.26438185],[9.27380819,45.26427853],[9.27389726,45.26419786],[9.27416587,45.26425468],[9.27433667,45.26426002],[9.27457851,45.26381702],[9.27487973,45.26389099],[9.27500995,45.26391079],[9.27544596,45.26352897],[9.27606262,45.26298894],[9.27654024,45.26254538],[9.27745508,45.26171291],[9.27778024,45.26168915],[9.27799827,45.26169098],[9.27936595,45.26170252],[9.27996759,45.26168093],[9.28118153,45.26050584],[9.28373141,45.25819267],[9.2821361,45.2571806],[9.28122988,45.25683642],[9.28191387,45.25606061],[9.28210373,45.2557991],[9.282294,45.2556186],[9.28259943,45.25552782],[9.28290419,45.25530203],[9.28258469,45.25512281],[9.2820991,45.25486295],[9.2816006,45.25456714],[9.28111567,45.25435229],[9.28043925,45.25415593],[9.27985258,45.25406735],[9.27940758,45.25420347],[9.27721017,45.25301162],[9.27662622,45.25356212],[9.27587896,45.25427506],[9.2771169,45.25487515],[9.27694284,45.25501555],[9.2767531,45.25516859],[9.27662001,45.25527532],[9.27583549,45.25590441],[9.27490873,45.25665378],[9.27426959,45.25617824],[9.273771,45.25585539],[9.27316998,45.25543376],[9.27242888,45.25503046],[9.27170125,45.25478015],[9.27147349,45.25512275],[9.2701713,45.25439672],[9.26993105,45.25488336],[9.27019984,45.25512577],[9.27053293,45.25549403],[9.27080257,45.25582646],[9.27096243,45.25610961],[9.27112268,45.25639278],[9.27066491,45.25635786],[9.26914458,45.25557833],[9.2678168,45.25507737],[9.26732099,45.25533957],[9.26701613,45.25555632],[9.26664798,45.25586322],[9.26634417,45.25630501],[9.2676605,45.25707605],[9.26918029,45.25773859],[9.26771977,45.25884021],[9.26913821,45.25971001],[9.26868147,45.26007114],[9.26939649,45.26042051],[9.26913053,45.26078119],[9.26900436,45.26097053],[9.26867391,45.26116933],[9.26845596,45.26089981],[9.26794652,45.26098201],[9.26784608,45.26130631],[9.26747832,45.26170323],[9.267147,45.26172202],[9.26625741,45.26228218],[9.26604161,45.26247171],[9.26592789,45.26268802],[9.26568788,45.26306662],[9.26533216,45.26322949],[9.26510353,45.26340104],[9.26492604,45.26360848],[9.26455805,45.2639694],[9.26425329,45.26421314],[9.26393634,45.26458294],[9.26368327,45.26498857],[9.26327831,45.26553861],[9.26289842,45.26607956],[9.26258245,45.26666539],[9.26225323,45.26714323],[9.26193654,45.26757601],[9.26165836,45.26807174],[9.2613677,45.26862149],[9.26101366,45.26925238],[9.26072283,45.26976613],[9.2603689,45.27042405],[9.26004098,45.2711089],[9.25975091,45.27171266],[9.2593206,45.27239776],[9.25891532,45.27298376],[9.25840799,45.27347099],[9.25796428,45.27402107],[9.25743185,45.27467523],[9.25726698,45.27487779],[9.25672339,45.27590517],[9.2581275,45.27628007],[9.25888692,45.27506316],[9.25952054,45.27422459],[9.26120503,45.27484184],[9.26236752,45.27535226],[9.26340243,45.27583595],[9.26293543,45.27685419],[9.26519289,45.27729005],[9.26509331,45.27781235],[9.26494234,45.27824478],[9.26479107,45.27861418],[9.26458903,45.27903771],[9.26433749,45.27952439],[9.26398332,45.2801373],[9.2639449,45.28022335],[9.26370571,45.28075903],[9.26335295,45.28167799],[9.26297536,45.28274103],[9.26252153,45.28386724],[9.26218132,45.28475017],[9.26209246,45.28539882],[9.26208263,45.2854705],[9.26278451,45.28559491],[9.26310342,45.28562118],[9.26370316,45.28570982],[9.26417386,45.28573574],[9.26451778,45.28565392],[9.26482357,45.2855992],[9.26515504,45.28558943],[9.26551221,45.28561561],[9.26611207,45.28573574],[9.26668544,45.28563988],[9.26729783,45.28571046],[9.26771945,45.2858895],[9.26794985,45.28606898],[9.26830818,45.28634719],[9.26843179,45.28643747],[9.26861528,45.2865715],[9.26865925,45.28659326],[9.26904986,45.28678652],[9.2693671,45.28671376],[9.26963386,45.2864971],[9.26974911,45.28625027],[9.26979797,45.28614565],[9.26926173,45.28600289],[9.26889198,45.28576073],[9.2685335,45.28545552],[9.26826396,45.28507809],[9.26845404,45.28482562],[9.26960169,45.28509295],[9.26988033,45.28469624],[9.26991748,45.2844621],[9.26994176,45.284201],[9.26999092,45.28381383],[9.27021962,45.28364227],[9.27043651,45.28357928],[9.27056343,45.28354244],[9.27082015,45.28349235],[9.27098381,45.28346042],[9.27135375,45.28349555],[9.27168586,45.28362078],[9.27195457,45.28381816],[9.27210132,45.28400088],[9.27218546,45.28410566],[9.27239095,45.28441123],[9.27244283,45.2844476],[9.27260846,45.28456374],[9.27281147,45.28435621],[9.27282279,45.28405914],[9.27289805,45.28379792],[9.27313888,45.28350029],[9.27340587,45.28333762],[9.27344454,45.28331624],[9.27378779,45.28321069],[9.27391127,45.28321375],[9.27411935,45.28321891],[9.27446397,45.28329009],[9.27496057,45.2833969],[9.27544527,45.28343174],[9.27552397,45.283397],[9.27581425,45.28326882],[9.27608049,45.28295315],[9.27621861,45.28271791],[9.27630812,45.28256552],[9.27659482,45.28247396],[9.27667731,45.28244762],[9.27681648,45.28248152],[9.276971,45.28253692],[9.27716566,45.28272639],[9.2772016,45.2827614],[9.27712674,45.28309463],[9.27689845,45.28334722],[9.27647871,45.28356428],[9.27627585,45.2837988],[9.27574284,45.28432216],[9.27495556,45.28499916],[9.27457432,45.28527013],[9.27460596,45.28549026],[9.27464031,45.28572904],[9.27483279,45.28598062],[9.27447922,45.28670159],[9.27707244,45.28765848],[9.27956379,45.28862455],[9.28009569,45.28787614],[9.28149959,45.28843976],[9.28086692,45.28911644],[9.28241077,45.28960771],[9.28303779,45.29004723],[9.28294978,45.29029949],[9.28272226,45.2907051],[9.28267272,45.29100228],[9.28357877,45.29112606],[9.28273196,45.29265838],[9.28302641,45.29288268],[9.28315493,45.29308041],[9.28324879,45.29332724],[9.28327121,45.29338616],[9.2834265,45.29383584],[9.28345343,45.29412382],[9.28346837,45.29456486],[9.2835348,45.29509578],[9.28413487,45.29522931],[9.28447972,45.29532746],[9.28491435,45.2955334],[9.28625508,45.29608814],[9.28752045,45.29663405],[9.28857008,45.29738752],[9.28930526,45.29649453],[9.2913382,45.29772254],[9.29080815,45.29882207],[9.28799879,45.29791104],[9.2865424,45.29995802],[9.28756424,45.3002525],[9.2871096,45.30107277],[9.2888624,45.30229254],[9.28972334,45.30103015],[9.29154902,45.30152959],[9.29230239,45.30168968],[9.293137,45.30029234],[9.29344,45.29968847],[9.29428291,45.29990234],[9.2937381,45.30060585],[9.29356089,45.30086734],[9.29330829,45.30135406],[9.29313209,45.30181358],[9.29287882,45.30216528],[9.29254777,45.30228316],[9.29229357,45.30245483],[9.29207826,45.30275242],[9.29201581,45.30301363],[9.29196613,45.3032748],[9.29177638,45.30358132],[9.29151046,45.30396006],[9.29120612,45.30431189],[9.29100297,45.30449244],[9.29082614,45.30483493],[9.29090471,45.30523081],[9.29124969,45.30534693],[9.29159373,45.30527405],[9.29182435,45.30547149],[9.2920678,45.3056869],[9.29292392,45.30597275],[9.29362657,45.30617799],[9.29399373,45.30572698]]]}},{"type":"Feature","properties":{"name":"Tribiano","istat_code":"015222","source":"ISTAT - Confini amministrativi 2022 non generalizzati, Comuni WGS84 / UTM Zone 32N","source_url":"https://www.istat.it/storage/cartografia/confini_amministrativi/non_generalizzati/Limiti01012022.zip"},"geometry":{"type":"Polygon","coordinates":[[[9.3712959,45.42124487],[9.37257201,45.41910743],[9.37472059,45.41930744],[9.37702105,45.41939888],[9.3774217,45.41814639],[9.37843277,45.41835007],[9.37859269,45.41837204],[9.38005673,45.41857872],[9.38128515,45.41879064],[9.38167354,45.41739417],[9.38177499,45.41739383],[9.38390913,45.4173777],[9.38498683,45.41736953],[9.38512618,45.41711758],[9.38517397,45.41703141],[9.38529713,45.41680932],[9.38536405,45.41668868],[9.38540193,45.41662104],[9.38564096,45.41606217],[9.38596729,45.41518793],[9.38600282,45.41494493],[9.38610161,45.41426937],[9.38617118,45.41322499],[9.38647723,45.41312494],[9.38798584,45.41320984],[9.38912385,45.41329597],[9.38944322,45.41327689],[9.38897821,45.41255837],[9.38886034,45.41214471],[9.38999845,45.41224886],[9.390612,45.41226475],[9.39105277,45.41131813],[9.39148041,45.41032653],[9.39143846,45.40980461],[9.39146235,45.40956148],[9.39264904,45.40930537],[9.39308215,45.40910586],[9.39265351,45.4081082],[9.39232931,45.40742522],[9.39194224,45.40688649],[9.39069965,45.40644067],[9.38989165,45.40601138],[9.38934977,45.40525712],[9.38948463,45.40442854],[9.38925,45.40375425],[9.38887414,45.40298143],[9.38869063,45.40230697],[9.38871262,45.40178482],[9.38873402,45.40118167],[9.38879477,45.4007224],[9.38891511,45.3998404],[9.38831356,45.39949086],[9.38666465,45.39938845],[9.38519486,45.39932139],[9.38468097,45.39890907],[9.38462517,45.39821617],[9.38512949,45.39722434],[9.38481995,45.39679331],[9.383054,45.39637619],[9.38239218,45.39485721],[9.38233195,45.39350721],[9.38256734,45.39241727],[9.38226367,45.3909601],[9.38205456,45.39042542],[9.38167914,45.38952186],[9.38163366,45.38845986],[9.38069836,45.38804893],[9.37982635,45.38754776],[9.37765551,45.3869263],[9.37733405,45.387349],[9.37681877,45.38778708],[9.37610979,45.38765907],[9.3757236,45.38721028],[9.37533721,45.38673448],[9.37417286,45.38644126],[9.37309394,45.38654096],[9.37092909,45.38656885],[9.37076899,45.3874785],[9.36420901,45.38641945],[9.36448629,45.38782277],[9.36446446,45.38839892],[9.36449439,45.38908291],[9.36456377,45.38993781],[9.36483725,45.39074704],[9.36527644,45.39150175],[9.36507322,45.39168243],[9.36479276,45.39177333],[9.36439742,45.39188262],[9.36420765,45.39217126],[9.36426233,45.39272916],[9.36435419,45.39310692],[9.36442251,45.3937998],[9.3647108,45.39492403],[9.364691,45.39581522],[9.36404248,45.39629436],[9.36329142,45.3967198],[9.36216937,45.39707441],[9.36086631,45.39709653],[9.35992176,45.39723455],[9.35946488,45.39772205],[9.35910042,45.39867733],[9.35909112,45.39922643],[9.3583485,45.39897672],[9.35755407,45.39861917],[9.3563506,45.39822686],[9.35518591,45.39790645],[9.35467081,45.39725997],[9.35376213,45.39701075],[9.35302135,45.39704904],[9.353033,45.39710483],[9.3531662,45.39774169],[9.35341642,45.3983479],[9.35346422,45.39846044],[9.35349623,45.39853227],[9.35416852,45.39999643],[9.35469892,45.40100661],[9.35545226,45.40244131],[9.35613763,45.40350985],[9.3561804,45.40358146],[9.35703769,45.40501694],[9.35732857,45.40566464],[9.35761842,45.4058863],[9.35796023,45.40615356],[9.35838145,45.40657365],[9.3585272,45.40671903],[9.35847499,45.40694608],[9.35831569,45.4072113],[9.35805181,45.40791175],[9.35809652,45.40813626],[9.3581525,45.40840161],[9.35842672,45.40932788],[9.3588894,45.40989236],[9.35909642,45.41014489],[9.35914791,45.41015419],[9.35939067,45.41019798],[9.35973617,45.4102689],[9.36029913,45.41037513],[9.36099,45.41049897],[9.36163692,45.41064733],[9.36253857,45.41085411],[9.36466288,45.41130642],[9.36609799,45.4118959],[9.36658816,45.41259642],[9.36665484,45.41319177],[9.36650061,45.41336803],[9.36590774,45.4141355],[9.36571661,45.4144636],[9.36563951,45.41468076],[9.36568549,45.41525478],[9.36577319,45.41574361],[9.36585803,45.41579013],[9.36590662,45.4158325],[9.36594343,45.4159217],[9.36603926,45.41633437],[9.36610707,45.41670926],[9.36610613,45.41680158],[9.36589489,45.4179436],[9.36584451,45.41821683],[9.36575438,45.41825407],[9.3668076,45.41951859],[9.3676371,45.4204929],[9.36766658,45.42052746],[9.36975941,45.42299204],[9.36989117,45.42315886],[9.36993635,45.42314798],[9.37025096,45.42304486],[9.37035988,45.42300033],[9.37036871,45.42295775],[9.37060582,45.42126513],[9.3712959,45.42124487]]]}},{"type":"Feature","properties":{"name":"Truccazzano","istat_code":"015224","source":"ISTAT - Confini amministrativi 2022 non generalizzati, Comuni WGS84 / UTM Zone 32N","source_url":"https://www.istat.it/storage/cartografia/confini_amministrativi/non_generalizzati/Limiti01012022.zip"},"geometry":{"type":"Polygon","coordinates":[[[9.49859686,45.50926137],[9.49872607,45.50922715],[9.50160344,45.50848181],[9.50190716,45.50840313],[9.50211397,45.50853723],[9.50291149,45.50905577],[9.50403406,45.50860979],[9.5034751,45.50743306],[9.50335564,45.50718161],[9.50453709,45.50759944],[9.50582136,45.50806182],[9.50586306,45.5080047],[9.50628929,45.50742067],[9.50471562,45.50322415],[9.50776376,45.50340866],[9.5088186,45.50256687],[9.51283535,45.50228786],[9.51422949,45.50140471],[9.51360942,45.50075421],[9.51340834,45.50054808],[9.51240249,45.4997245],[9.51169323,45.49914261],[9.51029998,45.4979337],[9.50966943,45.49755846],[9.5083328,45.49694335],[9.5071757,45.49636342],[9.50660586,45.49561886],[9.50702205,45.49493294],[9.50728249,45.49400467],[9.50694004,45.49360245],[9.50682991,45.4934846],[9.50535349,45.49296909],[9.50359648,45.4925538],[9.50156951,45.49200466],[9.50072203,45.49143572],[9.50057816,45.49133391],[9.49981261,45.49014912],[9.49923556,45.48856746],[9.49887828,45.48723685],[9.49909756,45.48598474],[9.49924397,45.48553855],[9.49939664,45.48507434],[9.4994432,45.48455206],[9.49890157,45.48407736],[9.49767878,45.48326361],[9.49677055,45.48329457],[9.49537595,45.48330962],[9.49495345,45.48328445],[9.49461392,45.48250283],[9.4941459,45.48165874],[9.49376495,45.48052626],[9.49387057,45.47943667],[9.4938016,45.47922993],[9.49356837,45.47852885],[9.4933434,45.47767473],[9.49353753,45.47726261],[9.49368117,45.47697011],[9.49373008,45.47687051],[9.49380854,45.47672759],[9.49417043,45.47568189],[9.49330807,45.47509156],[9.49258944,45.47484263],[9.49165412,45.47468464],[9.49155561,45.47466705],[9.49147474,45.47465391],[9.49059778,45.47449566],[9.49067003,45.47443683],[9.4916099,45.47366661],[9.49299694,45.47315765],[9.49434451,45.4724716],[9.49469095,45.47229524],[9.49498943,45.47213565],[9.49136987,45.46847509],[9.49065653,45.46735302],[9.49032796,45.46647167],[9.49022435,45.46619372],[9.49046073,45.46554746],[9.49156267,45.46495958],[9.4921606,45.46452469],[9.49187585,45.46340528],[9.49126174,45.4621527],[9.49105007,45.46169764],[9.49096431,45.46154596],[9.49022137,45.45994694],[9.4890929,45.45813355],[9.48879635,45.45771478],[9.48809386,45.45672275],[9.48805708,45.45667081],[9.4870741,45.45539684],[9.48620717,45.45423038],[9.48539197,45.45312672],[9.48518704,45.45281127],[9.4846062,45.45191726],[9.48457549,45.45187001],[9.48396183,45.45039643],[9.48372156,45.44921829],[9.4839083,45.44868799],[9.48337152,45.44866171],[9.48303875,45.44862711],[9.48239983,45.44868381],[9.48145332,45.4486608],[9.47990488,45.4485323],[9.47829306,45.44846706],[9.47665519,45.44834788],[9.47477361,45.44813969],[9.47258575,45.44800475],[9.47161512,45.44815277],[9.47053914,45.44870305],[9.47055102,45.44938284],[9.46933615,45.44953801],[9.4691792,45.45036249],[9.46825592,45.45018285],[9.46789098,45.4501472],[9.46728321,45.45008782],[9.46631853,45.44996682],[9.46612197,45.45038962],[9.46578787,45.45175015],[9.46494622,45.45359882],[9.46399459,45.45529262],[9.46191022,45.45455625],[9.46220885,45.4535379],[9.46100333,45.45365904],[9.46074308,45.45414691],[9.46012454,45.45514852],[9.45940507,45.45632158],[9.4591305,45.45715978],[9.45899836,45.45821345],[9.4584568,45.45925075],[9.45805736,45.46046751],[9.4576693,45.4615132],[9.45697654,45.46225805],[9.4561183,45.46268956],[9.45556719,45.46255673],[9.45522995,45.46274348],[9.45538222,45.46341258],[9.45608784,45.46367079],[9.45660289,45.46409178],[9.45688683,45.46440569],[9.45739978,45.46456566],[9.45756833,45.46484402],[9.45781289,45.46503207],[9.45831226,45.46509307],[9.45850772,45.46553335],[9.45866705,45.46625279],[9.45835548,45.4669869],[9.45749867,45.46730161],[9.45647301,45.46701768],[9.45542155,45.46670683],[9.45512255,45.46687534],[9.4552995,45.46743642],[9.45536761,45.46800811],[9.45462535,45.4682906],[9.45356752,45.46840642],[9.45301893,45.46829158],[9.45197133,45.46856577],[9.45120584,45.46876507],[9.45100898,45.46900162],[9.45087441,45.46930894],[9.45010374,45.46938325],[9.44976872,45.46907852],[9.44920242,45.4686487],[9.44864184,45.46872269],[9.44813717,45.46912557],[9.44755747,45.46921322],[9.44738874,45.46890786],[9.44672311,45.46885645],[9.44599126,45.46851726],[9.44541414,45.4683305],[9.44455834,45.46849586],[9.44426297,45.46845199],[9.44394065,45.46864227],[9.44377788,45.4686834],[9.44347044,45.46873411],[9.44313021,45.46878043],[9.44284652,45.46879954],[9.44243305,45.46878313],[9.44201054,45.46873977],[9.44135216,45.46858929],[9.44086326,45.46843815],[9.44056737,45.46822328],[9.44051045,45.46823132],[9.44016161,45.46889092],[9.43967367,45.46939858],[9.43919523,45.46954273],[9.43855652,45.46966219],[9.43775255,45.4699173],[9.43769165,45.46969251],[9.43764861,45.46971069],[9.43745693,45.46978297],[9.43722158,45.46996931],[9.43693345,45.47007796],[9.43662582,45.47010165],[9.43630962,45.47015685],[9.43616449,45.47012284],[9.43608292,45.47010372],[9.43592729,45.46993328],[9.43595587,45.46969915],[9.4359515,45.46933912],[9.43590244,45.46909627],[9.43560921,45.46901639],[9.43521188,45.4689189],[9.4342247,45.4688247],[9.43414042,45.46922001],[9.43405384,45.46960738],[9.43376474,45.47027457],[9.43330552,45.47044732],[9.43185879,45.47029978],[9.43037491,45.47020637],[9.43017521,45.47086421],[9.43000289,45.47175598],[9.42966635,45.47281937],[9.43020655,45.47319539],[9.43038341,45.47332074],[9.43104262,45.4737863],[9.43121444,45.47450575],[9.43092617,45.47528992],[9.43062494,45.47605616],[9.4314846,45.47637695],[9.43211376,45.47667162],[9.43222046,45.47723827],[9.43213723,45.47806669],[9.43142874,45.4790145],[9.43036296,45.48019315],[9.43007635,45.48045994],[9.42920758,45.48126864],[9.42906868,45.48151218],[9.4288049,45.48216126],[9.43373606,45.48289872],[9.43402806,45.48260058],[9.43579826,45.48316991],[9.43562481,45.48390866],[9.4364595,45.48429252],[9.43617364,45.48528374],[9.43744341,45.48576494],[9.43790009,45.48525013],[9.43955327,45.48556781],[9.44079651,45.48582407],[9.44206479,45.4861072],[9.44292358,45.48629288],[9.44323098,45.48632771],[9.44396997,45.48591979],[9.44496019,45.48501582],[9.44514886,45.48460104],[9.44586314,45.48455093],[9.44623593,45.48452479],[9.44642523,45.484191],[9.44710425,45.48429637],[9.44763538,45.4836012],[9.44853246,45.48387222],[9.44909592,45.48404111],[9.44875539,45.48596409],[9.44706411,45.48569169],[9.4468805,45.48674554],[9.44715443,45.48730254],[9.44673566,45.48936542],[9.44872108,45.48956788],[9.4486555,45.49002475],[9.44857546,45.49060037],[9.44943444,45.49079501],[9.44933655,45.49136247],[9.45162922,45.49159644],[9.45198409,45.4920631],[9.4519843,45.49299021],[9.45221782,45.49338533],[9.45292729,45.49338252],[9.45771483,45.49301689],[9.45811614,45.4929883],[9.45783733,45.49174726],[9.45829729,45.4916554],[9.45926991,45.4916515],[9.46012403,45.491243],[9.46528712,45.49037599],[9.46489655,45.49112467],[9.46617615,45.49110146],[9.46650306,45.49194622],[9.46689983,45.49195359],[9.46747507,45.49341842],[9.46476558,45.49387054],[9.46651267,45.49776089],[9.46719056,45.4977041],[9.46782143,45.49969975],[9.46819237,45.49967124],[9.46849569,45.50074562],[9.46917686,45.50108037],[9.47011195,45.50116654],[9.47130177,45.50109863],[9.47196712,45.50106888],[9.47227861,45.50158065],[9.47334194,45.50169325],[9.47363664,45.50172805],[9.47402583,45.5023475],[9.47413192,45.50278812],[9.47486204,45.50284809],[9.47525915,45.50288244],[9.47576539,45.50371743],[9.47731297,45.50356697],[9.47768402,45.50354741],[9.47829613,45.50478699],[9.47956427,45.50488968],[9.48054822,45.50468753],[9.48081442,45.50438036],[9.48140047,45.50405386],[9.48228235,45.50389713],[9.4828426,45.5050469],[9.48242028,45.50505769],[9.48252998,45.50591233],[9.48352873,45.50594411],[9.48386863,45.50677077],[9.4860699,45.50670741],[9.48650045,45.50765068],[9.4886621,45.50744343],[9.48967757,45.50792514],[9.49046523,45.50870486],[9.49081533,45.50921641],[9.49128181,45.50986248],[9.49156649,45.5102123],[9.49396505,45.50927484],[9.49493926,45.51088181],[9.497058,45.51015253],[9.4966707,45.50978517],[9.4984842,45.50929121],[9.49859686,45.50926137]]]}},{"type":"Feature","properties":{"name":"Valera Fratta","istat_code":"098059","source":"ISTAT - Confini amministrativi 2022 non generalizzati, Comuni WGS84 / UTM Zone 32N","source_url":"https://www.istat.it/storage/cartografia/confini_amministrativi/non_generalizzati/Limiti01012022.zip"},"geometry":{"type":"Polygon","coordinates":[[[9.34203871,45.27036323],[9.34246174,45.26965319],[9.34384443,45.26742014],[9.34388662,45.26746776],[9.34488777,45.26837276],[9.34587109,45.26815977],[9.34670533,45.26786848],[9.34752034,45.26747225],[9.34824221,45.26703692],[9.34870526,45.26681237],[9.35007433,45.26588942],[9.349623,45.2649983],[9.35057627,45.26362973],[9.35132075,45.26240325],[9.35165665,45.26107],[9.35189222,45.26012039],[9.3519427,45.25991693],[9.35203981,45.25913351],[9.35154108,45.258865],[9.35082492,45.25847114],[9.35078147,45.25762515],[9.35125032,45.25718263],[9.35207794,45.25705406],[9.35206287,45.25667604],[9.35216259,45.25631568],[9.35259424,45.2560443],[9.35282191,45.25576456],[9.352947,45.25538611],[9.35345265,45.25471843],[9.35446509,45.25383315],[9.35394101,45.25332169],[9.35301724,45.25245141],[9.3511842,45.25071978],[9.35146214,45.25065398],[9.35157495,45.25062727],[9.35285989,45.25032306],[9.35342457,45.2501908],[9.35427942,45.24984608],[9.35404594,45.24970278],[9.3537375,45.24928067],[9.35340444,45.24900265],[9.35321118,45.2486612],[9.35280135,45.2483294],[9.35214937,45.24798937],[9.35136963,45.2475957],[9.35097482,45.24763292],[9.35024933,45.24777018],[9.34952146,45.24739434],[9.34867634,45.24672182],[9.34817642,45.24623727],[9.3479582,45.24597687],[9.3485536,45.245534],[9.3491506,45.24522612],[9.34960925,45.24521572],[9.35030097,45.24580769],[9.35072164,45.2458334],[9.35177768,45.24557811],[9.3526068,45.24571959],[9.35403902,45.24653428],[9.35590343,45.24730263],[9.35628633,45.24740045],[9.35693405,45.24705636],[9.35747909,45.24659559],[9.35858406,45.24601603],[9.35925673,45.24559083],[9.35908807,45.2451143],[9.35857568,45.24468383],[9.35900431,45.24407939],[9.35939543,45.24346606],[9.35897275,45.24311633],[9.35768208,45.24251728],[9.35734881,45.24220327],[9.35836134,45.24111993],[9.35906878,45.24015455],[9.35940603,45.23920833],[9.35950373,45.23866793],[9.35904315,45.23836334],[9.35849448,45.238104],[9.35795127,45.23871782],[9.35730534,45.23933194],[9.35664698,45.24000011],[9.35606332,45.240389],[9.35491429,45.24001451],[9.35408418,45.23970203],[9.35371398,45.23958615],[9.35349984,45.23985687],[9.35279166,45.24071419],[9.35191324,45.24083392],[9.35095744,45.24080086],[9.35024178,45.240452],[9.34939902,45.24014852],[9.34906751,45.24011353],[9.34757467,45.24172035],[9.34595368,45.2412572],[9.34577728,45.24171231],[9.34574041,45.24180694],[9.34583227,45.24185166],[9.34683938,45.2423347],[9.34583812,45.24321087],[9.34514161,45.24378907],[9.3445073,45.24425006],[9.34419097,45.24462009],[9.3441152,45.24453531],[9.34402941,45.24439884],[9.34393484,45.24433718],[9.34379298,45.24434011],[9.34363727,45.24434333],[9.34346855,45.2443369],[9.34322477,45.24433476],[9.34306983,45.24433686],[9.3427829,45.24435257],[9.34228745,45.2443874],[9.3419475,45.24437508],[9.34185298,45.24437987],[9.34175428,45.24442902],[9.34150963,45.24456647],[9.34128872,45.2447272],[9.34104535,45.244874],[9.3408935,45.24494514],[9.34076309,45.24501146],[9.34063778,45.24492777],[9.34092652,45.24475989],[9.34085792,45.24466394],[9.34032436,45.2441655],[9.33976497,45.24389792],[9.3392201,45.24378414],[9.33836255,45.24370975],[9.3376546,45.24362532],[9.33704153,45.24348289],[9.33657818,45.24324036],[9.33440302,45.24589632],[9.33357921,45.24655251],[9.33256102,45.2472781],[9.33212304,45.24731379],[9.33066605,45.2479374],[9.32785232,45.24970041],[9.32260274,45.2460064],[9.3223605,45.24588097],[9.32196591,45.24567506],[9.32177372,45.24548657],[9.32178336,45.24508147],[9.32183196,45.24480228],[9.32192004,45.244604],[9.3221227,45.24438739],[9.32243967,45.24410747],[9.3217385,45.24404643],[9.32147168,45.2441822],[9.32102766,45.24424646],[9.32072091,45.2440763],[9.32045262,45.24395103],[9.32008296,45.24392506],[9.31977756,45.24399792],[9.3197116,45.24404683],[9.31946888,45.244235],[9.31930983,45.24466534],[9.31928617,45.24498946],[9.31896803,45.24506236],[9.31859914,45.24517592],[9.31842271,45.24538793],[9.31843678,45.24562194],[9.31837432,45.24584715],[9.31805621,45.24592904],[9.31775029,45.2459119],[9.31754522,45.24569643],[9.31756924,45.24543532],[9.31750766,45.24495842],[9.31750266,45.24491793],[9.31744361,45.24489558],[9.31719702,45.24480625],[9.31663691,45.24490682],[9.31642147,45.24511446],[9.31623086,45.24535352],[9.31609251,45.24552289],[9.31593975,45.24570988],[9.31568646,45.24598963],[9.31545864,45.24612528],[9.31507633,45.24611734],[9.31496515,45.2460498],[9.31469275,45.24588436],[9.31424546,45.24564255],[9.31396533,45.24568382],[9.31387735,45.2459046],[9.31395525,45.24616542],[9.31404295,45.24640921],[9.31407173,45.24648915],[9.31403493,45.24675031],[9.31374309,45.24697615],[9.31318247,45.24698669],[9.31287601,45.2468705],[9.31251808,45.24666446],[9.31191956,45.24658507],[9.31181962,45.24695441],[9.3121015,45.24723267],[9.31233235,45.2475021],[9.31184837,45.24754842],[9.31144274,45.24764517],[9.31138246,45.24766877],[9.31122584,45.24789218],[9.31121458,45.24816225],[9.31129331,45.2485761],[9.31132015,45.24882807],[9.31102846,45.24908091],[9.31069683,45.2490278],[9.31039141,45.24895662],[9.31040561,45.24922664],[9.31034372,45.24955985],[9.31028169,45.24986608],[9.31025761,45.25012718],[9.31020855,45.25033434],[9.31020062,45.25121651],[9.31030388,45.25145926],[9.31040742,45.25174703],[9.31047284,45.2520619],[9.31057714,45.2524937],[9.31068063,45.25277245],[9.3108482,45.25312305],[9.31111705,45.25334736],[9.31155018,45.25360723],[9.31184461,45.25384946],[9.31221586,45.2541545],[9.31253614,45.25445966],[9.3129587,45.25481856],[9.31336869,45.25521351],[9.31376588,45.25559948],[9.31426549,45.25606619],[9.31461149,45.25640728],[9.31499765,45.25681129],[9.31509348,45.25685603],[9.31533244,45.25713891],[9.31545523,45.2573051],[9.31553025,45.25747593],[9.31558915,45.25761079],[9.31562388,45.25784472],[9.31562065,45.25812378],[9.31546912,45.25837624],[9.31536539,45.25848904],[9.31528531,45.25855677],[9.31509166,45.25868332],[9.31496414,45.25881871],[9.31496564,45.25894473],[9.31496604,45.25901674],[9.31503402,45.25921008],[9.31522753,45.25962811],[9.31551046,45.2600864],[9.31621484,45.26069654],[9.31665085,45.26117242],[9.31726624,45.26181883],[9.31794435,45.26242002],[9.31822672,45.26277029],[9.31862367,45.26309325],[9.31926284,45.26342451],[9.31979967,45.26369305],[9.320171,45.26398907],[9.32056814,45.26434801],[9.32094047,45.26482404],[9.3212481,45.26526425],[9.32146721,45.26569569],[9.32192936,45.26627048],[9.32244147,45.26666509],[9.32262987,45.26682904],[9.3228642,45.26703297],[9.32302022,45.26714955],[9.32337684,45.26723854],[9.32415535,45.26739838],[9.32511524,45.26765669],[9.32567562,45.26784412],[9.32572657,45.267979],[9.32533781,45.26868222],[9.32503248,45.2687911],[9.32503356,45.26898013],[9.32532288,45.26927634],[9.32582245,45.269698],[9.32630924,45.27011066],[9.32677016,45.2704604],[9.32791826,45.27032209],[9.32824706,45.27027615],[9.32926264,45.2695441],[9.32950786,45.26965141],[9.33239387,45.27092125],[9.33256525,45.26970556],[9.33439001,45.27001528],[9.3368146,45.27044023],[9.33842161,45.27084054],[9.33974869,45.27105264],[9.34055248,45.27116727],[9.34145015,45.27130728],[9.34174405,45.27079724],[9.34203871,45.27036323]]]}},{"type":"Feature","properties":{"name":"Vidigulfo","istat_code":"018176","source":"ISTAT - Confini amministrativi 2022 non generalizzati, Comuni WGS84 / UTM Zone 32N","source_url":"https://www.istat.it/storage/cartografia/confini_amministrativi/non_generalizzati/Limiti01012022.zip"},"geometry":{"type":"Polygon","coordinates":[[[9.22662914,45.32074176],[9.22817677,45.31850633],[9.23097384,45.31951787],[9.23282734,45.31724576],[9.23455286,45.31800735],[9.23535705,45.31839275],[9.23602206,45.31867043],[9.23659684,45.31892128],[9.23701839,45.31904642],[9.23732483,45.31909978],[9.23770593,45.31870294],[9.23804902,45.31836916],[9.23830292,45.3180626],[9.23854376,45.31778305],[9.23895112,45.31756616],[9.23935985,45.31767333],[9.23966667,45.31782571],[9.23999665,45.31750096],[9.2387446,45.31699952],[9.24008963,45.31534944],[9.24298986,45.31642347],[9.24329552,45.3162968],[9.24354947,45.31610723],[9.24377817,45.31588171],[9.24389213,45.31568344],[9.24382723,45.31542254],[9.24123389,45.31441989],[9.24254135,45.3129679],[9.24359457,45.31165147],[9.24416547,45.31100215],[9.2443432,45.31080375],[9.24352544,45.31040042],[9.2421452,45.30981827],[9.24370645,45.30798766],[9.24441687,45.30716703],[9.24413573,45.3070506],[9.24384182,45.30683519],[9.24399486,45.30657659],[9.24403821,45.30655685],[9.24429894,45.30643816],[9.24466859,45.30637436],[9.24487184,45.3061759],[9.24503583,45.30575249],[9.24521282,45.30538304],[9.24536497,45.30516668],[9.24443175,45.30469162],[9.24398809,45.30525065],[9.24234079,45.30473208],[9.24292392,45.30397472],[9.24315206,45.30363218],[9.24331646,45.30329878],[9.24309842,45.3030202],[9.24289374,45.30287662],[9.24296891,45.30256141],[9.24318475,45.30232692],[9.24407575,45.30189295],[9.24419523,45.30185621],[9.24463582,45.30172073],[9.24518366,45.30157552],[9.24560401,45.3014486],[9.24592477,45.30125023],[9.24599836,45.30120472],[9.24636735,45.3010869],[9.24676287,45.30111306],[9.24719632,45.3010671],[9.24757866,45.30099432],[9.24763075,45.3009844],[9.24801155,45.30091232],[9.24838096,45.30080349],[9.24877562,45.30063161],[9.25021263,45.29975535],[9.25184085,45.29886063],[9.25276425,45.29836857],[9.25603888,45.29662344],[9.25642041,45.29637956],[9.25668628,45.2960369],[9.25695187,45.29554124],[9.25730677,45.29505435],[9.25759807,45.29460362],[9.25781233,45.29404506],[9.25815214,45.29304514],[9.2584041,45.29236046],[9.25863016,45.29168484],[9.25889493,45.29101813],[9.25913446,45.2904055],[9.25936145,45.2898469],[9.2594332,45.2897162],[9.2595891,45.28943232],[9.25963691,45.28935621],[9.25980433,45.28908977],[9.25989364,45.28892775],[9.26008256,45.28858506],[9.2605779,45.28824189],[9.26099766,45.28800688],[9.26123966,45.28794783],[9.26140526,45.28790693],[9.26174912,45.28781613],[9.26241224,45.28790463],[9.26230913,45.28767083],[9.26228279,45.28740086],[9.26240851,45.28709451],[9.26272659,45.28694075],[9.26324955,45.28697555],[9.26374748,45.28710944],[9.26418107,45.28719844],[9.26453826,45.28723361],[9.26485709,45.28724189],[9.26513735,45.28717823],[9.2655071,45.28716837],[9.26581289,45.28720367],[9.2663998,45.2872743],[9.26673127,45.28725552],[9.26703734,45.28726382],[9.2672275,45.28702933],[9.26686913,45.28674212],[9.26651125,45.28656294],[9.26622954,45.28631155],[9.26611207,45.28573574],[9.26551221,45.28561561],[9.26515504,45.28558943],[9.26482357,45.2855992],[9.26451778,45.28565392],[9.26417386,45.28573574],[9.26370316,45.28570982],[9.26310342,45.28562118],[9.26278451,45.28559491],[9.26208263,45.2854705],[9.26209246,45.28539882],[9.26218132,45.28475017],[9.26252153,45.28386724],[9.26297536,45.28274103],[9.26335295,45.28167799],[9.26370571,45.28075903],[9.2639449,45.28022335],[9.26398332,45.2801373],[9.26433749,45.27952439],[9.26458903,45.27903771],[9.26479107,45.27861418],[9.26494234,45.27824478],[9.26509331,45.27781235],[9.26519289,45.27729005],[9.26293543,45.27685419],[9.26340243,45.27583595],[9.26236752,45.27535226],[9.26120503,45.27484184],[9.25952054,45.27422459],[9.25888692,45.27506316],[9.2581275,45.27628007],[9.25672339,45.27590517],[9.25726698,45.27487779],[9.25743185,45.27467523],[9.25796428,45.27402107],[9.25840799,45.27347099],[9.25891532,45.27298376],[9.2593206,45.27239776],[9.25975091,45.27171266],[9.26004098,45.2711089],[9.2603689,45.27042405],[9.26072283,45.26976613],[9.26101366,45.26925238],[9.2613677,45.26862149],[9.26165836,45.26807174],[9.26193654,45.26757601],[9.26225323,45.26714323],[9.26258245,45.26666539],[9.26289842,45.26607956],[9.26327831,45.26553861],[9.26368327,45.26498857],[9.26393634,45.26458294],[9.26425329,45.26421314],[9.26455805,45.2639694],[9.26492604,45.26360848],[9.26510353,45.26340104],[9.26533216,45.26322949],[9.26568788,45.26306662],[9.26592789,45.26268802],[9.26604161,45.26247171],[9.26625741,45.26228218],[9.267147,45.26172202],[9.26747832,45.26170323],[9.26784608,45.26130631],[9.26794652,45.26098201],[9.26845596,45.26089981],[9.26867391,45.26116933],[9.26900436,45.26097053],[9.26913053,45.26078119],[9.26939649,45.26042051],[9.26868147,45.26007114],[9.26913821,45.25971001],[9.26771977,45.25884021],[9.26918029,45.25773859],[9.2676605,45.25707605],[9.26634417,45.25630501],[9.26664798,45.25586322],[9.26701613,45.25555632],[9.26732099,45.25533957],[9.2678168,45.25507737],[9.26634941,45.25461272],[9.266031,45.25448744],[9.26585144,45.25432583],[9.26568462,45.25408319],[9.26536522,45.25391289],[9.26456119,45.25366274],[9.26415336,45.25357366],[9.26357962,45.25352097],[9.26308235,45.2534681],[9.26267402,45.25327101],[9.2625197,45.25296533],[9.26250487,45.2525963],[9.26261793,45.25224498],[9.26278211,45.25192055],[9.26281918,45.25166842],[9.26288078,45.25120921],[9.26281484,45.25064227],[9.26254622,45.25050787],[9.26216506,45.25076078],[9.26206399,45.25095005],[9.26163244,45.25132909],[9.26145501,45.25153654],[9.2613671,45.25173477],[9.26127897,45.251969],[9.26097754,45.25285184],[9.25957441,45.25256699],[9.25810824,45.25515374],[9.25719998,45.25713611],[9.25765889,45.25724309],[9.2579907,45.25734135],[9.25827222,45.25759276],[9.25814622,45.2579081],[9.25796881,45.25813353],[9.25758823,45.25853045],[9.25733501,45.25890009],[9.25736236,45.25931409],[9.25778352,45.25943916],[9.2581019,45.25938443],[9.25831748,45.2591409],[9.25851978,45.25878039],[9.2586967,45.25844694],[9.25892448,45.25808635],[9.25926708,45.25784255],[9.25954726,45.25779689],[9.2599431,45.25795801],[9.25994429,45.25821907],[9.25989483,45.25855223],[9.25984521,45.25884939],[9.25968132,45.25924583],[9.25944118,45.25968744],[9.25926417,45.26000289],[9.25902388,45.2604175],[9.25873309,45.26085024],[9.25850486,45.2611118],[9.2582136,45.26152652],[9.25708694,45.26323933],[9.25835008,45.26351553],[9.25784347,45.26423678],[9.25742505,45.26472382],[9.25661349,45.26566179],[9.25587314,45.26542942],[9.25508867,45.26673637],[9.2548884,45.26666931],[9.2544895,45.26653968],[9.25201351,45.26576205],[9.25083936,45.26534155],[9.25067504,45.26565697],[9.25049812,45.26600841],[9.25033395,45.26635983],[9.25009358,45.26677442],[9.24965051,45.26747751],[9.24895384,45.2684872],[9.24736039,45.26821161],[9.2471059,45.26841019],[9.24667414,45.26878919],[9.24653828,45.26892208],[9.24626833,45.26918612],[9.24573511,45.26969135],[9.24549442,45.27004293],[9.24522831,45.27041256],[9.24487342,45.27089039],[9.24469684,45.27133184],[9.24460919,45.27170109],[9.24427768,45.27159377],[9.24395812,45.27148645],[9.24325618,45.27129891],[9.24259352,45.27107529],[9.24209524,45.27091432],[9.24161019,45.27076232],[9.24112535,45.27066433],[9.24094879,45.27102475],[9.24074701,45.27153826],[9.24008653,45.27211574],[9.23967794,45.27196359],[9.23901381,45.27166792],[9.238896,45.27184699],[9.2387351,45.27209159],[9.23880029,45.27243349],[9.23889138,45.27287437],[9.23893118,45.27324336],[9.23904768,45.27366618],[9.23913896,45.27415206],[9.23871958,45.27446799],[9.23818462,45.27458611],[9.23819849,45.27485614],[9.23818677,45.27509921],[9.23807328,45.27539649],[9.23678578,45.27514712],[9.23712631,45.27426427],[9.2363485,45.27422987],[9.23627367,45.2746261],[9.23616,45.27488738],[9.23600919,45.27540977],[9.23564331,45.27633767],[9.23481378,45.27614135],[9.23367779,45.27581963],[9.23185475,45.2755443],[9.23129864,45.27674261],[9.23067238,45.27635681],[9.23026354,45.27614162],[9.22956043,45.27567495],[9.22876795,45.27516346],[9.22773295,45.27458044],[9.22719649,45.27432947],[9.22678926,45.27411424],[9.22644442,45.2739529],[9.22606166,45.27388165],[9.22575597,45.27395426],[9.22542527,45.27414395],[9.22526049,45.2743873],[9.22504474,45.27463077],[9.22471404,45.27482945],[9.22448555,45.27508194],[9.22427019,45.27542442],[9.22422017,45.27567657],[9.22404256,45.27590195],[9.22369835,45.27590262],[9.2233032,45.27592139],[9.22311267,45.2761018],[9.2228586,45.27633632],[9.22261704,45.27650783],[9.22232391,45.27653539],[9.22196695,45.27653609],[9.22164763,45.2763837],[9.22144527,45.27680715],[9.22106225,45.27666386],[9.22043711,45.27655706],[9.21969856,45.27648648],[9.21884391,45.27637109],[9.21801481,45.27626467],[9.2172239,45.27614015],[9.21642049,45.27608767],[9.21686517,45.27568175],[9.21646971,45.27561949],[9.2156147,45.27540509],[9.21395758,45.27514717],[9.21436351,45.27460632],[9.21335576,45.27445518],[9.21273069,45.27434831],[9.21297062,45.27373577],[9.21254932,45.27357453],[9.21247208,45.27337665],[9.21240761,45.27317874],[9.21247003,45.27282757],[9.21257114,45.27259335],[9.21265937,45.27232313],[9.21208599,45.27240522],[9.21133456,45.27259564],[9.21115745,45.27296502],[9.21110733,45.27319914],[9.21096793,45.27342445],[9.21068854,45.27371302],[9.21066463,45.27414512],[9.21071758,45.27467611],[9.21075763,45.27516211],[9.21084891,45.27571103],[9.2109789,45.27638589],[9.21124871,45.27694347],[9.21130367,45.27710462],[9.21144205,45.27751021],[9.21159728,45.27811302],[9.21179032,45.27859874],[9.21189391,45.27902161],[9.21191208,45.27912628],[9.21197207,45.27947155],[9.21195582,45.27977762],[9.21195174,45.27985422],[9.21194826,45.27992167],[9.21186794,45.28020261],[9.21183497,45.28031793],[9.21170824,45.28052519],[9.21156884,45.280755],[9.21122626,45.28109767],[9.21093198,45.28124675],[9.21079997,45.28131935],[9.21076775,45.28133707],[9.21046207,45.28142765],[9.21013097,45.28153627],[9.20969831,45.2817711],[9.20935623,45.28204178],[9.20909294,45.28231434],[9.20905137,45.28235739],[9.20878496,45.28271793],[9.20849349,45.28321353],[9.20825299,45.28369104],[9.20812659,45.28399733],[9.20800102,45.28452863],[9.20793859,45.28488882],[9.20768523,45.28534834],[9.20734208,45.285655],[9.20698629,45.28599771],[9.2065544,45.28645755],[9.20621154,45.28685425],[9.20593251,45.28726882],[9.20569154,45.2876293],[9.20529759,45.28800807],[9.2048526,45.28837792],[9.2043057,45.28877497],[9.2038748,45.2891808],[9.20345551,45.28961362],[9.20294729,45.2901366],[9.20207012,45.29090327],[9.20172553,45.29083188],[9.20138102,45.29077847],[9.2010113,45.29080613],[9.20084441,45.29105846],[9.20071981,45.29131972],[9.20119117,45.29118387],[9.20159954,45.29126416],[9.20196935,45.2912635],[9.20235201,45.29128084],[9.20294737,45.29116276],[9.20344846,45.29120688],[9.20386799,45.29117913],[9.20427581,45.29110639],[9.2046071,45.29102478],[9.2049382,45.29089816],[9.20520519,45.29067265],[9.20540824,45.29040225],[9.20543265,45.29009615],[9.20482307,45.29002524],[9.20493356,45.28961098],[9.2052011,45.28953849],[9.20558372,45.28955579],[9.20587706,45.28956428],[9.20614447,45.28945577],[9.20630954,45.28926644],[9.20621878,45.28885254],[9.20611608,45.28866369],[9.20633153,45.28829426],[9.20662462,45.28823971],[9.20691707,45.28800515],[9.20700548,45.28777096],[9.20729879,45.28777942],[9.20761795,45.28787786],[9.20794948,45.28786826],[9.20821664,45.28769673],[9.20841989,45.28748934],[9.20878919,45.28735365],[9.20904364,45.28719116],[9.20934789,45.28702856],[9.20957659,45.2868031],[9.20960134,45.28659604],[9.20916851,45.28647081],[9.20909074,45.28612889],[9.20954822,45.28602904],[9.20948348,45.28575912],[9.20978832,45.28543451],[9.2102986,45.28549659],[9.21066898,45.28565793],[9.21102681,45.28587329],[9.2114483,45.28606154],[9.21197005,45.28577253],[9.21217325,45.28555613],[9.21264509,45.28556425],[9.21312989,45.28563535],[9.21362715,45.28562543],[9.21412364,45.28540846],[9.21440276,45.28502987],[9.21462976,45.28467839],[9.21473077,45.28441716],[9.21531653,45.28420904],[9.21560969,45.28418148],[9.21590291,45.28416291],[9.21620815,45.28395531],[9.21633453,45.28365803],[9.21711236,45.28366555],[9.21692327,45.284242],[9.21665775,45.28482759],[9.21630325,45.28549437],[9.2160752,45.28588186],[9.21578314,45.28620646],[9.21554213,45.28653998],[9.21533983,45.28699943],[9.21797946,45.28700341],[9.2190173,45.28829764],[9.21889441,45.28833008],[9.21506815,45.2893403],[9.21530007,45.28996997],[9.21542937,45.29043779],[9.21539356,45.29108597],[9.21544716,45.29176996],[9.21537315,45.29242722],[9.2152741,45.29321951],[9.21517423,45.29378679],[9.21492222,45.29459739],[9.2150564,45.29458537],[9.21697482,45.29441349],[9.21687487,45.29496276],[9.21649396,45.29540456],[9.21606252,45.29598146],[9.21564371,45.29652232],[9.21537537,45.29695361],[9.21535216,45.29699095],[9.21503467,45.2973516],[9.21447552,45.29789274],[9.21395376,45.29809174],[9.21343203,45.29829976],[9.21285934,45.29863387],[9.21203207,45.29910349],[9.21185527,45.29947287],[9.21184377,45.29980595],[9.21188265,45.30008492],[9.21202414,45.30029169],[9.21396341,45.30040712],[9.21437032,45.30043134],[9.21440482,45.29943211],[9.21446614,45.2987839],[9.21523047,45.29853941],[9.21604615,45.29838486],[9.21677262,45.29824845],[9.21732049,45.2981034],[9.21798254,45.29790411],[9.21876017,45.29780361],[9.21941011,45.29788336],[9.2200483,45.29800816],[9.22062262,45.29810606],[9.22112881,45.29820861],[9.22127359,45.29823982],[9.22103365,45.29885239],[9.22155753,45.29909441],[9.22147025,45.29960765],[9.22270811,45.2998843],[9.22364684,45.29992547],[9.22369036,45.29992738],[9.22325779,45.30019827],[9.22281247,45.30047819],[9.22251496,45.3006893],[9.22245632,45.30073091],[9.22217696,45.3010465],[9.22193671,45.30147905],[9.22179756,45.30177636],[9.22155594,45.30196586],[9.22093104,45.30198506],[9.22031928,45.30211226],[9.21996263,45.30223897],[9.21946567,45.30236595],[9.21882925,45.30261021],[9.21839644,45.30272806],[9.2179415,45.30289638],[9.21778507,45.30295427],[9.21764721,45.30301199],[9.2175434,45.30305545],[9.21728841,45.30316224],[9.21735293,45.30336014],[9.21754511,45.30358481],[9.2178395,45.30384528],[9.21804481,45.30416896],[9.21799528,45.30455611],[9.21794598,45.30500627],[9.21793492,45.30544735],[9.2178856,45.30588851],[9.21784891,45.30630264],[9.2178887,45.30669864],[9.2179119,45.30679326],[9.2179482,45.30694139],[9.21799236,45.30712151],[9.21799316,45.30732853],[9.21790479,45.30757174],[9.21719477,45.30870725],[9.21785903,45.30884102],[9.21872657,45.30918141],[9.21992692,45.30949415],[9.22006407,45.30867476],[9.22030483,45.30826025],[9.22053231,45.30771071],[9.22074777,45.30735024],[9.22091242,45.30704389],[9.22102613,45.30676462],[9.22160036,45.30681752],[9.22116949,45.30754745],[9.22096708,45.30797992],[9.22080243,45.30828627],[9.22067591,45.30855657],[9.2203851,45.30922324],[9.22148289,45.30941014],[9.22101274,45.31057348],[9.22083851,45.31100462],[9.22159083,45.31102117],[9.22280309,45.31110883],[9.2222088,45.31246019],[9.22163913,45.31359546],[9.22148865,45.31426186],[9.22214019,45.31449462],[9.22111225,45.31579282],[9.22107561,45.31620696],[9.22107694,45.31654901],[9.22117997,45.31689987],[9.22134651,45.31707956],[9.22181886,45.31715065],[9.22218881,45.31714093],[9.22269914,45.31713994],[9.22328556,45.3171208],[9.22379606,45.3171648],[9.22423021,45.31725397],[9.22409275,45.31778531],[9.22295223,45.31975884],[9.22260967,45.32025458],[9.2252896,45.32078941],[9.22466905,45.32196981],[9.22575514,45.32235472],[9.22599292,45.32191591],[9.22662914,45.32074176]]]}},{"type":"Feature","properties":{"name":"Villanova del Sillaro","istat_code":"098060","source":"ISTAT - Confini amministrativi 2022 non generalizzati, Comuni WGS84 / UTM Zone 32N","source_url":"https://www.istat.it/storage/cartografia/confini_amministrativi/non_generalizzati/Limiti01012022.zip"},"geometry":{"type":"Polygon","coordinates":[[[9.4761019,45.25838669],[9.47659675,45.2583126],[9.47699149,45.25836496],[9.47792471,45.25870312],[9.47863366,45.25813306],[9.47941926,45.25749066],[9.48061327,45.25805274],[9.48108479,45.2577627],[9.48140023,45.25748232],[9.48186771,45.25690426],[9.48217708,45.2559038],[9.48216984,45.25504868],[9.4814546,45.25477265],[9.4815306,45.25434027],[9.48017317,45.25299577],[9.47810207,45.25164523],[9.47659041,45.2507964],[9.47650916,45.25050869],[9.47656095,45.25031946],[9.47658337,45.25023835],[9.47713821,45.25029904],[9.4780846,45.24965598],[9.48054141,45.25000572],[9.48098378,45.25032791],[9.48102121,45.25032775],[9.48133877,45.25048844],[9.48181465,45.25063047],[9.48260694,45.25069913],[9.4830818,45.25062511],[9.48331649,45.25040808],[9.48344875,45.2503175],[9.48363016,45.25020423],[9.48394131,45.24970332],[9.48417964,45.2496303],[9.48441379,45.24935026],[9.48631405,45.24934218],[9.48734621,45.24961683],[9.48798061,45.24975816],[9.48766529,45.25004755],[9.48751232,45.25031824],[9.48704416,45.25117538],[9.48611007,45.25297065],[9.48564441,45.2540348],[9.4860421,45.25424915],[9.48675314,45.25403008],[9.48714775,45.25388437],[9.48857231,45.25402232],[9.48952393,45.25409025],[9.4905544,45.25415783],[9.49169456,45.25415293],[9.49277182,45.25414829],[9.49372186,45.25421621],[9.49570113,45.25420764],[9.49641541,45.25427654],[9.49688932,45.25427448],[9.49727753,45.25348965],[9.49766386,45.25248881],[9.49925198,45.25284194],[9.49932625,45.25240955],[9.49963494,45.25155306],[9.49923818,45.25126674],[9.49946832,45.25062663],[9.4994968,45.25032947],[9.49954032,45.2498432],[9.49985169,45.24920273],[9.50024513,45.24884096],[9.50040094,45.24862423],[9.50047479,45.24805681],[9.50054612,45.24720136],[9.50045725,45.24605857],[9.50037548,45.24563585],[9.50037027,45.2451318],[9.50036837,45.24491577],[9.50133783,45.24491152],[9.50242696,45.24490673],[9.50250833,45.24519442],[9.50259019,45.24562612],[9.5026562,45.24568279],[9.50283011,45.24583211],[9.50299258,45.24619145],[9.50338759,45.24618971],[9.50362632,45.24626066],[9.50370747,45.24661136],[9.50379221,45.24718708],[9.50387733,45.24789784],[9.50395953,45.24818552],[9.50570031,45.24824984],[9.50601047,45.24739332],[9.50607026,45.245528],[9.50607222,45.24546673],[9.50637774,45.24417817],[9.50598138,45.24411692],[9.5050283,45.24368905],[9.50510333,45.24325666],[9.50517841,45.24283326],[9.50422919,45.24283746],[9.5043042,45.24240505],[9.50431805,45.24227071],[9.50437754,45.24169361],[9.5046119,45.24126951],[9.50484647,45.24105243],[9.5051607,45.240835],[9.5058753,45.24104788],[9.50714335,45.2412583],[9.50817481,45.24146074],[9.50836832,45.24145988],[9.50886755,45.24082754],[9.50826617,45.24054217],[9.50887721,45.23905422],[9.50825092,45.23883197],[9.50730669,45.23867414],[9.50676927,45.23841548],[9.50657553,45.23811928],[9.50625608,45.23792267],[9.50660672,45.23732703],[9.50817688,45.23767111],[9.50918688,45.23806267],[9.50953237,45.23823215],[9.50926861,45.23865641],[9.50926997,45.23880942],[9.50970501,45.23901452],[9.51013352,45.23849053],[9.51060095,45.23804736],[9.51065062,45.23790311],[9.51026585,45.23761678],[9.51084689,45.2370561],[9.51156612,45.23627875],[9.51214495,45.23547503],[9.51230748,45.23513224],[9.51239358,45.23478979],[9.51250299,45.2342042],[9.51180215,45.23418934],[9.51037351,45.2339887],[9.50925068,45.23379569],[9.50783567,45.23369396],[9.50686372,45.23327521],[9.50668461,45.23310012],[9.50658471,45.23300245],[9.50628622,45.23271067],[9.50537976,45.23248965],[9.50468024,45.23261876],[9.50366016,45.23251526],[9.50261598,45.23247486],[9.50262067,45.23242386],[9.50269738,45.23159234],[9.50280559,45.23086274],[9.50283762,45.23016048],[9.5020722,45.23003783],[9.50174449,45.23043535],[9.49938676,45.23022964],[9.49918482,45.22898831],[9.49907237,45.2277826],[9.49901315,45.22683771],[9.49909255,45.22572117],[9.49896178,45.22533468],[9.4975701,45.22496269],[9.49729073,45.22490771],[9.49501901,45.22446069],[9.49412623,45.22432953],[9.4931813,45.22553081],[9.49245537,45.2270192],[9.49194343,45.2282186],[9.49184109,45.22884243],[9.49115791,45.23019332],[9.49109733,45.23042265],[9.49102221,45.23070699],[9.4916736,45.23090221],[9.49170077,45.23110013],[9.49135207,45.23202878],[9.49097689,45.23284052],[9.48983956,45.23243134],[9.48869,45.23189619],[9.4877697,45.23153555],[9.48736194,45.2315238],[9.48621008,45.23388709],[9.48471666,45.23336236],[9.48248114,45.23264269],[9.48230202,45.2326005],[9.4818429,45.23249236],[9.48193933,45.23184385],[9.48199596,45.23100648],[9.48198239,45.23090752],[9.48057712,45.23043636],[9.48061122,45.22995014],[9.4797508,45.22912562],[9.47871034,45.2280048],[9.4782471,45.22744863],[9.47845639,45.22658361],[9.47856697,45.22609707],[9.47777308,45.22560532],[9.47668821,45.2253488],[9.47593657,45.22533394],[9.47545146,45.22654217],[9.47496683,45.22800242],[9.47461908,45.22907505],[9.47430474,45.22957143],[9.4738586,45.22953728],[9.47350536,45.22995281],[9.47238206,45.22967841],[9.47077302,45.22919898],[9.46878215,45.22875709],[9.46734067,45.22841194],[9.46602629,45.22812927],[9.46464983,45.22804486],[9.46364639,45.22839999],[9.46313335,45.22953627],[9.46241347,45.2303043],[9.46223492,45.23185329],[9.46193548,45.23262863],[9.46127202,45.23250529],[9.45961458,45.23214292],[9.45927062,45.2321443],[9.45849702,45.23257948],[9.45794075,45.2331128],[9.45625596,45.23261546],[9.45509383,45.23226004],[9.45492687,45.23208966],[9.45472117,45.23185645],[9.45376239,45.2314372],[9.45371751,45.23060024],[9.45388797,45.22960939],[9.45421443,45.22901399],[9.45481221,45.22889459],[9.45552783,45.22917978],[9.45629257,45.22923074],[9.45673365,45.22863489],[9.45637194,45.22800623],[9.4560116,45.2275486],[9.45584243,45.22709918],[9.45546891,45.22658758],[9.4551691,45.22648772],[9.45488142,45.22639189],[9.45451158,45.22633937],[9.45429592,45.22644824],[9.45381467,45.2267022],[9.45344656,45.22686569],[9.45321779,45.22692961],[9.45289406,45.22696547],[9.45289409,45.22666985],[9.45116635,45.22645165],[9.45036159,45.22616678],[9.44914048,45.2258576],[9.44813103,45.22598652],[9.44747135,45.22633115],[9.44677911,45.22739605],[9.4467777,45.22863825],[9.44675842,45.22943046],[9.4458736,45.22994536],[9.44478659,45.22977122],[9.44296169,45.22935523],[9.4411618,45.22914725],[9.44009785,45.22945632],[9.43939095,45.23029618],[9.43919186,45.23090904],[9.43941251,45.23143929],[9.43961163,45.23182212],[9.4399223,45.23241931],[9.44036567,45.23321815],[9.44076233,45.23360078],[9.44143431,45.23424896],[9.44189788,45.23488628],[9.44168633,45.23549838],[9.44073663,45.23544029],[9.43983878,45.23550632],[9.43906026,45.23596372],[9.437911,45.23663891],[9.43783199,45.23676751],[9.43734552,45.23755924],[9.43689605,45.23875815],[9.43633088,45.2398225],[9.43558681,45.24061746],[9.43455699,45.24090943],[9.43396037,45.24119974],[9.43374904,45.24189366],[9.43342045,45.24224597],[9.43296265,45.24236473],[9.43111266,45.24265852],[9.43095146,45.24261943],[9.43036969,45.24246603],[9.43035937,45.24183448],[9.43050566,45.24096077],[9.42974416,45.2406508],[9.42903964,45.24085828],[9.42869901,45.24130963],[9.42843676,45.24190922],[9.42841092,45.24196783],[9.42845203,45.24235474],[9.42828945,45.2427604],[9.42830401,45.24300339],[9.4285747,45.24341645],[9.42865282,45.24342515],[9.42926416,45.24349486],[9.43000309,45.24359111],[9.43053011,45.24367013],[9.43074805,45.24370362],[9.43155942,45.24382827],[9.43274636,45.24408482],[9.43311672,45.24419594],[9.43295989,45.24535773],[9.4350934,45.24608324],[9.43505895,45.24657846],[9.43641148,45.24681633],[9.43705406,45.24596774],[9.4355716,45.24540181],[9.43599651,45.24431101],[9.43825172,45.24429338],[9.43811776,45.24509952],[9.43950449,45.24647142],[9.43830159,45.24746621],[9.44250231,45.24853919],[9.44267714,45.24807942],[9.44451295,45.24828833],[9.44528539,45.24766423],[9.44637792,45.24723688],[9.44704195,45.24741432],[9.44738824,45.24770101],[9.44748075,45.24812371],[9.4487456,45.24854183],[9.45023841,45.24877899],[9.45054189,45.24848075],[9.45099134,45.24740779],[9.45157192,45.24670338],[9.45139025,45.24629003],[9.4516043,45.24596513],[9.45282959,45.24481261],[9.45289354,45.24484384],[9.45289356,45.24464581],[9.45329204,45.24438319],[9.45523324,45.24493357],[9.45582383,45.24399505],[9.45668004,45.24430668],[9.45617987,45.24549687],[9.45629242,45.24551683],[9.45846402,45.24590179],[9.4582406,45.24664081],[9.45905719,45.2469706],[9.45844997,45.24910637],[9.46018552,45.24941445],[9.46007738,45.250126],[9.4599984,45.25030635],[9.45884415,45.25305644],[9.46147517,45.25376595],[9.46184591,45.25253126],[9.4621191,45.251648],[9.46233304,45.25131409],[9.46468015,45.25169163],[9.46442075,45.25270084],[9.46408444,45.25355735],[9.46384686,45.25411641],[9.46383498,45.25422447],[9.46543026,45.25459605],[9.4671163,45.25505723],[9.46775049,45.25528129],[9.46797267,45.25535978],[9.4681278,45.25562918],[9.46807179,45.25656558],[9.46791127,45.25719632],[9.46790016,45.25739442],[9.46880481,45.2573637],[9.4697762,45.25770175],[9.47023872,45.25814992],[9.47091799,45.25860621],[9.47233564,45.2589604],[9.47258891,45.25894678],[9.47396632,45.25887263],[9.47538984,45.25858768],[9.4761019,45.25838669]]]}},{"type":"Feature","properties":{"name":"Vizzolo Predabissi","istat_code":"015244","source":"ISTAT - Confini amministrativi 2022 non generalizzati, Comuni WGS84 / UTM Zone 32N","source_url":"https://www.istat.it/storage/cartografia/confini_amministrativi/non_generalizzati/Limiti01012022.zip"},"geometry":{"type":"Polygon","coordinates":[[[9.3504017,45.36949214],[9.35013824,45.36890423],[9.35102807,45.36895527],[9.35204442,45.36891631],[9.35217058,45.36877254],[9.35234839,45.36875405],[9.35234171,45.36767869],[9.35299231,45.36771714],[9.35340594,45.36687122],[9.35435444,45.36688149],[9.35456023,45.36526983],[9.35320639,45.36522003],[9.35372664,45.36309652],[9.35655616,45.36376353],[9.35694062,45.36002368],[9.35755275,45.35855558],[9.35930701,45.35875973],[9.35927325,45.35831645],[9.36043066,45.35853098],[9.36126961,45.35410521],[9.36046506,45.35406275],[9.36080865,45.35188335],[9.36172951,45.35014317],[9.36062905,45.34973259],[9.36103325,45.34905622],[9.36052082,45.3487698],[9.36155788,45.34724531],[9.36243132,45.34621056],[9.36185688,45.34609219],[9.35994008,45.34576519],[9.35806177,45.34546506],[9.35654154,45.34527179],[9.35656188,45.3444436],[9.35617871,45.34440879],[9.35632108,45.34354985],[9.35628513,45.34305827],[9.35525012,45.34288146],[9.35500189,45.34400739],[9.35483365,45.34405378],[9.35354924,45.34440795],[9.3532547,45.34425585],[9.35264002,45.34393371],[9.35217937,45.34375509],[9.35123329,45.34350597],[9.35001997,45.34339267],[9.34855636,45.34315503],[9.34875826,45.34286271],[9.34896818,45.34255877],[9.34926249,45.34192001],[9.34973244,45.3409],[9.3494844,45.34088552],[9.34914923,45.34086597],[9.347873,45.34088787],[9.34634066,45.3407755],[9.34574281,45.34111037],[9.34511613,45.34090523],[9.34380051,45.34074717],[9.34337911,45.34071244],[9.34302119,45.3406235],[9.34269255,45.34115557],[9.34205589,45.34140952],[9.34105017,45.34116148],[9.3412984,45.34067368],[9.34142279,45.34013322],[9.34084643,45.33980188],[9.33973491,45.33961617],[9.33921387,45.33999577],[9.33880936,45.34065408],[9.33791867,45.34111578],[9.33669529,45.34144344],[9.33533312,45.34205054],[9.33447172,45.34304242],[9.3345392,45.34378112],[9.33505528,45.34471574],[9.3357879,45.34556872],[9.33587767,45.34597379],[9.33590866,45.3461136],[9.33593904,45.34625072],[9.33596074,45.34634864],[9.33603708,45.34669314],[9.3362991,45.34782655],[9.33726155,45.34867882],[9.33819782,45.34941416],[9.33882803,45.35020441],[9.33850086,45.3509975],[9.33750652,45.35123447],[9.33649925,45.35144448],[9.33600239,45.35161696],[9.3359839,45.35167227],[9.33596319,45.3517341],[9.33580169,45.35222064],[9.33591445,45.35259061],[9.33595794,45.35273326],[9.33640673,45.35306498],[9.33656048,45.35315904],[9.33713708,45.35351289],[9.33747054,45.35377296],[9.33752039,45.3538358],[9.33785511,45.35425405],[9.33787982,45.35428479],[9.33795932,45.3543836],[9.3373125,45.35521264],[9.33726244,45.35527677],[9.33752153,45.3559061],[9.33789583,45.35658911],[9.3379447,45.35675548],[9.33802614,45.35702977],[9.33959459,45.35671007],[9.33944629,45.35752964],[9.33904784,45.35972567],[9.33896423,45.36018645],[9.33713549,45.3596968],[9.33666724,45.35959015],[9.33662569,45.35958128],[9.33654287,45.35956211],[9.33570352,45.35936796],[9.33517432,45.36055768],[9.33431822,45.3626215],[9.33545561,45.36278918],[9.33544872,45.36285245],[9.3354193,45.36312233],[9.33533689,45.36430174],[9.3350393,45.36431613],[9.33489008,45.36432106],[9.33497061,45.36498692],[9.33427059,45.36500898],[9.33402589,45.3650167],[9.33398696,45.36742767],[9.33397908,45.36791524],[9.33514235,45.36811887],[9.33592194,45.3683596],[9.33619187,45.36844364],[9.33622637,45.36845438],[9.33640889,45.36851119],[9.33758633,45.36894879],[9.33854653,45.36936001],[9.33971014,45.36961759],[9.34063149,45.36992989],[9.34147743,45.37044943],[9.34211952,45.3710416],[9.34222531,45.37164435],[9.34219147,45.37238256],[9.34252535,45.37268761],[9.34316655,45.37312675],[9.34355009,45.3731976],[9.34439341,45.37326707],[9.34448516,45.37365385],[9.34425763,45.37404158],[9.34429983,45.37468055],[9.34468464,45.37495843],[9.34559249,45.37513572],[9.34648868,45.37549305],[9.34696445,45.37602269],[9.34742626,45.37635433],[9.34787508,45.37665],[9.3484528,45.3771343],[9.34885094,45.37749315],[9.34928594,45.37761784],[9.34936917,45.3775842],[9.34975732,45.37742737],[9.34999844,45.37717459],[9.35012133,45.3763911],[9.3509237,45.37635611],[9.35097801,45.37635373],[9.35097273,45.37553035],[9.34993034,45.37547979],[9.34996524,45.37289881],[9.3509813,45.37280606],[9.35095156,45.37210717],[9.35107165,45.37097766],[9.3505627,45.37087169],[9.3504017,45.36949214]]]}},{"type":"Feature","properties":{"name":"Zeccone","istat_code":"018185","source":"ISTAT - Confini amministrativi 2022 non generalizzati, Comuni WGS84 / UTM Zone 32N","source_url":"https://www.istat.it/storage/cartografia/confini_amministrativi/non_generalizzati/Limiti01012022.zip"},"geometry":{"type":"Polygon","coordinates":[[[9.19936718,45.27321124],[9.19990063,45.27265223],[9.20006536,45.2723639],[9.20030608,45.27194041],[9.20054711,45.27159793],[9.20099186,45.27119207],[9.20129665,45.27086749],[9.20156308,45.27050697],[9.20170162,45.27002965],[9.20198043,45.26956107],[9.20294443,45.26820915],[9.20312294,45.26788478],[9.20327506,45.26765048],[9.20349116,45.26747906],[9.20397492,45.26730717],[9.20429288,45.26721659],[9.20461133,45.26715301],[9.20518489,45.26713399],[9.20547764,45.26712444],[9.20590989,45.26691664],[9.20599811,45.26663743],[9.20598417,45.26630441],[9.20593214,45.26601646],[9.20586724,45.26569253],[9.2057771,45.26544065],[9.20572525,45.26520669],[9.20581373,45.26499951],[9.20615725,45.26481885],[9.2064246,45.26472837],[9.20657686,45.26453906],[9.20649959,45.26431416],[9.20632022,45.26406245],[9.20620461,45.26381961],[9.20641951,45.26332415],[9.2065592,45.26300796],[9.20663444,45.26283767],[9.20668952,45.26270808],[9.20676083,45.2625404],[9.20719251,45.26208055],[9.20730599,45.26173828],[9.20726667,45.26144131],[9.20689678,45.26136997],[9.20652618,45.26110959],[9.20615539,45.26078621],[9.20572251,45.26057996],[9.20533905,45.26039162],[9.20498139,45.26017622],[9.20484042,45.25996046],[9.20508118,45.25957295],[9.20525877,45.2593386],[9.20521921,45.25896962],[9.20518099,45.25886166],[9.20509087,45.25860977],[9.20493622,45.25825],[9.20487079,45.25777304],[9.20489704,45.2575613],[9.20490949,45.25745791],[9.20493269,45.25726884],[9.20494014,45.25722683],[9.20498365,45.25698111],[9.20500765,45.25684564],[9.20495534,45.25647669],[9.20486438,45.25599076],[9.20479877,45.25546879],[9.20477203,45.25511779],[9.20475804,45.25477577],[9.20469307,45.25442483],[9.20452606,45.25405606],[9.20438526,45.25376826],[9.20438371,45.25333621],[9.20451026,45.25309293],[9.20453488,45.25302241],[9.20463602,45.25273265],[9.20468121,45.25249681],[9.20468605,45.25247152],[9.20444826,45.25203605],[9.20439141,45.25193196],[9.20425259,45.25158401],[9.20423708,45.25154518],[9.20424904,45.25132012],[9.20417108,45.25090619],[9.20418247,45.2505281],[9.20363535,45.25032204],[9.20294703,45.25026927],[9.20233355,45.25020734],[9.20204923,45.25032485],[9.20178359,45.25043335],[9.20151639,45.25055083],[9.20103284,45.25074973],[9.20049878,45.25096669],[9.19982429,45.25122891],[9.19918815,45.25152708],[9.19869219,45.25182499],[9.19831102,45.2521587],[9.19819564,45.25228537],[9.19803173,45.25246524],[9.19796883,45.25269939],[9.19774061,45.25286138],[9.19767643,45.25290694],[9.1973455,45.25302451],[9.19733431,45.2533576],[9.19715706,45.25358294],[9.19671394,45.25442983],[9.1966296,45.2558432],[9.19498426,45.25535095],[9.1935302,45.25500237],[9.19387167,45.25422767],[9.19264777,45.2539777],[9.19324223,45.25276149],[9.19333046,45.2524733],[9.19349507,45.25215797],[9.19358277,45.25171674],[9.19346672,45.25132088],[9.19335128,45.25109604],[9.19328615,45.25068208],[9.19352735,45.25041164],[9.19304461,45.2501514],[9.19243242,45.24988239],[9.1921893,45.24958576],[9.19184384,45.24928928],[9.19144834,45.24903792],[9.19115466,45.24885837],[9.19130612,45.24854307],[9.19145817,45.24829077],[9.19108842,45.24822838],[9.19062956,45.24819314],[9.19006925,45.24818508],[9.18950872,45.24823101],[9.18903722,45.24823179],[9.18846372,45.24820573],[9.18789001,45.24812567],[9.1872776,45.24790164],[9.18695889,45.24773113],[9.18666478,45.24754259],[9.18609168,45.24764254],[9.18586319,45.24791295],[9.18535342,45.24789578],[9.18481764,45.24771662],[9.18448601,45.24761814],[9.18457314,45.24697889],[9.18329938,45.24713397],[9.18271459,45.24718891],[9.18210261,45.24709087],[9.18155445,45.24701974],[9.18096809,45.24695765],[9.1799744,45.24703123],[9.17957951,45.24707687],[9.1789683,45.24721285],[9.17834408,45.24726784],[9.17775844,45.24743977],[9.17726201,45.24761157],[9.17658723,45.24780164],[9.17597575,45.2478566],[9.17523671,45.24787573],[9.17472842,45.24794854],[9.17410435,45.2480575],[9.17362033,45.24813024],[9.17354554,45.24867045],[9.17339548,45.24961584],[9.17308962,45.24960279],[9.17292473,45.25038168],[9.17239882,45.25333495],[9.17213628,45.25500961],[9.17262093,45.2551349],[9.17296534,45.25523339],[9.17327176,45.25541297],[9.1736549,45.25580844],[9.17470255,45.25665299],[9.17513738,45.2571474],[9.17530396,45.25743519],[9.17540713,45.25783109],[9.17545982,45.2583891],[9.17557596,45.25884799],[9.175845,45.25929765],[9.17624101,45.25958509],[9.17699521,45.26017802],[9.17785007,45.2608518],[9.17833653,45.26152615],[9.1787338,45.26220963],[9.17910559,45.26289317],[9.17937555,45.26362187],[9.17947945,45.2642338],[9.17941782,45.26489999],[9.17921575,45.26536839],[9.17883559,45.26596309],[9.17863363,45.26659349],[9.17848271,45.26725084],[9.17833125,45.26772816],[9.1780793,45.26855668],[9.17778899,45.26948428],[9.17762165,45.269846],[9.17745978,45.27019591],[9.18479201,45.27124644],[9.19035269,45.27199344],[9.19644822,45.27300026],[9.1967665,45.27287371],[9.19737919,45.27309769],[9.19796466,45.27315969],[9.1985258,45.27322171],[9.19898477,45.27322992],[9.19936718,45.27321124]]]}},{"type":"Feature","properties":{"name":"Zelo Buon Persico","istat_code":"098061","source":"ISTAT - Confini amministrativi 2022 non generalizzati, Comuni WGS84 / UTM Zone 32N","source_url":"https://www.istat.it/storage/cartografia/confini_amministrativi/non_generalizzati/Limiti01012022.zip"},"geometry":{"type":"Polygon","coordinates":[[[9.43668937,45.42136913],[9.43693696,45.42032404],[9.43793902,45.4195371],[9.43877763,45.4188948],[9.43981394,45.41902582],[9.44036345,45.41901471],[9.4407421,45.41840117],[9.44109485,45.41774272],[9.44150042,45.41740811],[9.44429945,45.41740625],[9.44525841,45.41745653],[9.44623656,45.4174077],[9.44884336,45.4174425],[9.45047806,45.41698151],[9.45069793,45.41650807],[9.45061791,45.41608534],[9.45070271,45.41549991],[9.45107176,45.41530043],[9.45154489,45.41533456],[9.45197056,45.41532388],[9.45278041,45.41480761],[9.45381218,45.41438046],[9.45531668,45.41393341],[9.45540743,45.41391253],[9.45555538,45.4138785],[9.45604354,45.41376622],[9.45663527,45.41363012],[9.45694951,45.41355785],[9.45858261,45.41321825],[9.46028089,45.4130404],[9.46112267,45.41282997],[9.46210249,45.41231294],[9.46234384,45.41213195],[9.46388221,45.41271978],[9.46535445,45.41302884],[9.46633971,45.41317785],[9.46759331,45.41331673],[9.46768239,45.41172317],[9.46834566,45.41156742],[9.46917384,45.41126697],[9.46967619,45.41020277],[9.46961792,45.40933889],[9.46836798,45.40808386],[9.46757548,45.4080601],[9.46713078,45.40836797],[9.46668568,45.40863082],[9.46595575,45.40844477],[9.46601401,45.40776045],[9.46624975,45.40690437],[9.46638426,45.40616572],[9.46612566,45.40579772],[9.46607231,45.40576057],[9.46487905,45.40492968],[9.46367329,45.4043675],[9.46277657,45.4040921],[9.46258319,45.40403505],[9.46222813,45.40393032],[9.46216018,45.40390792],[9.46166164,45.40369156],[9.46129385,45.40338805],[9.46127289,45.40336603],[9.46119381,45.40330548],[9.46096698,45.40311829],[9.46092311,45.40298161],[9.46082277,45.40266881],[9.46094652,45.40217324],[9.46138886,45.40157738],[9.46146963,45.40152409],[9.46155094,45.4014732],[9.46161477,45.40143242],[9.46201171,45.4011788],[9.46207714,45.40111554],[9.46270916,45.40052789],[9.46289697,45.39849286],[9.46227896,45.39771674],[9.46203207,45.39740721],[9.46151992,45.39724262],[9.46142723,45.39720883],[9.46086633,45.39702485],[9.45944672,45.39649238],[9.45861083,45.39617883],[9.45751053,45.39598522],[9.45584613,45.39555081],[9.45383589,45.39500073],[9.45302969,45.39483291],[9.45260535,45.39449254],[9.45246066,45.39397104],[9.45484943,45.39393455],[9.45588408,45.39391243],[9.45705844,45.39379072],[9.45730575,45.39277258],[9.45755726,45.39227652],[9.45780671,45.3915284],[9.45799137,45.39066354],[9.45708206,45.39037914],[9.45614394,45.38968981],[9.45614003,45.38920374],[9.4563778,45.38859071],[9.45598931,45.38793518],[9.45521717,45.38722717],[9.45457661,45.38699567],[9.45440823,45.3867083],[9.45496372,45.38588699],[9.45544273,45.38509297],[9.45681327,45.38397133],[9.45796941,45.3832016],[9.45843882,45.38280366],[9.45894703,45.38246857],[9.45936356,45.38185481],[9.45961363,45.38118771],[9.46005592,45.38060085],[9.46096048,45.38031816],[9.46206923,45.38001664],[9.46274314,45.37964487],[9.46297084,45.37897839],[9.46229805,45.37831448],[9.46155127,45.3775794],[9.46194316,45.37708273],[9.46342466,45.37707673],[9.46439262,45.37674876],[9.46465711,45.37645064],[9.46511395,45.37593571],[9.46592413,45.37505929],[9.46653478,45.37476876],[9.46697705,45.37468947],[9.46723217,45.37464439],[9.46746571,45.37460293],[9.46690872,45.37365107],[9.46677915,45.37342657],[9.46658368,45.3729503],[9.46661672,45.37286815],[9.46679933,45.37241428],[9.46683399,45.37232819],[9.46709958,45.37159608],[9.46710871,45.37157096],[9.46712979,45.37103079],[9.46727815,45.37043609],[9.46741387,45.36985946],[9.46740486,45.36981031],[9.46729352,45.36920287],[9.46717889,45.36891692],[9.46701973,45.3685199],[9.46654253,45.36794577],[9.46633957,45.36781982],[9.46572108,45.36743604],[9.46566077,45.367394],[9.46557087,45.36733138],[9.46541836,45.36722511],[9.46511746,45.36701543],[9.46404043,45.36647973],[9.46283641,45.36602556],[9.46222671,45.36642408],[9.46155463,45.36700288],[9.46127796,45.36752608],[9.46048628,45.36752928],[9.46006283,45.36727894],[9.45916339,45.36658946],[9.45784447,45.36613569],[9.45764291,45.36647856],[9.45717047,45.36648045],[9.45666159,45.36671651],[9.45621815,45.36715033],[9.45547636,45.36700929],[9.45518492,45.36728949],[9.45474945,45.3671292],[9.45381472,45.36680886],[9.45276493,45.36647099],[9.45197058,45.36624009],[9.45143464,45.36618821],[9.45082231,45.36626264],[9.45059461,45.36653357],[9.4510068,45.366982],[9.45197121,45.36732024],[9.45197042,45.36752279],[9.45197131,45.36763529],[9.45120398,45.36769234],[9.45084587,45.36762173],[9.45056452,45.36756885],[9.44984814,45.36740965],[9.44922154,45.36729509],[9.44771766,45.36767006],[9.44728678,45.36808581],[9.44737083,45.3690306],[9.44791363,45.3698476],[9.44852915,45.37016922],[9.45043237,45.37022475],[9.45126498,45.3705455],[9.45115484,45.37114903],[9.45067331,45.37161898],[9.45056101,45.37195248],[9.45002736,45.37229662],[9.44923312,45.37198472],[9.44882126,45.37158127],[9.44763136,45.3712979],[9.44672532,45.37138245],[9.44610993,45.37107883],[9.44524121,45.3710372],[9.44456581,45.37121986],[9.44419963,45.37175237],[9.44411792,45.37273381],[9.44420082,45.3735346],[9.44260449,45.3735408],[9.44228874,45.37399209],[9.44148354,45.3739142],[9.44007659,45.37364058],[9.44010995,45.37300137],[9.4401948,45.37241596],[9.44046897,45.37154179],[9.43965028,45.37136491],[9.43953983,45.37194141],[9.43946668,45.37239176],[9.43924197,45.37305872],[9.4382347,45.37326961],[9.43802124,45.37350247],[9.43791328,45.37464804],[9.43775693,45.37589983],[9.43676049,45.37586762],[9.43664769,45.3761471],[9.43537084,45.37618798],[9.43523932,45.37569341],[9.43452455,45.37575013],[9.43446711,45.37658748],[9.43404362,45.37799328],[9.43370602,45.3789397],[9.43291394,45.3789157],[9.43214724,45.37886459],[9.43185909,45.3796038],[9.43142602,45.37975844],[9.43000632,45.37950276],[9.427245,45.37917107],[9.42681555,45.37981176],[9.42589489,45.37967119],[9.42576919,45.37994169],[9.42537162,45.38142839],[9.42484204,45.38234848],[9.4241632,45.38209898],[9.42288395,45.38185416],[9.42158186,45.3819375],[9.42130461,45.3824426],[9.42110166,45.38263238],[9.41983649,45.38254702],[9.41851864,45.38224582],[9.41867918,45.38149812],[9.41828236,45.38138257],[9.41646747,45.38122716],[9.41616522,45.38181335],[9.41647408,45.38212727],[9.41708802,45.38224204],[9.41695149,45.38278262],[9.4164672,45.38292841],[9.41642012,45.38347766],[9.41587194,45.38362367],[9.41582659,45.38440695],[9.41581844,45.38503705],[9.41544888,45.38515542],[9.41422106,45.38494385],[9.41313533,45.38494778],[9.41207646,45.38513164],[9.41070006,45.38556864],[9.40989884,45.3860576],[9.40920013,45.38659117],[9.40856554,45.38716053],[9.40847832,45.38724465],[9.40756334,45.38812724],[9.40690457,45.3888947],[9.40637604,45.39001274],[9.40604849,45.39065299],[9.40539938,45.39098834],[9.40485071,45.3910803],[9.40471203,45.39134182],[9.40453635,45.39178351],[9.40413135,45.39231602],[9.40508226,45.39245189],[9.40534775,45.39217707],[9.40588092,45.3922288],[9.40611364,45.39261502],[9.40597885,45.39341661],[9.40636403,45.39368529],[9.40720915,45.39395231],[9.407316,45.39460001],[9.40767877,45.39530082],[9.40827099,45.39592879],[9.40804731,45.39680271],[9.40764611,45.39786628],[9.40750044,45.39892896],[9.40721032,45.39945206],[9.40697417,45.40037104],[9.40705594,45.40108184],[9.40667464,45.40314447],[9.40906641,45.40332901],[9.40918727,45.4027758],[9.4122309,45.40286352],[9.41242641,45.40339389],[9.41233029,45.40423135],[9.41252727,45.40502967],[9.41219124,45.40520919],[9.41173889,45.40553867],[9.41162931,45.40624116],[9.41109074,45.40681204],[9.41053581,45.40699219],[9.40973071,45.40698608],[9.40913229,45.40728526],[9.40775334,45.40744322],[9.40618006,45.40752033],[9.40607014,45.40794427],[9.40650466,45.40795172],[9.40756536,45.40795696],[9.40916253,45.40793324],[9.40968865,45.4082374],[9.41027614,45.40819028],[9.41116835,45.40787202],[9.41289201,45.40766778],[9.41424586,45.40757286],[9.41551106,45.40758628],[9.41579508,45.40798129],[9.41581486,45.40893535],[9.41563064,45.40995316],[9.4172417,45.41007331],[9.41710617,45.41075789],[9.41711034,45.41132495],[9.41725582,45.41199052],[9.41774065,45.41188072],[9.41788507,45.41240227],[9.41819158,45.41237414],[9.41825706,45.41258994],[9.41764307,45.41424839],[9.41896139,45.41451361],[9.41877842,45.41569344],[9.41983946,45.41572555],[9.41984028,45.41584698],[9.41984795,45.41698092],[9.42025966,45.41734873],[9.42059735,45.41764452],[9.42105875,45.41781384],[9.42130405,45.41814598],[9.4215879,45.41850498],[9.42249641,45.41864563],[9.42271561,45.41865907],[9.42275943,45.41866322],[9.42321181,45.418706],[9.42364899,45.41905542],[9.42405987,45.41930593],[9.42482653,45.41927608],[9.42551826,45.41948054],[9.42575237,45.42001974],[9.42541633,45.42058907],[9.42483778,45.42067123],[9.42326429,45.42090968],[9.42289071,45.4218126],[9.42288228,45.42228969],[9.42333054,45.42251306],[9.42426507,45.42270762],[9.42498352,45.42273627],[9.42534653,45.42203752],[9.42545649,45.42163935],[9.42593181,45.42156206],[9.42592091,45.42159447],[9.42597808,45.42204532],[9.42885982,45.42241925],[9.4292159,45.42136046],[9.42960702,45.42140904],[9.43019883,45.42038501],[9.43096117,45.42056642],[9.43116742,45.42058799],[9.43134982,45.42059847],[9.43157264,45.42071491],[9.43244444,45.42098022],[9.43264502,45.42101245],[9.4329302,45.42098903],[9.4332242,45.42108286],[9.43347837,45.42114892],[9.43411351,45.42128054],[9.43452586,45.42130132],[9.43482699,45.421289],[9.43522227,45.42115346],[9.43550787,45.42118587],[9.43568277,45.42125223],[9.43600062,45.42135154],[9.43630381,45.4216073],[9.43648119,45.42199756],[9.43636124,45.42289163],[9.43628654,45.42348392],[9.43683587,45.42358286],[9.4373413,45.42303185],[9.43746336,45.42228429],[9.43742091,45.42175338],[9.43668937,45.42136913]]]}}]}